"objectid","id","name","type_","agency","method","status","announce_date","sign_date","end_date","winner","tax_id","wins","winners_all","tax_ids_all","winner_count","budget","ref_price","agreed","contract","ratio_ref","score","level_","flag_count","flag_ids","flag_labels","n_bidders","min_gap","dbd_name_th","dbd_type","dbd_status","dbd_reg_year","dbd_capital","dbd_province","dbd_district","dbd_obj_text","dbd_obj_code","dbd_capital_ratio","dbd_age_at_win","dbd_geo_mismatch","province","region","project_province","province_src","geo_src","lat","lng","has_geo","has_r1","has_r2","has_r4","has_r6","has_r7","has_r8","has_r9","has_r10","has_r11","x","y"
"1","65077142598","ประกวดราคาซื้อเสาสายส่งไฟฟ้า (Monopole) 115 kV Single Circuit เป็นเสาเหล็กโคนใหญ่ปลายเรียว รูปร่างหน้าตัด 8 เหลี่ยม สูง 34 เมตร เพื่อใช้ในงานโครงการปรับปรุงสายส่งอากาศสถานีต้นทางเทพารักษ์ - นิคมอุตสาหกรรมบางปู จำนวน 255 ต้น ตามรหัสจัดหาเลขที่ EC5-0289-WGZ ด้วยวิธีประกวดราคาอิเล็กทรอนิกส์ (e-bidding)","ซื้อ","การไฟฟ้านครหลวง","ประกวดราคาอิเล็กทรอนิกส์ (e-bidding)","ระหว่างดำเนินการ","9/5/2023","25/12/2025","24/4/2026","บริษัท ดี.พี.เทรดดิ้ง จำกัด","105555056094","1","บริษัท ดี.พี.เทรดดิ้ง จำกัด","0105555056094","1","170000000.000000000000000","162345750.000000000000000","162242067.000000000000000","162242067.000000000000000","99.900000000000006","4","mid","2","R1|R9","ราคาตกลง ≥ 95% ของราคากลาง | ราคาผู้ชนะ vs อันดับ 2 < 5%","3","0.000000000000000","","","","","0.000000000000000","","","","","","","","กรุงเทพมหานคร","กทม","กรุงเทพมหานคร","hq","province","13.759234740000000","100.492773259999993","1","1","0","0","0","0","0","1","0","0","100.492773255444646","13.759234740958705"
"2","66069358417","ประกวดราคาจ้างก่อสร้างปรับปรุงอาคาร ๒ และผังบริเวณ การไฟฟ้าส่วนภูมิภาค สำนักงานใหญ่ เพื่อขอรับการประเมินและการรับรองมาตรฐาน LEED ด้วยวิธีประกวดราคาอิเล็กทรอนิกส์ (e-bidding)","จ้างก่อสร้าง","การไฟฟ้าส่วนภูมิภาค","ประกวดราคาอิเล็กทรอนิกส์ (e-bidding)","ระหว่างดำเนินการ","1/12/2023","23/12/2025","17/5/2027","บริษัท ตรีทัช เอ็นจิเนียริ่ง จำกัด","105547126241","1","บริษัท ตรีทัช เอ็นจิเนียริ่ง จำกัด","0105547126241","1","396121027.800000011920929","283584989.000000000000000","234400000.000000000000000","234400000.000000000000000","82.700000000000003","3","mid","2","R7|R9","ราคากลาง vs งบ > 20% | ราคาผู้ชนะ vs อันดับ 2 < 5%","4","2.300000000000000","","","","","0.000000000000000","","","","","","","","กรุงเทพมหานคร","กทม","จ.นนทบุรี","latlong","real","13.850913859999999","100.558108099999998","1","0","0","0","0","1","0","1","0","0","100.558108099757817","13.850913860148012"
"3","66099151621","ประกวดราคาจ้างก่อสร้างก่อสร้างอาคารอำนวยการผู้ป่วยนอกและอุบัติเหตุฉุกเฉิน เป็นอาคาร คสล. ๗ ชั้น พื้นที่ใช้สอย ๒๓,๗๖๕ ตารางเมตร โรงพยาบาลบึงกาฬ ตำบลบึงกาฬ อำเภอเมืองบึงกาฬ จังหวัดบึงกาฬ ๑ หลัง ด้วยวิธีประกวดราคาอิเล็กทรอนิกส์ (e-bidding)","จ้างก่อสร้าง","โรงพยาบาลบึงกาฬ","ประกวดราคาอิเล็กทรอนิกส์ (e-bidding)","ระหว่างดำเนินการ","20/9/2023","1/10/2025","18/10/2026","ห้างหุ้นส่วนจำกัด สกลนครไทยอีสาน","473534000168","1","ห้างหุ้นส่วนจำกัด สกลนครไทยอีสาน","0473534000168","1","444571538.600000023841858","445186153.699999988079071","377444000.000000000000000","377444000.000000000000000","84.799999999999997","0","low","0","","","","","","","","","0.000000000000000","","","","","","","","จ.บึงกาฬ","ภาค 4","จ.บึงกาฬ","latlong","real","18.363017960000001","103.652250799999990","1","0","0","0","0","0","0","0","0","0","103.652250799706394","18.363017959795425"
"4","67019030895","ประกวดราคาจ้างก่อสร้างรายการที่ 19. งานจ้างตกแต่งภายในระบบประกอบอาคารและงานภูมิสถาปัตยกรรม อาคารศูนย์บริการทางการแพทย์หริภุญไชย จ.ลำพูน  จำนวน 1 รายการ ด้วยวิธีประกวดราคาอิเล็กทรอนิกส์ (e-bidding)","จ้างก่อสร้าง","มหาวิทยาลัยเชียงใหม่","ประกวดราคาอิเล็กทรอนิกส์ (e-bidding)","ระหว่างดำเนินการ","4/12/2024","14/10/2025","10/10/2026","บริษัทจำกัด บริษัท เบสท์ ไดเรคชั่น ซิสเต็ม จำกัด(สัญญากิจการค้าร่วม)","105539114905","1","บริษัทจำกัด บริษัท เบสท์ ไดเรคชั่น ซิสเต็ม จำกัด(สัญญากิจการค้าร่วม) | บริษัทจำกัด บริษัท เอ็นพี เอ็นจิเนียริ่ง คอร์ปอเรชั่น จำกัด(สัญญากิจการค้าร่วม)","0105539114905 | 0525557001021","2","259255000.000000000000000","230372700.000000000000000","224900000.000000000000000","123226619.900000005960464","97.599999999999994","5","high","2","R1|R8","ราคาตกลง ≥ 95% ของราคากลาง | ยื่นรายเดียวใน Open Bid","1","","บริษัท เบสท์ ไดเรคชั่น ซิสเต็ม จำกัด","บริษัทจำกัด","ยังดำเนินกิจการอยู่","1996","70000000.000000000000000","กรุงเทพมหานคร","เขตสะพานสูง","กิจกรรมงานวิศวกรรมและการให้คำปรึกษาทางด้านเทคนิค ที่เกี่ยวข้อง","","1.760000000000000","28","1","จ.เชียงใหม่","ภาค 5","จ.ลำพูน","latlong","real","18.507330290000002","99.116364419999996","1","1","0","0","0","0","1","0","0","0","99.116364419865803","18.507330290118325"
"5","67029518958","ประกวดราคาจ้างก่อสร้างงานก่อสร้างวางท่อประปา และงานที่เกี่ยวข้อง สัญญา รทป.208(ส) ด้วยวิธีประกวดราคาอิเล็กทรอนิกส์ (e-bidding)","จ้างก่อสร้าง","การประปานครหลวง","ประกวดราคาอิเล็กทรอนิกส์ (e-bidding)","ระหว่างดำเนินการ","22/4/2024","20/11/2025","","บริษัท สยามคอนสตรัคชั่นกรุ๊ป จำกัด","105528006316","1","บริษัท สยามคอนสตรัคชั่นกรุ๊ป จำกัด","0105528006316","1","280717398.000000000000000","280717398.000000000000000","246400000.000000000000000","246400000.000000000000000","87.799999999999997","2","low","1","R9","ราคาผู้ชนะ vs อันดับ 2 < 5%","4","2.700000000000000","","","","","0.000000000000000","","","","","","","","กรุงเทพมหานคร","กทม","จ.สมุทรปราการ","latlong","real","13.753391610000000","100.770378100000002","1","0","0","0","0","0","0","1","0","0","100.770378099661812","13.753391609674734"
"6","67039385150","ประกวดราคาเช่ารถบรรทุกขนาด 1 ตัน แบบดับเบิ้ลแคบ พร้อมครอบหลังคากระบะท้ายเสมอตัวรถ เครื่องยนต์ดีเซลปริมาตรกระบอกสูบไม่ต่ำกว่า 2,400 ซีซี หรือกำลังเครื่องยนต์สูงสุดไม่ต่ำกว่า 110 กิโลวัตต์ ขับเคลื่อน 2 ล้อ เกียร์อัตโนมัติ จำนวน 207 คัน (ระยะเวลาเช่า 5 ปี)  เลขที่ กจพ2-ป(รช)-011.1-2567 ด้วยวิธีประกวดราคาอิเล็กทรอนิกส์ (e-bidding)","เช่า","การไฟฟ้าส่วนภูมิภาค","ประกวดราคาอิเล็กทรอนิกส์ (e-bidding)","ระหว่างดำเนินการ","17/3/2025","14/11/2025","14/11/2030","บริษัท ดีจริง ออโต้ จำกัด","405531000169","1","บริษัท ดีจริง ออโต้ จำกัด","0405531000169","1","212630400.000000000000000","212630400.000000000000000","171433260.000000000000000","171433260.000000000000000","80.599999999999994","0","low","0","","","4","17.800000000000001","","","","","0.000000000000000","","","","","","","","กรุงเทพมหานคร","กทม","กรุงเทพมหานคร","hq","province","13.723324509999999","100.517172599999995","1","0","0","0","0","0","0","0","0","0","100.517172600794197","13.723324508503177"
"7","67059534253","ประกวดราคาจ้างก่อสร้างก่อสร้างอาคารสนับสนุนบริการ 5 ชั้น เป็นอาคาร คสล.5 ชั้น พื้นที่ใช้สอยประมาณ 7,487 ตารางเมตร (โครงสร้างต้านแผ่นดินไหว) โรงพยาบาลบึงกาฬ ตำบลบึงกาฬ อำเภอเมืองบึงกาฬ จังหวัดบึงกาฬ 1 หลัง ด้วยวิธีประกวดราคาอิเล็กทรอนิกส์ (e-bidding)","จ้างก่อสร้าง","โรงพยาบาลบึงกาฬ","ประกวดราคาอิเล็กทรอนิกส์ (e-bidding)","ระหว่างดำเนินการ","10/7/2024","11/10/2025","5/3/2026","บริษัท วรรณรัช พัฒนา จำกัด","115540005821","1","บริษัท วรรณรัช พัฒนา จำกัด","0115540005821","1","144449100.000000000000000","144431540.699999988079071","140096333.000000000000000","140096333.000000000000000","97.000000000000000","3","mid","2","R1|R10","ราคาตกลง ≥ 95% ของราคากลาง | ทุนจดทะเบียนต่ำเทียบมูลค่าสัญญา","","","บริษัท วรรณรัช พัฒนา จำกัด","บริษัทจำกัด","ยังดำเนินกิจการอยู่","1997","20000000.000000000000000","สมุทรปราการ","เมืองสมุทรปราการ","การก่อสร้างอาคารที่ไม่ใช่ที่พักอาศัย","41002","7.000000000000000","27","1","จ.บึงกาฬ","ภาค 4","จ.บึงกาฬ","latlong","real","18.361108730000002","103.650201600000003","1","1","0","0","0","0","0","0","1","0","103.650201599711195","18.361108730402684"
"8","67069168713","ประกวดราคาจ้างก่อสร้างก่อสร้างอาคารแสดงนิทรรศการและการสอนนันทนาการ แขวงทุ่งมหาเมฆ เขตสาทร จังหวัดกรุงเทพมหานคร  จำนวน ๑ หลัง ด้วยวิธีประกวดราคาอิเล็กทรอนิกส์ (e-bidding)","จ้างก่อสร้าง","มหาวิทยาลัยเทคโนโลยีราชมงคลกรุงเทพ","ประกวดราคาอิเล็กทรอนิกส์ (e-bidding)","ระหว่างดำเนินการ","9/7/2024","30/3/2026","19/1/2028","กิจการร่วมค้าเครเดนซ์แอนด์โออาร์ซี","993000507550","1","กิจการร่วมค้าเครเดนซ์แอนด์โออาร์ซี","0993000507550","1","250412960.699999988079071","250412960.699999988079071","244000000.000000000000000","244000000.000000000000000","97.400000000000006","4","mid","2","R1|R9","ราคาตกลง ≥ 95% ของราคากลาง | ราคาผู้ชนะ vs อันดับ 2 < 5%","3","3.400000000000000","","","","","0.000000000000000","","","","","","","","กรุงเทพมหานคร","กทม","กรุงเทพมหานคร","latlong","real","13.717500719999999","100.541415399999991","1","1","0","0","0","0","0","1","0","0","100.541415400332454","13.717500720405418"
"9","67079254388","ประกวดราคาจ้างก่อสร้างโครงการก่อสร้างศูนย์การแพทย์โรงพยาบาลกลางและอาคารสำนักการแพทย์ ด้วยวิธีประกวดราคาอิเล็กทรอนิกส์ (e-bidding)","จ้างก่อสร้าง","กรุงเทพมหานคร","ประกวดราคาอิเล็กทรอนิกส์ (e-bidding)","ระหว่างดำเนินการ","8/7/2025","7/1/2026","26/5/2030","บริษัท อิตาเลียนไทย ดีเวล๊อปเมนต์ จำกัด (มหาชน)","107537000939","2","บริษัท อิตาเลียนไทย ดีเวล๊อปเมนต์ จำกัด (มหาชน)","0107537000939","1","4000000000.000000000000000","4000000000.000000000000000","3997800000.000000000000000","3997800000.000000000000000","99.900000000000006","4","mid","2","R1|R9","ราคาตกลง ≥ 95% ของราคากลาง | ราคาผู้ชนะ vs อันดับ 2 < 5%","2","0.000000000000000","บริษัท อิตาเลียนไทย ดีเวล๊อปเมนต์ จำกัด (มหาชน)","บริษัทมหาชนจำกัด","ยังดำเนินกิจการอยู่","1994","6337920861.000000000000000","กรุงเทพมหานคร","เขตห้วยขวาง","การก่อสร้างอาคารที่ไม่ใช่ที่พักอาศัย","41002","0.630000000000000","31","0","กรุงเทพมหานคร","กทม","กรุงเทพมหานคร","latlong","real","13.743704320000001","100.511961799999995","1","1","0","0","0","0","0","1","0","0","100.511961799919462","13.743704320091990"
"10","67079297717","ประกวดราคาจ้างโครงการจัดทำระบบการวางแผนทรัพยากรองค์กรของกรุงเทพมหานคร (BMA-ERP) (กิจกรรมที่ 1 จัดทำระบบการวางแผนทรัพยากรองค์กรของกรุงเทพมหานคร (BMA-ERP)) ด้วยวิธีประกวดราคาอิเล็กทรอนิกส์ (e-bidding)","จ้างทำของ/จ้างเหมาบริการ","กรุงเทพมหานคร","ประกวดราคาอิเล็กทรอนิกส์ (e-bidding)","ระหว่างดำเนินการ","7/3/2025","5/3/2026","23/2/2028","บริษัท ยูไนเต็ด อินฟอร์เมชั่น ไฮเวย์ จำกัด","105539053094","2","บริษัท ยูไนเต็ด อินฟอร์เมชั่น ไฮเวย์ จำกัด","0105539053094","1","200404800.000000000000000","222000000.000000000000000","164550000.000000000000000","164550000.000000000000000","74.099999999999994","0","low","0","","","3","12.400000000000000","บริษัท ยูไนเต็ด อินฟอร์เมชั่น ไฮเวย์ จำกัด","บริษัทจำกัด","ยังดำเนินกิจการอยู่","1996","600000000.000000000000000","กรุงเทพมหานคร","เขตจตุจักร","กิจกรรมการโทรคมนาคมด้านอื่นๆ","61900","0.270000000000000","29","0","กรุงเทพมหานคร","กทม","กรุงเทพมหานคร","text","province","13.776177700000000","100.549809539999998","1","0","0","0","0","0","0","0","0","0","100.549809535926684","13.776177701679323"
"11","67089075236","ประกวดราคาซื้อจัดซื้อพร้อมติดตั้งระบบติดตามอากาศยาน Monopulse Secondary Surveillance Radar (MSSR) Mode S ณ ท่าอากาศยานหัวหิน ด้วยวิธีประกวดราคาอิเล็กทรอนิกส์ (e-bidding)","ซื้อ","บริษัท วิทยุการบินแห่งประเทศไทย จำกัด","ประกวดราคาอิเล็กทรอนิกส์ (e-bidding)","ระหว่างดำเนินการ","21/4/2025","22/10/2025","17/10/2026","บริษัท ฟอร์ท คอร์ปอเรชั่น จำกัด (มหาชน)","107548000471","4","บริษัท ฟอร์ท คอร์ปอเรชั่น จำกัด (มหาชน)","0107548000471","1","99180000.000000000000000","139956000.000000000000000","108799740.000000000000000","108799740.000000000000000","77.700000000000003","1","low","1","R7","ราคากลาง vs งบ > 20%","","","บริษัท ฟอร์ท คอร์ปอเรชั่น จำกัด (มหาชน)","บริษัทมหาชนจำกัด","ยังดำเนินกิจการอยู่","2005","467687350.000000000000000","กรุงเทพมหานคร","เขตพญาไท","การผลิตส่วนประกอบอิเล็กทรอนิกส์อื่นๆซึ่งมิได้จัดประเภทไว้ในที่อื่น","","0.230000000000000","20","0","กรุงเทพมหานคร","กทม","กรุงเทพมหานคร","hq","province","13.709693320000000","100.513423830000008","1","0","0","0","0","1","0","0","0","0","100.513423834095505","13.709693315966117"
"12","67089189025","ประกวดราคาจ้างงานจ้างจัดหา พัฒนา และติดตั้งระบบบริหารไฟฟ้าขัดข้อง (Outage Management System OMS) ด้วยวิธีประกวดราคาอิเล็กทรอนิกส์ (e-bidding)","จ้างทำของ/จ้างเหมาบริการ","การไฟฟ้าส่วนภูมิภาค","ประกวดราคาอิเล็กทรอนิกส์ (e-bidding)","ระหว่างดำเนินการ","10/3/2025","19/3/2026","30/11/2032","บริษัทมหาชนจำกัด บริษัท ฟอร์ท คอร์ปอเรชั่น จำกัด (มหาชน)(สัญญากิจการค้าร่วม)","107548000471","4","บริษัทมหาชนจำกัด บริษัท ฟอร์ท คอร์ปอเรชั่น จำกัด (มหาชน)(สัญญากิจการค้าร่วม) | บริษัทจำกัด บริษัท พรีไซซ ซิสเท็ม แอนด์ โปรเจ็ค จำกัด(สัญญากิจการค้าร่วม)","0107548000471 | 0125533000703","2","1018849720.000000000000000","1018849720.000000000000000","1013718000.000000000000000","496721820.000000000000000","99.500000000000000","2","low","1","R1","ราคาตกลง ≥ 95% ของราคากลาง","2","15.800000000000001","บริษัท ฟอร์ท คอร์ปอเรชั่น จำกัด (มหาชน)","บริษัทมหาชนจำกัด","ยังดำเนินกิจการอยู่","2005","467687350.000000000000000","กรุงเทพมหานคร","เขตพญาไท","การผลิตส่วนประกอบอิเล็กทรอนิกส์อื่นๆซึ่งมิได้จัดประเภทไว้ในที่อื่น","","1.060000000000000","20","0","กรุงเทพมหานคร","กทม","กรุงเทพมหานคร","hq","province","13.709605390000000","100.511545119999994","1","1","0","0","0","0","0","0","0","0","100.511545117273243","13.709605386648686"
"13","67089656045","ประกวดราคาจ้างทำสายเคเบิลอากาศอลูมิเนียม 22 เควี 1x50 ตร.มม. จำนวน 3,924 กม. และ 1x185 ตร.มม. จำนวน 3,334 กม. เลขที่ กจพ2-สฟ-003-2568 ด้วยวิธีประกวดราคาอิเล็กทรอนิกส์ (e-bidding)","จ้างทำของ/จ้างเหมาบริการ","การไฟฟ้าส่วนภูมิภาค","ประกวดราคาอิเล็กทรอนิกส์ (e-bidding)","ระหว่างดำเนินการ","7/1/2025","24/12/2025","22/6/2026","บริษัท สายไฟฟ้าบางกอกเคเบิ้ล จำกัด","105517002853","2","บริษัท สายไฟฟ้าบางกอกเคเบิ้ล จำกัด","0105517002853","1","571861714.000000000000000","561455471.799999952316284","235021113.000000000000000","235021113.000000000000000","41.899999999999999","2","low","1","R9","ราคาผู้ชนะ vs อันดับ 2 < 5%","6","0.300000000000000","บริษัท สายไฟฟ้าบางกอกเคเบิ้ล จำกัด","บริษัทจำกัด","ยังดำเนินกิจการอยู่","1974","1300000000.000000000000000","กรุงเทพมหานคร","เขตปทุมวัน","การผลิตสายไฟฟ้าและเคเบิลสำหรับงานไฟฟ้าและอิเล็กทรอนิกส์ อื่นๆ","","0.180000000000000","51","0","กรุงเทพมหานคร","กทม","กรุงเทพมหานคร","hq","province","13.710372260000000","100.502471649999990","1","0","0","0","0","0","0","1","0","0","100.502471652304948","13.710372263447539"
"14","67099012345","ประกวดราคาจ้างจัดหาเอกชนเข้าลงทุนโครงการบริหารจัดการขยะมูลฝอยชุมชนโดยการแปรรูปเป็นพลังงานไฟฟ้าแบบปิดที่เป็นมิตรต่อสิ่งแวดล้อมของเทศบาลตำบลสันทรายงาม จังหวัดเชียงราย ด้วยวิธีประกวดราคาอิเล็กทรอนิกส์ (e-bidding)","จ้างทำของ/จ้างเหมาบริการ","เทศบาลตำบลสันทรายงาม","ประกวดราคาอิเล็กทรอนิกส์ (e-bidding)","ระหว่างดำเนินการ","19/9/2024","3/10/2025","31/3/2029","บริษัท ทีพีไอ โพลีน เพาเวอร์ จำกัด (มหาชน)","107559000184","1","บริษัท ทีพีไอ โพลีน เพาเวอร์ จำกัด (มหาชน)","0107559000184","1","2195000000.000000000000000","2195000000.000000000000000","2195000000.000000000000000","2195000000.000000000000000","100.000000000000000","5","high","2","R1|R8","ราคาตกลง ≥ 95% ของราคากลาง | ยื่นรายเดียวใน Open Bid","1","","บริษัท ทีพีไอ โพลีน เพาเวอร์ จำกัด (มหาชน)","บริษัทมหาชนจำกัด","ยังดำเนินกิจการอยู่","2016","8400000000.000000000000000","กรุงเทพมหานคร","เขตสาทร","การจ่ายไฟฟ้า","","0.260000000000000","8","1","จ.เชียงราย","ภาค 5","จ.เชียงราย","text","province","19.939058960000001","99.810288119999996","1","1","0","0","0","0","1","0","0","0","99.810288124955790","19.939058955035659"
"15","67099117405","เช่าใช้บริการโครงสร้างพื้นฐานเทคโนโลยีสารสนเทศและการสื่อสาร สำหรับให้บริการระบบกองทุนฯ แบบดิจิทัล (DSL) ระยะเวลา 6 เดือน  โดยวิธีเฉพาะเจาะจง","เช่า","กองทุนเงินให้กู้ยืมเพื่อการศึกษา","เฉพาะเจาะจง","ระหว่างดำเนินการ","","22/10/2025","22/4/2025","บริษัท ธนาคารกรุงไทย จำกัด (มหาชน)","107537000882","2","บริษัท ธนาคารกรุงไทย จำกัด (มหาชน)","0107537000882","1","111887847.700000002980232","111887847.700000002980232","111887847.700000002980232","111887847.700000002980232","100.000000000000000","5","high","2","R1|R4","ราคาตกลง ≥ 95% ของราคากลาง | ใช้วิธีเฉพาะเจาะจง","1","","บริษัท ธนาคารกรุงไทย จำกัด (มหาชน)","บริษัทมหาชนจำกัด","ยังดำเนินกิจการอยู่","1994","72005040437.499984741210938","กรุงเทพมหานคร","เขตวัฒนา","ธนาคารพาณิชย์","64191","0.000000000000000","","0","กรุงเทพมหานคร","กทม","กรุงเทพมหานคร","hq","province","13.790153030000001","100.502475539999992","1","1","0","1","0","0","0","0","0","0","100.502475538416888","13.790153027616173"
"16","67099467448","ประกวดราคาจ้างก่อสร้างอาคารผู้ป่วยนอก อุบัติเหตุฉุกเฉิน บำบัดรักษาและสำนักงานเป็นอาคาร คสล 4 ชั้น พื้นที่ใช้สอยประมาณ 11,600 ตารางเมตร โรงพยาบาลพังโคน ตำบลพังโคน อำเภอพังโคน จังหวัดสกลนคร ด้วยวิธีประกวดราคาอิเล็กทรอนิกส์ (e-bidding)","จ้างก่อสร้าง","สำนักงานปลัดกระทรวงสาธารณสุข","ประกวดราคาอิเล็กทรอนิกส์ (e-bidding)","ระหว่างดำเนินการ","25/9/2024","14/1/2026","29/12/2028","กิจการร่วมค้า เอ็ม.อี.ซี.ไทยอีสาน","993000491157","1","กิจการร่วมค้า เอ็ม.อี.ซี.ไทยอีสาน","0993000491157","1","324800000.000000000000000","336640800.000000000000000","283200000.000000000000000","283200000.000000000000000","84.099999999999994","2","low","1","R9","ราคาผู้ชนะ vs อันดับ 2 < 5%","6","0.300000000000000","","","","","0.000000000000000","","","","","","","","จ.สกลนคร","ภาค 4","จ.สกลนคร","latlong","real","17.393879530000000","103.705304899999987","1","0","0","0","0","0","0","1","0","0","103.705304899737897","17.393879529702495"
"17","67099642340","ประกวดราคาจ้างก่อสร้างโครงการก่อสร้างปรับปรุงขยาย การประปาส่วนภูมิภาคสาขาพังงา-ภูเก็ต ระยะที่ 1 อำเภอเมือง-ตะกั่วทุ่ง จังหวัดพังงา อำเภอถลาง จังหวัดภูเก็ต ด้วยวิธีประกวดราคาอิเล็กทรอนิกส์ (e-bidding)","จ้างก่อสร้าง","การประปาส่วนภูมิภาค","ประกวดราคาอิเล็กทรอนิกส์ (e-bidding)","ระหว่างดำเนินการ","16/7/2025","20/11/2025","23/4/2028","บริษัท วงษ์สยามก่อสร้าง จำกัด","105519003571","3","บริษัท วงษ์สยามก่อสร้าง จำกัด","0105519003571","1","3498760900.000000000000000","3498752340.000000000000000","3250900000.000000000000000","3250900000.000000000000000","92.900000000000006","2","low","1","R9","ราคาผู้ชนะ vs อันดับ 2 < 5%","4","0.400000000000000","","","","","0.000000000000000","","","","","","","","กรุงเทพมหานคร","กทม","จ.พังงา","latlong","real","8.432662700000002","98.530366029999996","1","0","0","0","0","0","0","1","0","0","98.530366029690441","8.432662698934958"
"18","67109385227","ประกวดราคาเช่ารถ Double Cab จำนวน 5 รายการ (ระยะเวลาเช่า 5 ปี) เลขที่ กจพ2-รช-006-2568 ด้วยวิธีประกวดราคาอิเล็กทรอนิกส์ (e-bidding)","เช่า","การไฟฟ้าส่วนภูมิภาค","ประกวดราคาอิเล็กทรอนิกส์ (e-bidding)","ระหว่างดำเนินการ","12/6/2025","13/11/2025","13/11/2030","บริษัท ไทย เพรสทิจ เร้นท์ เอ คาร์ จำกัด","105531073223","1","บริษัท ไทย เพรสทิจ เร้นท์ เอ คาร์ จำกัด | บริษัท รักษาความปลอดภัย เอ็ม พร็อพเพอร์ตี้ เซอร์วิส  จำกัด","0105531073223 | 0105544006171","2","437651400.000000000000000","411499170.399999976158142","411404835.000000000000000","409054087.800000011920929","100.000000000000000","4","mid","2","R1|R9","ราคาตกลง ≥ 95% ของราคากลาง | ราคาผู้ชนะ vs อันดับ 2 < 5%","3","0.100000000000000","","","","","0.000000000000000","","","","","","","","กรุงเทพมหานคร","กทม","กรุงเทพมหานคร","hq","province","13.780085370000000","100.490232660000004","1","1","0","0","0","0","0","1","0","0","100.490232663514320","13.780085372637464"
"19","67109416248","ประกวดราคาจ้างก่อสร้างอาคารอุบัติเหตุ-บำบัดรักษาและห้องประชุม เป็นอาคาร คสล.6 ชั้น พื้นที่ใช้สอยประมาณ 9,683 ตารางเมตร โรงพยาบาลพิมาย ตำบลในเมือง อำเภอพิมาย จังหวัดนครราชสีมา 1 หลัง ด้วยวิธีประกวดราคาอิเล็กทรอนิกส์ (e-bidding)","จ้างก่อสร้าง","โรงพยาบาลพิมาย","ประกวดราคาอิเล็กทรอนิกส์ (e-bidding)","ระหว่างดำเนินการ","1/4/2025","4/12/2025","3/3/2028","กิจการร่วมค้า LECC","993000525191","1","กิจการร่วมค้า LECC","0993000525191","1","239328800.000000000000000","238846466.000000000000000","209888000.000000000000000","209888000.000000000000000","87.900000000000006","0","low","0","","","2","8.699999999999999","","","","","0.000000000000000","","","","","","","","จ.นครราชสีมา","ภาค 3","จ.นครราชสีมา","latlong","real","15.231810820000000","102.493257499999999","1","0","0","0","0","0","0","0","0","0","102.493257499605932","15.231810819856696"
"20","67119227300","ประกวดราคาจ้างก่อสร้างอาคารอุบัติเหตุ-บำบัดรักษาและห้องประชุมเป็นอาคาร คสล. ๖ ชั้น พื้นที่ใช้สอยประมาณ ๙,๖๘๓ ตารางเมตร โรงพยาบาลชัยบาดาล ตำบลลำนารายณ์ อำเภอชัยบาดาล จังหวัดลพบุรี ๑ หลัง ด้วยวิธีประกวดราคาอิเล็กทรอนิกส์ (e-bidding)","จ้างก่อสร้าง","โรงพยาบาลชัยบาดาล","ประกวดราคาอิเล็กทรอนิกส์ (e-bidding)","ระหว่างดำเนินการ","8/5/2025","15/1/2026","27/9/2027","บริษัท จักรราช คอนสตรัคชั่น จำกัด","305562007981","1","บริษัท จักรราช คอนสตรัคชั่น จำกัด","0305562007981","1","217960100.000000000000000","217570500.000000000000000","207100000.000000000000000","207100000.000000000000000","95.200000000000003","4","mid","2","R1|R9","ราคาตกลง ≥ 95% ของราคากลาง | ราคาผู้ชนะ vs อันดับ 2 < 5%","4","4.600000000000000","บริษัท จักรราช คอนสตรัคชั่น จำกัด","บริษัทจำกัด","ยังดำเนินกิจการอยู่","2019","60000000.000000000000000","นครราชสีมา","ปากช่อง","กิจกรรมบริการทางการเงินอื่นๆ (ยกเว้นกิจกรรมการประกันภัย และกองทุนบำเหน็จบำนาญ) ซึ่งมิได้จัดประเภทไว้ในที่อื่น","","3.450000000000000","6","1","จ.ลพบุรี","ภาค 1","จ.ลพบุรี","latlong","real","15.215536940000000","101.145801499999990","1","1","0","0","0","0","0","1","0","0","101.145801500381552","15.215536939706409"
"21","67119325804","ประกวดราคาจ้างติดตั้งสายใยแก้วนำแสง รองรับงาน SCADA/DMS ด้วยวิธีประกวดราคาอิเล็กทรอนิกส์ (e-bidding)","จ้างทำของ/จ้างเหมาบริการ","การไฟฟ้านครหลวง","ประกวดราคาอิเล็กทรอนิกส์ (e-bidding)","ระหว่างดำเนินการ","7/11/2025","27/2/2026","18/2/2028","บริษัทจำกัด บริษัท ล็อกซเล่ย์ ซิสเต็ม อินทิเกรเตอร์ จำกัด(สัญญากิจการค้าร่วม)","105559056196","1","บริษัทจำกัด บริษัท ล็อกซเล่ย์ ซิสเต็ม อินทิเกรเตอร์ จำกัด(สัญญากิจการค้าร่วม) | บริษัทมหาชนจำกัด บริษัท เอเอ็มอาร์ เอเซีย  จำกัด (มหาชน)(สัญญากิจการค้าร่วม)","0105559056196 | 0107564000090","2","124120000.000000000000000","124046170.000000000000000","123585000.000000000000000","61668915.000000000000000","99.599999999999994","4","mid","2","R1|R9","ราคาตกลง ≥ 95% ของราคากลาง | ราคาผู้ชนะ vs อันดับ 2 < 5%","3","0.300000000000000","บริษัท ล็อกซเล่ย์ ซิสเต็ม อินทิเกรเตอร์ จำกัด","บริษัทจำกัด","ยังดำเนินกิจการอยู่","2016","100000000.000000000000000","กรุงเทพมหานคร","เขตคลองเตย","การซ่อมอุปกรณ์สื่อสาร","","0.620000000000000","9","0","กรุงเทพมหานคร","กทม","กรุงเทพมหานคร","hq","province","13.741016179999999","100.564450730000004","1","1","0","0","0","0","0","1","0","0","100.564450725788262","13.741016183636354"
"22","67129078998","ประกวดราคาจ้างก่อสร้างงานวางท่อเพื่อรองรับศูนย์ราชการลำพูน (แห่งใหม่) พร้อมจ่ายน้ำในพื้นที่ใกล้เคียง ตำบลศรีบัวบาน อำเภอเมืองลำพูน จังหวัดลำพูน การประปาส่วนภูมิภาคสาขาลำพูน ด้วยวิธีประกวดราคาอิเล็กทรอนิกส์ (e-bidding)","จ้างก่อสร้าง","การประปาส่วนภูมิภาค","ประกวดราคาอิเล็กทรอนิกส์ (e-bidding)","ระหว่างดำเนินการ","26/6/2025","6/11/2025","14/2/2027","บริษัท ส.นภา (ประเทศไทย) จำกัด","105530022561","2","บริษัท ส.นภา (ประเทศไทย) จำกัด","0105530022561","1","254392500.000000000000000","238032200.000000000000000","237300000.000000000000000","237300000.000000000000000","99.700000000000003","2","low","1","R1","ราคาตกลง ≥ 95% ของราคากลาง","6","7.400000000000000","","","","","0.000000000000000","","","","","","","","กรุงเทพมหานคร","กทม","จ.ลำพูน","latlong","real","18.511603790000002","99.111750239999992","1","1","0","0","0","0","0","0","0","0","99.111750239578612","18.511603790318308"
"603","69019368652","ประกวดราคาจ้างก่อสร้างอาคารที่พักอาศัย (แฟลต) 8 ชั้น 68 ครอบครัว สภ.เมืองระยอง พร้อมส่วนประกอบ จำนวน 1 หลัง ด้วยวิธีประกวดราคาอิเล็กทรอนิกส์ (e-bidding)","จ้าง","สำนักงานตำรวจแห่งชาติ","ประกวดราคาอิเล็กทรอนิกส์ (e-bidding)","ระหว่างดำเนินการ","5/2/2026","29/4/2026","20/12/2027","บริษัท พรหมโยธาการ ระยอง (1993) จำกัด","215536001114","1","บริษัท พรหมโยธาการ ระยอง (1993) จำกัด","0215536001114","1","112900000.000000000000000","113035024.829999998211861","111956000.000000000000000","111956000.000000000000000","99.000000000000000","2","low","1","R1","ราคาตกลง ≥ 95% ของราคากลาง","","","","","","","","","","","","","","","จ.ระยอง","ภาค 2","","","real","12.667738920000000","101.287255880000004","1","1","0","0","0","0","0","0","0","0","101.287255883506973","12.667738921949153"
"23","67129082707","ประกวดราคาซื้อโครงการความร่วมมือระหว่างกระทรวงมหาดไทย โดยกรมป้องกันและบรรเทาสาธารณภัยกับกองทัพบก ในการจัดหาอากาศยานปีกหมุน (Helicopter) เพิ่มประสิทธิภาพในการแก้ไขปัญหาสาธารณภัย (ระยะที่ 3) จำนวน 1 ลำ ครั้งที่ 2 ด้วยวิธีประกวดราคาอิเล็กทรอนิกส์ (e-bidding)","ซื้อ","กรมป้องกันและบรรเทาสาธารณภัย","ประกวดราคาอิเล็กทรอนิกส์ (e-bidding)","ระหว่างดำเนินการ","21/4/2025","17/11/2025","10/7/2027","บริษัท ดาต้าเกท  จำกัด","105543065620","2","บริษัท ดาต้าเกท  จำกัด","0105543065620","1","949000000.000000000000000","949000000.000000000000000","949000000.000000000000000","949000000.000000000000000","100.000000000000000","5","high","2","R1|R8","ราคาตกลง ≥ 95% ของราคากลาง | ยื่นรายเดียวใน Open Bid","1","","บริษัท ดาต้าเกท  จำกัด","บริษัทจำกัด","ยังดำเนินกิจการอยู่","2000","500000000.000000000000000","กรุงเทพมหานคร","เขตดุสิต","การผลิตหัวรถจักรและตู้สำหรับขนส่งทางรถไฟหรือรถราง","","1.900000000000000","25","0","กรุงเทพมหานคร","กทม","กรุงเทพมหานคร","hq","province","13.747267680000000","100.514905979999995","1","1","0","0","0","0","1","0","0","0","100.514905975262565","13.747267677300256"
"24","67129124248","ประกวดราคาจ้างก่อสร้างอาคารบำบัดรักษา ๖ ชั้น เป็นอาคาร คสล.๖ ชั้น พื้นที่ใช้สอยประมาณ ๑๐,๔๔๐ ตารางเมตร (โครงสร้างต้านแผ่นดินไหว) โรงพยาบาลสุโขทัย ตำบลบ้านกล้วย อำเภอเมืองสุโขทัย จังหวัดสุโขทัย ๑ หลัง ด้วยวิธีประกวดราคาอิเล็กทรอนิกส์ (e-bidding)","จ้างก่อสร้าง","โรงพยาบาลสุโขทัย","ประกวดราคาอิเล็กทรอนิกส์ (e-bidding)","ระหว่างดำเนินการ","30/4/2025","14/11/2025","12/5/2028","บริษัท ซีเอ็นเอ็น การโยธา  จำกัด","675545000245","2","บริษัท ซีเอ็นเอ็น การโยธา  จำกัด","0675545000245","1","296414500.000000000000000","295823300.000000000000000","263285000.000000000000000","263285000.000000000000000","89.000000000000000","3","mid","2","R9|R10","ราคาผู้ชนะ vs อันดับ 2 < 5% | ทุนจดทะเบียนต่ำเทียบมูลค่าสัญญา","3","4.400000000000000","บริษัท ซีเอ็นเอ็น การโยธา จำกัด","บริษัทจำกัด","ยังดำเนินกิจการอยู่","2002","8000000.000000000000000","เพชรบูรณ์","เมืองเพชรบูรณ์","การก่อสร้างอาคารที่ไม่ใช่ที่พักอาศัย","","32.909999999999997","23","1","จ.สุโขทัย","ภาค 6","จ.สุโขทัย","latlong","real","17.012066770000001","99.796553849999995","1","0","0","0","0","0","0","1","1","0","99.796553849950556","17.012066769848566"
"25","67129198131","ประกวดราคาจ้างจัดหาและพัฒนา Big Data Platform ด้วยวิธีประกวดราคาอิเล็กทรอนิกส์ (e-bidding)","จ้างทำของ/จ้างเหมาบริการ","การไฟฟ้าส่วนภูมิภาค","ประกวดราคาอิเล็กทรอนิกส์ (e-bidding)","ระหว่างดำเนินการ","10/6/2025","19/12/2025","12/3/2032","บริษัทมหาชนจำกัด บริษัท เทิร์นคีย์ คอมมูนิเคชั่น เซอร์วิส จำกัด (มหาชน)(สัญญากิจการค้าร่วม)","107564000219","4","บริษัทมหาชนจำกัด บริษัท เทิร์นคีย์ คอมมูนิเคชั่น เซอร์วิส จำกัด (มหาชน)(สัญญากิจการค้าร่วม) | บริษัทจำกัด บริษัท ซูเปอร์ ไอซีที  จำกัด(สัญญากิจการค้าร่วม)","0107564000219 | 0125564001965","2","128400000.000000000000000","116324186.400000005960464","115977300.000000000000000","86982975.000000000000000","99.700000000000003","4","mid","2","R1|R9","ราคาตกลง ≥ 95% ของราคากลาง | ราคาผู้ชนะ vs อันดับ 2 < 5%","2","0.200000000000000","บริษัท เทิร์นคีย์ คอมมูนิเคชั่น เซอร์วิส จำกัด (มหาชน)","บริษัทมหาชนจำกัด","ยังดำเนินกิจการอยู่","2021","400000000.000000000000000","กรุงเทพมหานคร","เขตหลักสี่","กิจกรรมงานวิศวกรรมและการให้คำปรึกษาทางด้านเทคนิค ที่เกี่ยวข้อง","","0.220000000000000","4","0","กรุงเทพมหานคร","กทม","กรุงเทพมหานคร","hq","province","13.746393030000000","100.512524679999999","1","1","0","0","0","0","0","1","0","0","100.512524676191646","13.746393028657748"
"26","67129280905","ประกวดราคาจ้างก่อสร้างทางแนวใหม่ สาย บ.เมืองใหม่ - สามแยกเข้าสนามบิน ด้วยวิธีประกวดราคาอิเล็กทรอนิกส์ (e-bidding)","จ้างก่อสร้าง","กรมทางหลวง","ประกวดราคาอิเล็กทรอนิกส์ (e-bidding)","ระหว่างดำเนินการ","23/4/2025","20/2/2026","4/2/2029","บริษัทจำกัด บริษัท ธาราวัญ คอนสตรัคชั่น จำกัด(สัญญากิจการค้าร่วม)","105539089307","1","บริษัทจำกัด บริษัท ธาราวัญ คอนสตรัคชั่น จำกัด(สัญญากิจการค้าร่วม) | บริษัทจำกัด บริษัท ชอกมลรัตน์ จำกัด(สัญญากิจการค้าร่วม) | บริษัทจำกัด บริษัท สุนิสาจุฬารัตน์การโยธา จำกัด(สัญญากิจการค้าร่วม)","0105539089307 | 0535560000111 | 0535561000107","3","1300000000.000000000000000","1299892583.000000000000000","1299500000.000000000000000","670542000.000000000000000","100.000000000000000","4","mid","2","R1|R9","ราคาตกลง ≥ 95% ของราคากลาง | ราคาผู้ชนะ vs อันดับ 2 < 5%","2","1.200000000000000","บริษัท ธาราวัญ คอนสตรัคชั่น จำกัด","บริษัทจำกัด","ยังดำเนินกิจการอยู่","1996","450000000.000000000000000","สมุทรปราการ","บางพลี","การก่อสร้างอาคารที่ไม่ใช่ที่พักอาศัย","41002","1.490000000000000","29","1","กรุงเทพมหานคร","กทม","จ.ภูเก็ต","latlong","real","8.088441480000000","98.350328210000001","1","1","0","0","0","0","0","1","0","0","98.350328210103044","8.088441476004180"
"27","67129443053","ประกวดราคาจ้างก่อสร้างทางหลวงพิเศษระหว่างเมืองหมายเลข 9 สายถนนวงแหวนรอบนอกกรุงเทพมหานครด้านตะวันตก ช่วงบางบัวทอง - บางปะอิน ส่วนที่ 1 บางบัวทอง - ลาดหลุมแก้ว ในส่วนของงานโยธา ตอน 1 ด้วยวิธีประกวดราคาอิเล็กทรอนิกส์ (e-bidding)","จ้างก่อสร้าง","กรมทางหลวง","ประกวดราคาอิเล็กทรอนิกส์ (e-bidding)","ระหว่างดำเนินการ","23/4/2025","3/2/2026","18/1/2029","บริษัท สี่แสงการโยธา(1979) จำกัด","105522016581","1","บริษัท สี่แสงการโยธา(1979) จำกัด","0105522016581","1","720000000.000000000000000","718895272.200000166893005","717957400.000000000000000","717957400.000000000000000","99.900000000000006","4","mid","2","R1|R9","ราคาตกลง ≥ 95% ของราคากลาง | ราคาผู้ชนะ vs อันดับ 2 < 5%","3","0.100000000000000","","","","","0.000000000000000","","","","","","","","กรุงเทพมหานคร","กทม","จ.ปทุมธานี","latlong","real","13.956425680000001","100.426497499999996","1","1","0","0","0","0","0","1","0","0","100.426497500431552","13.956425679793801"
"28","67129455984","ประกวดราคาจ้างก่อสร้างทางหลวงพิเศษระหว่างเมืองหมายเลข 9 สายถนนวงแหวนรอบนอกกรุงเทพมหานครด้านตะวันตก ช่วงบางบัวทอง - บางปะอิน ส่วนที่ 1 บางบัวทอง - ลาดหลุมแก้ว ในส่วนของงานโยธา ตอน 2 ด้วยวิธีประกวดราคาอิเล็กทรอนิกส์ (e-bidding)","จ้างก่อสร้าง","กรมทางหลวง","ประกวดราคาอิเล็กทรอนิกส์ (e-bidding)","ระหว่างดำเนินการ","23/4/2025","30/1/2026","14/1/2029","บริษัท ซีวิลเอนจีเนียริง จำกัด (มหาชน)","107563000169","3","บริษัท ซีวิลเอนจีเนียริง จำกัด (มหาชน)","0107563000169","1","770000000.000000000000000","732849975.399999976158142","731750000.000000000000000","731750000.000000000000000","99.799999999999997","4","mid","2","R1|R9","ราคาตกลง ≥ 95% ของราคากลาง | ราคาผู้ชนะ vs อันดับ 2 < 5%","4","0.100000000000000","","","","","0.000000000000000","","","","","","","","กรุงเทพมหานคร","กทม","จ.ปทุมธานี","latlong","real","13.979349410000001","100.438674699999993","1","1","0","0","0","0","0","1","0","0","100.438674700401990","13.979349410196459"
"29","67129456361","ประกวดราคาจ้างก่อสร้างทางหลวงพิเศษระหว่างเมืองหมายเลข 9 สายถนนวงแหวนรอบนอกกรุงเทพมหานครด้านตะวันตก ช่วงบางบัวทอง - บางปะอิน ส่วนที่ 1 บางบัวทอง - ลาดหลุมแก้ว ในส่วนของงานโยธา ตอน 3 ด้วยวิธีประกวดราคาอิเล็กทรอนิกส์ (e-bidding)","จ้างก่อสร้าง","กรมทางหลวง","ประกวดราคาอิเล็กทรอนิกส์ (e-bidding)","ระหว่างดำเนินการ","23/4/2025","30/1/2026","14/1/2029","บริษัท ซีวิลเอนจีเนียริง จำกัด (มหาชน)","107563000169","3","บริษัท ซีวิลเอนจีเนียริง จำกัด (มหาชน)","0107563000169","1","770000000.000000000000000","690730320.500000000000000","689650000.000000000000000","689650000.000000000000000","99.799999999999997","4","mid","2","R1|R9","ราคาตกลง ≥ 95% ของราคากลาง | ราคาผู้ชนะ vs อันดับ 2 < 5%","4","0.100000000000000","","","","","0.000000000000000","","","","","","","","กรุงเทพมหานคร","กทม","จ.ปทุมธานี","latlong","real","13.997682590000000","100.448534499999994","1","1","0","0","0","0","0","1","0","0","100.448534500264358","13.997682589877771"
"30","67129492276","ประกวดราคาจ้างก่อสร้างทางหลวงพิเศษระหว่างเมืองหมายเลข 9 สายถนนวงแหวนรอบนอกกรุงเทพมหานครด้านตะวันตก ช่วงบางบัวทอง - บางปะอิน ส่วนที่ 1 บางบัวทอง - ลาดหลุมแก้ว ในส่วนของงานโยธา ตอน 4 ด้วยวิธีประกวดราคาอิเล็กทรอนิกส์ (e-bidding)","จ้างก่อสร้าง","กรมทางหลวง","ประกวดราคาอิเล็กทรอนิกส์ (e-bidding)","ระหว่างดำเนินการ","23/4/2025","6/2/2026","21/1/2029","บริษัท กรีนไลท์ อินเตอร์เนชั่นแนล จำกัด","105534060360","1","บริษัท กรีนไลท์ อินเตอร์เนชั่นแนล จำกัด","0105534060360","1","650000000.000000000000000","645154889.000000000000000","645000000.000000000000000","645000000.000000000000000","100.000000000000000","4","mid","2","R1|R9","ราคาตกลง ≥ 95% ของราคากลาง | ราคาผู้ชนะ vs อันดับ 2 < 5%","3","0.000000000000000","","","","","0.000000000000000","","","","","","","","กรุงเทพมหานคร","กทม","จ.ปทุมธานี","latlong","real","14.006713300000001","100.452233300000003","1","1","0","0","0","0","0","1","0","0","100.452233299971994","14.006713300318735"
"291","68099027416","ประกวดราคาจ้างก่อสร้างโครงการก่อสร้างเขื่อนป้องกันตลิ่งริมแม่น้ำมูลน้อย พร้อมปรับปรุงภูมิทัศน์ (ต่อเนื่องเขื่อนเดิม) ตำบลแจระแม อำเภอเมืองอุบลราชธานี จังหวัดอุบลราชธานี ความยาว 699 เมตร ด้วยวิธีประกวดราคาอิเล็กทรอนิกส์ (e-bidding)","จ้างก่อสร้าง","กรมโยธาธิการและผังเมือง","ประกวดราคาอิเล็กทรอนิกส์ (e-bidding)","ระหว่างดำเนินการ","15/9/2025","17/12/2025","24/1/2028","ห้างหุ้นส่วนจำกัด อุบลวรสิทธิ์ก่อสร้าง","343523000162","3","ห้างหุ้นส่วนจำกัด อุบลวรสิทธิ์ก่อสร้าง","0343523000162","1","110000000.000000000000000","109921000.000000000000000","108900000.000000000000000","108900000.000000000000000","99.099999999999994","4","mid","2","R1|R9","ราคาตกลง ≥ 95% ของราคากลาง | ราคาผู้ชนะ vs อันดับ 2 < 5%","3","0.900000000000000","","","","","0.000000000000000","","","","","","","","กรุงเทพมหานคร","กทม","จ.อุบลราชธานี","latlong","real","15.250136899999999","104.803821499999998","1","1","0","0","0","0","0","1","0","0","104.803821500277238","15.250136900023767"
"31","67129492358","ประกวดราคาจ้างก่อสร้างทางหลวงพิเศษระหว่างเมืองหมายเลข 9 สายถนนวงแหวนรอบนอกกรุงเทพมหานครด้านตะวันตก ช่วงบางบัวทอง - บางปะอิน ส่วนที่ 1 บางบัวทอง - ลาดหลุมแก้ว ในส่วนของงานโยธา ตอน 5 ด้วยวิธีประกวดราคาอิเล็กทรอนิกส์ (e-bidding)","จ้างก่อสร้าง","กรมทางหลวง","ประกวดราคาอิเล็กทรอนิกส์ (e-bidding)","ระหว่างดำเนินการ","23/4/2025","5/2/2026","20/1/2029","บริษัท ท่าราบก่อสร้าง จำกัด","705555000247","1","บริษัท ท่าราบก่อสร้าง จำกัด","0705555000247","1","650000000.000000000000000","649817759.000000000000000","649360000.000000000000000","649360000.000000000000000","99.900000000000006","4","mid","2","R1|R9","ราคาตกลง ≥ 95% ของราคากลาง | ราคาผู้ชนะ vs อันดับ 2 < 5%","3","0.000000000000000","บริษัท ท่าราบก่อสร้าง จำกัด","บริษัทจำกัด","ยังดำเนินกิจการอยู่","2012","400000000.000000000000000","ราชบุรี","เมืองราชบุรี","การก่อสร้างถนนสะพานและอุโมงค์","42101","1.620000000000000","13","1","กรุงเทพมหานคร","กทม","จ.ปทุมธานี","latlong","real","14.019376529999999","100.452042800000001","1","1","0","0","0","0","0","1","0","0","100.452042799639585","14.019376529683145"
"32","67129502502","ประกวดราคาจ้างก่อสร้างโครงการก่อสร้างปรับปรุงขยาย การประปาส่วนภูมิภาคสาขาสมุทรสาคร-นครปฐม ระยะที่ ๑ ส่วนที่ ๑-๒ อำเภอเมืองสมุทรสาคร-กระทุ่มแบน-บ้านแพ้ว จังหวัดสมุทรสาคร อำเภอเมืองนครปฐม-นครชัยศรี จังหวัดนครปฐม อำเภอโพธาราม-บางแพ จังหวัดราชบุรี ด้วยวิธีประกวดราคาอิเล็กทรอนิกส์ (e-bidding)","จ้างก่อสร้าง","การประปาส่วนภูมิภาค","ประกวดราคาอิเล็กทรอนิกส์ (e-bidding)","ระหว่างดำเนินการ","30/6/2025","9/12/2025","4/11/2027","บริษัท วิบูลย์โชค จำกัด","205565040971","1","บริษัท วิบูลย์โชค จำกัด","0205565040971","1","1151959860.000000000000000","1151846440.000000000000000","1148850000.000000000000000","1148850000.000000000000000","99.700000000000003","4","mid","2","R1|R9","ราคาตกลง ≥ 95% ของราคากลาง | ราคาผู้ชนะ vs อันดับ 2 < 5%","3","0.100000000000000","บริษัท วิบูลย์โชค จำกัด","บริษัทจำกัด","ยังดำเนินกิจการอยู่","2022","250000000.000000000000000","ชลบุรี","เมืองชลบุรี","การก่อสร้างอาคารที่ไม่ใช่ที่พักอาศัย","41002","4.600000000000000","3","1","กรุงเทพมหานคร","กทม","จ.สมุทรสาคร","latlong","real","13.646528159999999","100.247296100000000","1","1","0","0","0","0","0","1","0","0","100.247296100408548","13.646528159586051"
"33","68019055979","ประกวดราคาจ้างเหมาเอกชนเดินระบบและบำรุงรักษาสถานีตรวจวัดคุณภาพอากาศและระบบข้อมูลคุณภาพอากาศ ด้วยวิธีประกวดราคาอิเล็กทรอนิกส์ (e-bidding)","จ้างทำของ/จ้างเหมาบริการ","กรุงเทพมหานคร","ประกวดราคาอิเล็กทรอนิกส์ (e-bidding)","ระหว่างดำเนินการ","30/7/2025","21/10/2025","1/11/2027","บริษัท สิทธิพรแอสโซซิเอส จำกัด","105519011337","2","บริษัท สิทธิพรแอสโซซิเอส จำกัด","0105519011337","1","217229800.000000000000000","217210000.000000000000000","213786000.000000000000000","213786000.000000000000000","98.400000000000006","5","high","3","R1|R9|R10","ราคาตกลง ≥ 95% ของราคากลาง | ราคาผู้ชนะ vs อันดับ 2 < 5% | ทุนจดทะเบียนต่ำเทียบมูลค่าสัญญา","2","1.400000000000000","บริษัท สิทธิพรแอสโซซิเอส จำกัด","บริษัทจำกัด","ยังดำเนินกิจการอยู่","1976","25000000.000000000000000","กรุงเทพมหานคร","เขตบางพลัด","การผลิตยานยนต์อื่นๆซึ่งมิได้จัดประเภทไว้ในที่อื่น","","8.550000000000001","49","0","กรุงเทพมหานคร","กทม","กรุงเทพมหานคร","text","province","13.737872279999999","100.505217690000009","1","1","0","0","0","0","0","1","1","0","100.505217693432343","13.737872277928069"
"34","68019090206","ประกวดราคาซื้อรถแทรกเตอร์ตีนตะขาบกว้าง ขนาดไม่น้อยกว่า 190 แรงม้า สำนักเครื่องจักรกล จังหวัดนนทบุรี 8 คัน ด้วยวิธีประกวดราคาอิเล็กทรอนิกส์ (e-bidding)","ซื้อ","กรมชลประทาน","ประกวดราคาอิเล็กทรอนิกส์ (e-bidding)","ระหว่างดำเนินการ","29/5/2025","10/10/2025","7/7/2026","บริษัท ธีระโอโต้พาร์ท จำกัด","105545048188","1","บริษัท ธีระโอโต้พาร์ท จำกัด","0105545048188","1","104000000.000000000000000","104000000.000000000000000","103960000.000000000000000","103960000.000000000000000","100.000000000000000","5","high","3","R1|R9|R10","ราคาตกลง ≥ 95% ของราคากลาง | ราคาผู้ชนะ vs อันดับ 2 < 5% | ทุนจดทะเบียนต่ำเทียบมูลค่าสัญญา","2","0.000000000000000","บริษัท ธีระโอโต้พาร์ท จำกัด","บริษัทจำกัด","ยังดำเนินกิจการอยู่","2002","1000000.000000000000000","กรุงเทพมหานคร","เขตป้อมปราบศัตรูพ่าย","การขายปลีกชิ้นส่วนและอุปกรณ์เสริมใหม่ของยานยนต์","","103.959999999999994","23","0","กรุงเทพมหานคร","กทม","จ.นนทบุรี","text","province","13.847888599999999","100.495074590000002","1","1","0","0","0","0","0","1","1","0","100.495074586488983","13.847888601512734"
"35","68019119166","ประกวดราคาจ้างก่อสร้างโครงการก่อสร้างอาคารสำนักงานองค์การบริหารส่วนตำบลคลองสาม  หมู่ที่ 8 ตำบลคลองสาม อำเภอคลองหลวง จังหวัดปทุมธานี ด้วยวิธีประกวดราคาอิเล็กทรอนิกส์ (e-bidding)","จ้างก่อสร้าง","องค์การบริหารส่วนตำบลคลองสาม","ประกวดราคาอิเล็กทรอนิกส์ (e-bidding)","ระหว่างดำเนินการ","21/2/2025","9/2/2026","29/2/2028","บริษัท วัฒโนชาการก่อสร้าง จำกัด","105537016027","1","บริษัท วัฒโนชาการก่อสร้าง จำกัด","0105537016027","1","152000000.000000000000000","151913145.699999988079071","138950000.000000000000000","138950000.000000000000000","91.500000000000000","0","low","0","","","2","6.400000000000000","บริษัท วัฒโนชาการก่อสร้าง จำกัด","บริษัทจำกัด","ยังดำเนินกิจการอยู่","1994","30000000.000000000000000","นนทบุรี","เมืองนนทบุรี","การก่อสร้างอาคารที่ไม่ใช่ที่พักอาศัย","41002","4.630000000000000","31","1","จ.ปทุมธานี","ภาค 1","จ.ปทุมธานี","latlong","real","14.087911470000000","100.664293999999998","1","0","0","0","0","0","0","0","0","0","100.664293999601270","14.087911469791104"
"36","68019337392","ประกวดราคาจ้างปรับปรุงระบบป้องกันอันตรายจากฟ้าผ่า สำหรับอาคารผู้โดยสาร อาคารเทียบเครื่องบิน อาคาร AIMS อาคารจอดรถโซน 2 และโซน 3 อาคารคลังสินค้าที่ 1 ถึง 4 และอาคารศูนย์บริการ 1 ภายในพื้นที่เขตปลอดอากร ณ ท่าอากาศยานสุวรรณภูมิ ด้วยวิธีประกวดราคาอิเล็กทรอนิกส์ (e-bidding)","จ้างทำของ/จ้างเหมาบริการ","บริษัท ท่าอากาศยานไทย จำกัด (มหาชน)","ประกวดราคาอิเล็กทรอนิกส์ (e-bidding)","ระหว่างดำเนินการ","27/8/2025","9/1/2026","3/7/2027","บริษัท บอสเวลล์ คอนเนคชั่น กรุ๊ป จำกัด","105537023929","1","บริษัท บอสเวลล์ คอนเนคชั่น กรุ๊ป จำกัด","0105537023929","1","163945400.000000000000000","156558755.599999994039536","153010000.000000000000000","153010000.000000000000000","97.700000000000003","2","low","1","R1","ราคาตกลง ≥ 95% ของราคากลาง","4","25.100000000000001","","","","","0.000000000000000","","","","","","","","จ.สมุทรปราการ","ภาค 1","จ.สมุทรปราการ","hq","province","13.588406570000000","100.561728220000006","1","1","0","0","0","0","0","0","0","0","100.561728215131396","13.588406567056312"
"37","68019360268","ประกวดราคาซื้อ ADSS-FR Optical Fiber Cable 96 Fibers ด้วยวิธีประกวดราคาอิเล็กทรอนิกส์ (e-bidding)","ซื้อ","การไฟฟ้านครหลวง","ประกวดราคาอิเล็กทรอนิกส์ (e-bidding)","ระหว่างดำเนินการ","2/10/2025","9/12/2025","7/2/2026","บริษัท เอชบีซี เทเลคอม  จำกัด","105525030526","1","บริษัท เอชบีซี เทเลคอม  จำกัด","0105525030526","1","123338900.000000000000000","119722300.000000000000000","119005400.000000000000000","119005400.000000000000000","99.400000000000006","4","mid","2","R1|R9","ราคาตกลง ≥ 95% ของราคากลาง | ราคาผู้ชนะ vs อันดับ 2 < 5%","4","0.100000000000000","","","","","0.000000000000000","","","","","","","","กรุงเทพมหานคร","กทม","กรุงเทพมหานคร","hq","province","13.738441350000000","100.501621369999995","1","1","0","0","0","0","0","1","0","0","100.501621366345802","13.738441348918938"
"38","68019389858","จ้างโครงการจ้างก่อสร้างเรือนจำจังหวัดชัยนาท พร้อมส่่งก่อสร้างประกอบ 1 แห่ง ครั้งที่ 2 โดยวิธีคัดเลือก","จ้างก่อสร้าง","กรมราชทัณฑ์","คัดเลือก","ระหว่างดำเนินการ","","8/10/2025","4/7/2028","ห้างหุ้นส่วนจำกัด ส.ฤดีทรงธรรมร่วมกิจ และ บริษัท คอนสตรัคชั่น เอ็กคลูซีฟเนส จำกัด","993000084837","1","ห้างหุ้นส่วนจำกัด ส.ฤดีทรงธรรมร่วมกิจ และ บริษัท คอนสตรัคชั่น เอ็กคลูซีฟเนส จำกัด","0993000084837","1","1644330000.000000000000000","1644312292.000000000000000","1643980000.000000000000000","1643980000.000000000000000","100.000000000000000","4","mid","2","R1|R9","ราคาตกลง ≥ 95% ของราคากลาง | ราคาผู้ชนะ vs อันดับ 2 < 5%","3","0.000000000000000","","","","","0.000000000000000","","","","","","","","จ.นนทบุรี","ภาค 1","จ.ชัยนาท","latlong","real","15.213814080000001","100.138896200000005","1","1","0","0","0","0","0","1","0","0","100.138896200139442","15.213814080370467"
"39","68019527394","ประกวดราคาจ้างก่อสร้างโครงการก่อสร้างปรับปรุงขยาย การประปาส่วนภูมิภาคสาขาเกาะสมุย ระยะที่ 2 อำเภอเกาะสมุย จังหวัดสุราษฎร์ธานี ด้วยวิธีประกวดราคาอิเล็กทรอนิกส์ (e-bidding)","จ้างก่อสร้าง","การประปาส่วนภูมิภาค","ประกวดราคาอิเล็กทรอนิกส์ (e-bidding)","ระหว่างดำเนินการ","24/6/2025","20/11/2025","23/4/2028","บริษัท วงษ์สยามก่อสร้าง จำกัด","105519003571","3","บริษัท วงษ์สยามก่อสร้าง จำกัด","0105519003571","1","1703371520.000000000000000","1702112130.000000000000000","1681000000.000000000000000","1681000000.000000000000000","98.799999999999997","4","mid","2","R1|R9","ราคาตกลง ≥ 95% ของราคากลาง | ราคาผู้ชนะ vs อันดับ 2 < 5%","3","0.100000000000000","","","","","0.000000000000000","","","","","","","","กรุงเทพมหานคร","กทม","จ.สุราษฎร์ธานี","latlong","real","9.536180490000000","99.952225260000006","1","1","0","0","0","0","0","1","0","0","99.952225260019986","9.536180486231840"
"40","68019552803","ประกวดราคาจ้างก่อสร้างบ่อพักและท่อร้อยสายไฟฟ้าใต้ดิน ช่วงลอดคลองบางเขนและคลองตะนาวศรี บริเวณถนนกรุงเทพ - นนทบุรี ด้วยวิธีประกวดราคาอิเล็กทรอนิกส์ (e-bidding)","จ้างก่อสร้าง","การไฟฟ้านครหลวง","ประกวดราคาอิเล็กทรอนิกส์ (e-bidding)","ระหว่างดำเนินการ","1/8/2025","5/2/2026","","บริษัท ฐิตาภา เอ็นจิเนียริ่ง แอนด์ คอนสตรัคชั่น จำกัด","125558013825","1","บริษัท ฐิตาภา เอ็นจิเนียริ่ง แอนด์ คอนสตรัคชั่น จำกัด","0125558013825","1","160500000.000000000000000","116342000.000000000000000","104707800.000000000000000","104707800.000000000000000","90.000000000000000","1","low","1","R7","ราคากลาง vs งบ > 20%","2","6.900000000000000","","","","","0.000000000000000","","","","","","","","กรุงเทพมหานคร","กทม","จ.นนทบุรี","latlong","real","13.841455160000001","100.512709000000001","1","0","0","0","0","1","0","0","0","0","100.512708999708181","13.841455159733824"
"41","68019597911","ประกวดราคาจ้างก่อสร้างงานก่อสร้างศูนย์บริหารจัดการคุณภาพน้ำ เทศบาลตำบลนาจอมเทียน ตำบลนาจอมเทียน อำเภอสัตหีบ จังหวัดชลบุรี ด้วยวิธีประกวดราคาอิเล็กทรอนิกส์ (e-bidding)","จ้างก่อสร้าง","องค์การจัดการน้ำเสีย","ประกวดราคาอิเล็กทรอนิกส์ (e-bidding)","ระหว่างดำเนินการ","10/2/2025","3/11/2025","4/10/2027","บริษัทจำกัด บริษัท ส.นภา (ประเทศไทย) จำกัด(สัญญากิจการค้าร่วม)","105530022561","2","บริษัทจำกัด บริษัท ส.นภา (ประเทศไทย) จำกัด(สัญญากิจการค้าร่วม) | บริษัทจำกัด บริษัท ดีปบลูเทคค์ จำกัด(สัญญากิจการค้าร่วม)","0105530022561 | 0105560052298","2","184000000.000000000000000","184000000.000000000000000","181525900.000000000000000","88947691.000000000000000","98.700000000000003","4","mid","2","R1|R9","ราคาตกลง ≥ 95% ของราคากลาง | ราคาผู้ชนะ vs อันดับ 2 < 5%","3","0.100000000000000","","","","","0.000000000000000","","","","","","","","กรุงเทพมหานคร","กทม","จ.ระยอง","latlong","real","12.771311580000001","100.946944700000003","1","1","0","0","0","0","0","1","0","0","100.946944699633974","12.771311580217738"
"42","68029036617","ประกวดราคาจ้างการจ้างออกแบบ จัดหา พัฒนา ติดตั้ง และดูแลบำรุงรักษาระบบการบริหารจัดการข้อมูลภายในองค์กร (Enterprise Content Management ECM) ด้วยวิธีประกวดราคาอิเล็กทรอนิกส์ (e-bidding)","จ้างทำของ/จ้างเหมาบริการ","การไฟฟ้าส่วนภูมิภาค","ประกวดราคาอิเล็กทรอนิกส์ (e-bidding)","ระหว่างดำเนินการ","10/6/2025","4/3/2026","30/4/2032","บริษัท สิริซอฟต์ จำกัด (มหาชน)","107566000186","1","บริษัท สิริซอฟต์ จำกัด (มหาชน)","0107566000186","1","333840000.000000000000000","332681682.199999988079071","324959000.000000000000000","324959000.000000000000000","97.700000000000003","2","low","1","R1","ราคาตกลง ≥ 95% ของราคากลาง","3","27.300000000000001","","","","","0.000000000000000","","","","","","","","กรุงเทพมหานคร","กทม","กรุงเทพมหานคร","hq","province","13.772788830000000","100.526613540000000","1","1","0","0","0","0","0","0","0","0","100.526613539595743","13.772788829272258"
"43","68029116289","ประกวดราคาจ้างก่อสร้างเสริมทรายเพื่อป้องกันการกัดเซาะบริเวณเขาหลัก ถึงแหลมปะการัง ตำบลตะกั่วป่า อำเภอตะกั่วป่า จังหวัดพังงา ระยะที่ ๑ ๑ แห่ง ด้วยวิธีประกวดราคาอิเล็กทรอนิกส์ (e-bidding)","จ้างก่อสร้าง","กรมเจ้าท่า","ประกวดราคาอิเล็กทรอนิกส์ (e-bidding)","ระหว่างดำเนินการ","21/2/2025","29/10/2025","16/4/2028","บริษัท เนาวรัตน์พัฒนาการ จำกัด (มหาชน)","107538000096","1","บริษัท เนาวรัตน์พัฒนาการ จำกัด (มหาชน)","0107538000096","1","380000000.000000000000000","346900000.000000000000000","346788070.000000000000000","346788070.000000000000000","100.000000000000000","4","mid","2","R1|R9","ราคาตกลง ≥ 95% ของราคากลาง | ราคาผู้ชนะ vs อันดับ 2 < 5%","3","0.000000000000000","","","","","0.000000000000000","","","","","","","","กรุงเทพมหานคร","กทม","จ.พังงา","latlong","real","8.736595429999999","98.222107890000004","1","1","0","0","0","0","0","1","0","0","98.222107890388273","8.736595431441391"
"44","68029187583","ประกวดราคาจ้างเหมาบริการ การรักษา การทำหัตถการผู้ป่วยกลุ่มโรคหัวใจขาดเลือด และกลุ่มโรคหัวใจอื่นๆ จำนวน ๑ งาน ด้วยวิธีประกวดราคาอิเล็กทรอนิกส์ (e-bidding)","จ้างทำของ/จ้างเหมาบริการ","โรงพยาบาลสมุทรปราการ","ประกวดราคาอิเล็กทรอนิกส์ (e-bidding)","ระหว่างดำเนินการ","19/3/2025","11/11/2025","11/11/2028","บริษัท โรงพยาบาลจุฬารัตน์ จำกัด (มหาชน)","107547000656","1","บริษัท โรงพยาบาลจุฬารัตน์ จำกัด (มหาชน)","0107547000656","1","500000000.000000000000000","498707275.000000000000000","449999300.000000000000000","449999300.000000000000000","90.200000000000003","0","low","0","","","2","13.400000000000000","","","","","0.000000000000000","","","","","","","","จ.สมุทรปราการ","ภาค 1","จ.สมุทรปราการ","text","province","13.623182310000001","100.587995230000004","1","0","0","0","0","0","0","0","0","0","100.587995232516818","13.623182314299237"
"45","68029196552","ประกวดราคาจ้างก่อสร้างโครงการก่อสร้างอาคารศูนย์บริการสาธารณสุข 59 ทุ่งครุ ด้วยวิธีประกวดราคาอิเล็กทรอนิกส์ (e-bidding)","จ้างก่อสร้าง","กรุงเทพมหานคร","ประกวดราคาอิเล็กทรอนิกส์ (e-bidding)","ระหว่างดำเนินการ","7/8/2025","11/2/2026","8/3/2027","บริษัท ออนเวิร์ดส จำกัด","125548004700","1","บริษัท ออนเวิร์ดส จำกัด","0125548004700","1","180000000.000000000000000","180000000.000000000000000","177280000.000000000000000","177280000.000000000000000","98.500000000000000","5","high","2","R1|R8","ราคาตกลง ≥ 95% ของราคากลาง | ยื่นรายเดียวใน Open Bid","1","","บริษัท ออนเวิร์ดส จำกัด","บริษัทจำกัด","ยังดำเนินกิจการอยู่","2005","40000000.000000000000000","กรุงเทพมหานคร","เขตลาดพร้าว","การก่อสร้างอาคารที่ไม่ใช่ที่พักอาศัย","","4.430000000000000","20","0","กรุงเทพมหานคร","กทม","จ.สมุทรปราการ","latlong","real","13.607334540000000","100.506454099999999","1","1","0","0","0","0","1","0","0","0","100.506454099555128","13.607334540081846"
"46","68029221551","ซื้อระบบควบคุมเครื่องจักรและระบบจัดการแบบรวมการ พร้อมติดตั้ง ให้กับ ร.ล.จักรีนฤเบศร จำนวน ๑ ระบบ โดยวิธีคัดเลือก","ซื้อ","กองทัพเรือ","คัดเลือก","ระหว่างดำเนินการ","","9/10/2025","2/1/2027","บริษัท จักรวาลคอมมิวนิเคชั่น ซีสเท็ม จำกัด","105532021197","1","บริษัท จักรวาลคอมมิวนิเคชั่น ซีสเท็ม จำกัด","0105532021197","1","341000000.000000000000000","335000000.000000000000000","315959595.000000000000000","315959595.000000000000000","94.299999999999997","0","low","0","","","4","7.000000000000000","บริษัท จักรวาล แอดวานซ์ เทคโนโลยี จำกัด","บริษัทจำกัด","ยังดำเนินกิจการอยู่","1989","120000000.000000000000000","กรุงเทพมหานคร","เขตบางรัก","การขายส่งโทรศัพท์และอุปกรณ์การสื่อสารโทรคมนาคม","","2.630000000000000","","1","จ.สมุทรปราการ","ภาค 1","จ.สมุทรปราการ","hq","province","13.623426220000001","100.588988439999994","1","0","0","0","0","0","0","0","0","0","100.588988435946078","13.623426224615226"
"47","68029267860","ประกวดราคาซื้อโครงการเครื่องรับ - ส่งข้อมูลระบบ 5G พร้อมระบบบริหารจัดการ สส.สทส.  แขวงอนุสาวรีย์ เขตบางเขน กรุงเทพมหานคร 1 โครงการ ด้วยวิธีประกวดราคาอิเล็กทรอนิกส์ (e-bidding)","ซื้อ","สำนักงานตำรวจแห่งชาติ","ประกวดราคาอิเล็กทรอนิกส์ (e-bidding)","ระหว่างดำเนินการ","14/7/2025","24/12/2025","17/2/2027","บริษัท ยิบอินซอย จำกัด","105473000036","2","บริษัท ยิบอินซอย จำกัด","0105473000036","1","640000000.000000000000000","655933540.000000000000000","638080000.000000000000000","638080000.000000000000000","97.299999999999997","4","mid","2","R1|R9","ราคาตกลง ≥ 95% ของราคากลาง | ราคาผู้ชนะ vs อันดับ 2 < 5%","4","3.100000000000000","บริษัท ยิบอินซอย จำกัด","บริษัทจำกัด","ยังดำเนินกิจการอยู่","1930","220000000.000000000000000","กรุงเทพมหานคร","เขตบางรัก","กิจกรรมการจัดการสิ่งอำนวยความสะดวกด้านคอมพิวเตอร์","62023","2.900000000000000","95","0","กรุงเทพมหานคร","กทม","กรุงเทพมหานคร","text","province","13.773445150000001","100.529157650000002","1","1","0","0","0","0","0","1","0","0","100.529157649328766","13.773445153653453"
"48","68029287375","ประกวดราคาจ้างก่อสร้างโครงการก่อสร้างสถานีดับเพลิงและกู้ภัยบางแค ด้วยวิธีประกวดราคาอิเล็กทรอนิกส์ (e-bidding)","จ้างก่อสร้าง","กรุงเทพมหานคร","ประกวดราคาอิเล็กทรอนิกส์ (e-bidding)","ระหว่างดำเนินการ","22/8/2025","26/12/2025","20/1/2027","บริษัท เอส เอส ไอ ดีเวลลอปเม้นท์ จำกัด","105561134212","4","บริษัท เอส เอส ไอ ดีเวลลอปเม้นท์ จำกัด","0105561134212","1","136270000.000000000000000","122240000.000000000000000","118420000.000000000000000","118420000.000000000000000","96.900000000000006","5","high","2","R1|R8","ราคาตกลง ≥ 95% ของราคากลาง | ยื่นรายเดียวใน Open Bid","1","","บริษัท เอส เอส ไอ ดีเวลลอปเม้นท์ จำกัด","บริษัทจำกัด","ยังดำเนินกิจการอยู่","2018","120000000.000000000000000","กรุงเทพมหานคร","เขตหลักสี่","การก่อสร้างอาคารที่พักอาศัย","","0.990000000000000","7","0","กรุงเทพมหานคร","กทม","กรุงเทพมหานคร","latlong","real","13.711150620000000","100.416514300000003","1","1","0","0","0","0","1","0","0","0","100.416514299896946","13.711150620067002"
"49","68029288760","ประกวดราคาจ้างก่อสร้างโครงการจัดหาน้ำดิบเพื่อผลิตน้ำประปาที่โรงกรองน้ำบ้านมะขามเฒ่า (จากแหล่งน้ำลำตะคองมายังโรงกรองน้ำบ้านมะขามเฒ่า) ด้วยวิธีประกวดราคาอิเล็กทรอนิกส์ (e-bidding)","จ้างก่อสร้าง","เทศบาลนครนครราชสีมา","ประกวดราคาอิเล็กทรอนิกส์ (e-bidding)","ระหว่างดำเนินการ","27/3/2025","3/12/2025","21/5/2028","บริษัท วงษ์สยามก่อสร้าง จำกัด","105519003571","3","บริษัท วงษ์สยามก่อสร้าง จำกัด","0105519003571","1","1928410000.000000000000000","1915500000.000000000000000","1885400000.000000000000000","1885400000.000000000000000","98.400000000000006","4","mid","2","R1|R9","ราคาตกลง ≥ 95% ของราคากลาง | ราคาผู้ชนะ vs อันดับ 2 < 5%","2","0.200000000000000","","","","","0.000000000000000","","","","","","","","จ.นครราชสีมา","ภาค 3","จ.นครราชสีมา","latlong","real","14.870261650000000","101.758214199999998","1","1","0","0","0","0","0","1","0","0","101.758214200207860","14.870261650029049"
"50","68029292864","ประกวดราคาจ้างก่อสร้างอาคารผู้ป่วยนอก ผู้ป่วยใน เป็นอาคาร คสล. ๑๐ ชั้น พื้นที่ใช้สอยประมาณ ๒๐,๔๙๗ ตารางเมตร (โครงสร้างต้านแผ่นดินไหว) โรงพยาบาลสมเด็จพระพุทธเลิศหล้า ตำบลแม่กลอง อำเภอเมืองสมุทรสงคราม จังหวัดสมุทรสงคราม ด้วยวิธีประกวดราคาอิเล็กทรอนิกส์ (e-bidding)","จ้างก่อสร้าง","โรงพยาบาลสมเด็จพระพุทธเลิศหล้า","ประกวดราคาอิเล็กทรอนิกส์ (e-bidding)","ระหว่างดำเนินการ","21/4/2025","5/11/2025","29/11/2028","บริษัท พุทธเตชะ จำกัด","305557004847","2","บริษัท พุทธเตชะ จำกัด","0305557004847","1","625592200.000000000000000","625518614.000000000000000","535000000.000000000000000","535000000.000000000000000","85.500000000000000","3","mid","2","R9|R10","ราคาผู้ชนะ vs อันดับ 2 < 5% | ทุนจดทะเบียนต่ำเทียบมูลค่าสัญญา","5","2.900000000000000","บริษัท พุทธเตชะ จำกัด","บริษัทจำกัด","ยังดำเนินกิจการอยู่","2014","100000000.000000000000000","นครราชสีมา","เมืองนครราชสีมา","การก่อสร้างอาคารที่ไม่ใช่ที่พักอาศัย","","5.350000000000000","11","1","จ.สมุทรสงคราม","ภาค 7","จ.สมุทรสงคราม","latlong","real","13.402841069999999","99.996105290000003","1","0","0","0","0","0","0","1","1","0","99.996105290059560","13.402841069819669"
"51","68029293493","ประกวดราคาจ้างก่อสร้างโครงการก่อสร้างสถานีดับเพลิงและกู้ภัยบางเขน ด้วยวิธีประกวดราคาอิเล็กทรอนิกส์ (e-bidding)","จ้างก่อสร้าง","กรุงเทพมหานคร","ประกวดราคาอิเล็กทรอนิกส์ (e-bidding)","ระหว่างดำเนินการ","10/10/2025","26/2/2026","21/2/2027","บริษัท วรนิทัศน์ จำกัด","325551000238","1","บริษัท วรนิทัศน์ จำกัด","0325551000238","1","145000000.000000000000000","145000000.000000000000000","138888000.000000000000000","138888000.000000000000000","95.799999999999997","5","high","2","R1|R8","ราคาตกลง ≥ 95% ของราคากลาง | ยื่นรายเดียวใน Open Bid","1","","บริษัท วรนิทัศน์ จำกัด","บริษัทจำกัด","ยังดำเนินกิจการอยู่","2008","500000000.000000000000000","สุรินทร์","เมืองสุรินทร์","กิจกรรมของตัวแทนและนายหน้าอสังหาริมทรัพย์โดยได้รับ ค่าตอบแทนหรือตามสัญญาจ้าง","","0.280000000000000","17","1","กรุงเทพมหานคร","กทม","จ.นนทบุรี","latlong","real","13.871457610000000","100.594599500000001","1","1","0","0","0","0","1","0","0","0","100.594599500060255","13.871457609692307"
"52","68029300906","ประกวดราคาจ้างก่อสร้างโครงการก่อสร้างสถานีดับเพลิงและกู้ภัยดาวคะนอง ด้วยวิธีประกวดราคาอิเล็กทรอนิกส์ (e-bidding)","จ้างก่อสร้าง","กรุงเทพมหานคร","ประกวดราคาอิเล็กทรอนิกส์ (e-bidding)","ระหว่างดำเนินการ","7/8/2025","26/12/2025","19/2/2027","บริษัท เอส เอส ไอ ดีเวลลอปเม้นท์ จำกัด","105561134212","4","บริษัท เอส เอส ไอ ดีเวลลอปเม้นท์ จำกัด","0105561134212","1","133000000.000000000000000","133000000.000000000000000","128470000.000000000000000","128470000.000000000000000","96.599999999999994","4","mid","2","R1|R9","ราคาตกลง ≥ 95% ของราคากลาง | ราคาผู้ชนะ vs อันดับ 2 < 5%","3","0.600000000000000","บริษัท เอส เอส ไอ ดีเวลลอปเม้นท์ จำกัด","บริษัทจำกัด","ยังดำเนินกิจการอยู่","2018","120000000.000000000000000","กรุงเทพมหานคร","เขตหลักสี่","การก่อสร้างอาคารที่พักอาศัย","","1.070000000000000","7","0","กรุงเทพมหานคร","กทม","กรุงเทพมหานคร","latlong","real","13.698882310000000","100.466564300000002","1","1","0","0","0","0","0","1","0","0","100.466564299769317","13.698882310078835"
"53","68029344848","ประกวดราคาซื้อพร้อมติดตั้งระบบครุภัณฑ์โรงงานต้นแบบแบตเตอรี่ทางเลือกพร้อมปรับปรุงพื้นที่เพื่อติดตั้ง ภายใต้รายการระบบครุภัณฑ์โรงงานต้นแบบแบตเตอรี่สังกะสีไออนที่มีความปลอดภัยเพื่อความมั่นคง ตำบลป่ายุบใน อำเภอวังจันทร์ จังหวัดระยอง 1 ระบบ ด้วยวิธีประกวดราคาอิเล็กทรอนิกส์ (e-bidding)","ซื้อ","สำนักงานพัฒนาวิทยาศาสตร์และเทคโนโลยีแห่งชาติ","ประกวดราคาอิเล็กทรอนิกส์ (e-bidding)","ระหว่างดำเนินการ","6/5/2025","12/12/2025","8/9/2026","บริษัท ศูนย์ทดสอบแบตเตอรี่ ยานยนต์ไฟฟ้า และ ผลิตภัณฑ์อิเล็กทรอนิกส์ จำกัด","105564042211","1","บริษัท ศูนย์ทดสอบแบตเตอรี่ ยานยนต์ไฟฟ้า และ ผลิตภัณฑ์อิเล็กทรอนิกส์ จำกัด","0105564042211","1","101000000.000000000000000","101000000.000000000000000","100300000.000000000000000","100300000.000000000000000","99.299999999999997","2","low","1","R1","ราคาตกลง ≥ 95% ของราคากลาง","3","8.100000000000000","","","","","0.000000000000000","","","","","","","","จ.ปทุมธานี","ภาค 1","จ.ระยอง","text","province","12.973640619999999","101.010303910000005","1","1","0","0","0","0","0","0","0","0","101.010303906990558","12.973640617773764"
"54","68029358444","ประกวดราคาเช่าเครื่องวิเคราะห์อัตโนมัติพร้อมน้ำยาทางห้องปฏิบัติการ งานเคมีคลินิกและงานภูมิคุ้มกัน จำนวน 80 รายการ ระยะเวลา 36 เดือน เริ่มตั้งแต่เดือนตุลาคม 2568 ถึงเดือนกันยายน 2571 ด้วยวิธีประกวดราคาอิเล็กทรอนิกส์ (e-bidding)","เช่า","โรงพยาบาลราชวิถี","ประกวดราคาอิเล็กทรอนิกส์ (e-bidding)","ระหว่างดำเนินการ","1/7/2025","5/1/2026","30/9/2028","บริษัท ดีซีเอช ออริกา (ประเทศไทย) จำกัด","105512001280","1","บริษัท ดีซีเอช ออริกา (ประเทศไทย) จำกัด","0105512001280","1","364814589.100000023841858","364814589.100000023841858","232974700.400000005960464","232974700.400000005960464","63.899999999999999","0","low","0","","","3","6.100000000000000","","","","","0.000000000000000","","","","","","","","กรุงเทพมหานคร","กทม","กรุงเทพมหานคร","hq","province","13.773642840000001","100.530382770000003","1","0","0","0","0","0","0","0","0","0","100.530382772611546","13.773642844480950"
"55","68039403256","ประกวดราคาจ้างก่อสร้างจุดจอดพักรถบรรทุก (Truck rest area) พร้อมสถานีตรวจสอบน้ำหนักพิจิตร ทางหลวงหมายเลข ๑๑๗ ตอน คลองพลังด้านใต้ - เนินสว่าง จ.พิจิตร ๑ แห่ง ด้วยวิธีประกวดราคาอิเล็กทรอนิกส์ (e-bidding)","จ้างก่อสร้าง","กรมทางหลวง","ประกวดราคาอิเล็กทรอนิกส์ (e-bidding)","ระหว่างดำเนินการ","2/4/2025","6/10/2025","26/9/2027","บริษัท บุรีรัมย์พนาสิทธิ์ จำกัด","315561000656","2","บริษัท บุรีรัมย์พนาสิทธิ์ จำกัด","0315561000656","1","260000000.000000000000000","248935099.099999994039536","248834000.000000000000000","248834000.000000000000000","100.000000000000000","4","mid","2","R1|R9","ราคาตกลง ≥ 95% ของราคากลาง | ราคาผู้ชนะ vs อันดับ 2 < 5%","2","0.000000000000000","","","","","0.000000000000000","","","","","","","","กรุงเทพมหานคร","กทม","จ.พิจิตร","latlong","real","16.118515390000002","100.127872900000000","1","1","0","0","0","0","0","1","0","0","100.127872899626141","16.118515390099049"
"56","68039442935","ประกวดราคาจ้างก่อสร้างโครงการพัฒนาพื้นที่และปรับปรุงภูมิทัศน์ชุมชนตำบลหนองปรือ อำเภอบางละมุง จังหวัดชลบุรี ระยะที่ 2 ด้วยวิธีประกวดราคาอิเล็กทรอนิกส์ (e-bidding)","จ้างก่อสร้าง","กรมโยธาธิการและผังเมือง","ประกวดราคาอิเล็กทรอนิกส์ (e-bidding)","ระหว่างดำเนินการ","3/4/2025","14/11/2025","29/3/2028","บริษัท บางแสนมหานคร จำกัด","205555008145","1","บริษัท บางแสนมหานคร จำกัด","0205555008145","1","250000000.000000000000000","249760000.000000000000000","247262000.000000000000000","247262000.000000000000000","99.000000000000000","4","mid","2","R1|R9","ราคาตกลง ≥ 95% ของราคากลาง | ราคาผู้ชนะ vs อันดับ 2 < 5%","4","0.500000000000000","","","","","0.000000000000000","","","","","","","","กรุงเทพมหานคร","กทม","จ.ระยอง","latlong","real","12.916552939999999","100.937223000000003","1","1","0","0","0","0","0","1","0","0","100.937222999576861","12.916552940028167"
"57","68039448237","ประกวดราคาจ้างก่อสร้างจุดจอดพักรถบรรทุก (Truck rest area)  พร้อมสถานีตรวจสอบน้ำหนักตาก ทางหลวงหมายเลข 12  ตอน ตาก - หนองเสือ จ.ตาก 1 แห่ง ด้วยวิธีประกวดราคาอิเล็กทรอนิกส์ (e-bidding)","จ้างก่อสร้าง","กรมทางหลวง","ประกวดราคาอิเล็กทรอนิกส์ (e-bidding)","ระหว่างดำเนินการ","2/4/2025","6/10/2025","26/9/2027","บริษัท ยิ่งเจริญก่อสร้างบุรีรัมย์ จำกัด","315555000305","1","บริษัท ยิ่งเจริญก่อสร้างบุรีรัมย์ จำกัด","0315555000305","1","260000000.000000000000000","259999244.900000005960464","259893900.000000000000000","259893900.000000000000000","100.000000000000000","4","mid","2","R1|R9","ราคาตกลง ≥ 95% ของราคากลาง | ราคาผู้ชนะ vs อันดับ 2 < 5%","2","0.000000000000000","","","","","0.000000000000000","","","","","","","","กรุงเทพมหานคร","กทม","จ.ตาก","latlong","real","16.906968700000000","99.376251229999994","1","1","0","0","0","0","0","1","0","0","99.376251230287210","16.906968700005162"
"58","68039489931","ประกวดราคาจ้างบริการตรวจวินิจฉัยภาวะโรคหยุดหายใจขณะหลับ โรงพยาบาลเวชศาสตร์เขตร้อน จำนวน ๑ งาน ด้วยวิธีประกวดราคาอิเล็กทรอนิกส์ (e-bidding)","จ้างทำของ/จ้างเหมาบริการ","มหาวิทยาลัยมหิดล","ประกวดราคาอิเล็กทรอนิกส์ (e-bidding)","ระหว่างดำเนินการ","20/6/2025","19/12/2025","30/9/2033","บริษัท เอสเอ็มดี สัปปายะ จำกัด","125566006654","1","บริษัท เอสเอ็มดี สัปปายะ จำกัด","0125566006654","1","262440000.000000000000000","262793564.699999988079071","262440000.000000000000000","262440000.000000000000000","99.900000000000006","6","high","3","R1|R8|R11","ราคาตกลง ≥ 95% ของราคากลาง | ยื่นรายเดียวใน Open Bid | บริษัทจดทะเบียนใหม่ก่อนชนะโครงการ","1","","บริษัท เอสเอ็มดี สัปปายะ จำกัด","บริษัทจำกัด","ยังดำเนินกิจการอยู่","2023","80000000.000000000000000","นนทบุรี","บางบัวทอง","การซื้อและการขายอสังหาริมทรัพย์ที่เป็นของตนเองที่ไม่ใช่ เพื่อเป็นที่พักอาศัย","","3.280000000000000","2","1","กรุงเทพมหานคร","กทม","กรุงเทพมหานคร","hq","province","13.720219240000000","100.524408859999994","1","1","0","0","0","0","1","0","0","1","100.524408859191155","13.720219241840981"
"59","68039531716","ประกวดราคาจ้างก่อสร้างโครงการพัฒนาพื้นที่ชุมชนแม่สาย อำเภอแม่สาย จังหวัดเชียงราย ระยะที่ 2 ด้วยวิธีประกวดราคาอิเล็กทรอนิกส์ (e-bidding)","จ้างก่อสร้าง","กรมโยธาธิการและผังเมือง","ประกวดราคาอิเล็กทรอนิกส์ (e-bidding)","ระหว่างดำเนินการ","3/4/2025","21/10/2025","22/4/2028","บริษัท วรรธน์สรร จำกัด","105534038232","1","บริษัท วรรธน์สรร จำกัด","0105534038232","1","350000000.000000000000000","349920000.000000000000000","346410000.000000000000000","346410000.000000000000000","99.000000000000000","4","mid","2","R1|R9","ราคาตกลง ≥ 95% ของราคากลาง | ราคาผู้ชนะ vs อันดับ 2 < 5%","4","1.000000000000000","บริษัท วรรธน์สรร จำกัด","บริษัทจำกัด","ยังดำเนินกิจการอยู่","1991","320000000.000000000000000","กรุงเทพมหานคร","เขตบางกะปิ","การติดตั้งเครื่องจักรอุตสาหกรรมและอุปกรณ์","33200","1.080000000000000","34","0","กรุงเทพมหานคร","กทม","จ.เชียงราย","latlong","real","20.420345730000001","99.923886800000005","1","1","0","0","0","0","0","1","0","0","99.923886800352932","20.420345730103712"
"60","68039616379","ประกวดราคาจ้างต่อเรือตรวจประมงทะเล ขนาดความยาว 60 ฟุต ระบบขับเคลื่อน Water Jet ตำบลเพ อำเภอเมืองระยอง จังหวัดระยอง 1 ลำ ด้วยวิธีประกวดราคาอิเล็กทรอนิกส์ (e-bidding)","จ้างทำของ/จ้างเหมาบริการ","กรมประมง","ประกวดราคาอิเล็กทรอนิกส์ (e-bidding)","ระหว่างดำเนินการ","19/8/2025","11/2/2026","1/2/2028","บริษัท มาร์ซัน จำกัด (มหาชน)","107561000455","1","บริษัท มาร์ซัน จำกัด (มหาชน)","0107561000455","1","165000000.000000000000000","168119294.300000041723251","139100000.000000000000000","139100000.000000000000000","82.700000000000003","0","low","0","","","2","20.800000000000001","","","","","0.000000000000000","","","","","","","","กรุงเทพมหานคร","กทม","จ.ระยอง","text","province","12.919017090000001","101.002186060000000","1","0","0","0","0","0","0","0","0","0","101.002186055448462","12.919017084717462"
"61","68049012724","ประกวดราคาจ้างก่อสร้างส่วนต่อขยายทางยกระดับบนทางหลวงหมายเลข 338 (ถนนบรมราชชนนี) ช่วง พุทธมณฑลสาย 3 - พุทธมณฑลสาย 4 ตอน 3 กรุงเทพมหานคร 0.880 กม. ด้วยวิธีประกวดราคาอิเล็กทรอนิกส์ (e-bidding)","จ้างก่อสร้าง","กรมทางหลวง","ประกวดราคาอิเล็กทรอนิกส์ (e-bidding)","ระหว่างดำเนินการ","22/7/2025","6/2/2026","","กิจการร่วมค้า วีแอนด์เค","993000527593","1","กิจการร่วมค้า วีแอนด์เค","0993000527593","1","830000000.000000000000000","829933627.200000047683716","829525000.000000000000000","829525000.000000000000000","100.000000000000000","4","mid","2","R1|R9","ราคาตกลง ≥ 95% ของราคากลาง | ราคาผู้ชนะ vs อันดับ 2 < 5%","3","0.000000000000000","","","","","0.000000000000000","","","","","","","","กรุงเทพมหานคร","กทม","กรุงเทพมหานคร","latlong","real","13.786356830000001","100.375353099999998","1","1","0","0","0","0","0","1","0","0","100.375353100116499","13.786356829603797"
"62","68049015182","ประกวดราคาจ้างก่อสร้างส่วนต่อขยายทางยกระดับบนทางหลวงหมายเลข 338 (ถนนบรมราชชนนี) ช่วง พุทธมณฑลสาย 3 - พุทธมณฑลสาย 4 ตอน 4 กรุงเทพมหานคร 0.930 กม. ด้วยวิธีประกวดราคาอิเล็กทรอนิกส์ (e-bidding)","จ้างก่อสร้าง","กรมทางหลวง","ประกวดราคาอิเล็กทรอนิกส์ (e-bidding)","ระหว่างดำเนินการ","22/7/2025","16/1/2026","","บริษัท วิจิตรภัณฑ์ก่อสร้าง จำกัด","105522017472","1","บริษัท วิจิตรภัณฑ์ก่อสร้าง จำกัด","0105522017472","1","870000000.000000000000000","869959054.500000000000000","869552000.000000000000000","869552000.000000000000000","100.000000000000000","4","mid","2","R1|R9","ราคาตกลง ≥ 95% ของราคากลาง | ราคาผู้ชนะ vs อันดับ 2 < 5%","3","0.000000000000000","บริษัท วิจิตรภัณฑ์ก่อสร้าง จำกัด","บริษัทจำกัด","ยังดำเนินกิจการอยู่","1979","1360000000.000000000000000","กรุงเทพมหานคร","เขตห้วยขวาง","การก่อสร้างอาคารที่ไม่ใช่ที่พักอาศัย","","0.640000000000000","46","0","กรุงเทพมหานคร","กทม","กรุงเทพมหานคร","latlong","real","13.787299810000000","100.365900999999994","1","1","0","0","0","0","0","1","0","0","100.365900999747524","13.787299810365958"
"63","68049016741","ประกวดราคาจ้างก่อสร้างส่วนต่อขยายทางยกระดับบนทางหลวงหมายเลข 338 (ถนนบรมราชชนนี) ช่วง พุทธมณฑลสาย 3 - พุทธมณฑลสาย 4 ตอน 5 กรุงเทพมหานคร 0.890 กม. ด้วยวิธีประกวดราคาอิเล็กทรอนิกส์ (e-bidding)","จ้างก่อสร้าง","กรมทางหลวง","ประกวดราคาอิเล็กทรอนิกส์ (e-bidding)","ระหว่างดำเนินการ","22/7/2025","12/2/2026","","บริษัท เสริมสงวนก่อสร้าง จำกัด","105524029869","1","บริษัท เสริมสงวนก่อสร้าง จำกัด","0105524029869","1","840000000.000000000000000","839769156.799999952316284","839000000.000000000000000","839000000.000000000000000","99.900000000000006","4","mid","2","R1|R9","ราคาตกลง ≥ 95% ของราคากลาง | ราคาผู้ชนะ vs อันดับ 2 < 5%","3","0.100000000000000","","","","","0.000000000000000","","","","","","","","กรุงเทพมหานคร","กทม","กรุงเทพมหานคร","latlong","real","13.788310520000000","100.356695700000003","1","1","0","0","0","0","0","1","0","0","100.356695699824755","13.788310520058390"
"64","68049018040","ประกวดราคาจ้างก่อสร้างส่วนต่อขยายทางยกระดับบนทางหลวงหมายเลข 338 (ถนนบรมราชชนนี) ช่วง พุทธมณฑลสาย 3 - พุทธมณฑลสาย 4 ตอน 6 กรุงเทพมหานคร 0.420 กม. ด้วยวิธีประกวดราคาอิเล็กทรอนิกส์ (e-bidding)","จ้างก่อสร้าง","กรมทางหลวง","ประกวดราคาอิเล็กทรอนิกส์ (e-bidding)","ระหว่างดำเนินการ","22/7/2025","13/2/2026","","บริษัท ประยูรวิศว์ จำกัด","105507001374","2","บริษัท ประยูรวิศว์ จำกัด","0105507001374","1","660000000.000000000000000","659983507.100000023841858","659430000.000000000000000","659430000.000000000000000","99.900000000000006","4","mid","2","R1|R9","ราคาตกลง ≥ 95% ของราคากลาง | ราคาผู้ชนะ vs อันดับ 2 < 5%","3","0.100000000000000","","","","","0.000000000000000","","","","","","","","กรุงเทพมหานคร","กทม","กรุงเทพมหานคร","latlong","real","13.788401689999999","100.350404499999996","1","1","0","0","0","0","0","1","0","0","100.350404499649400","13.788401689687667"
"65","68049144907","ประกวดราคาจ้างก่อสร้างงานจ้างเหมาโครงการก่อสร้างทางแยกต่างระดับจุดตัดทางหลวงหมายเลข 41 ตัดทางหลวงหมายเลข 4048 (แยกวังปีบ) จ.พัทลุง 1 แห่ง ด้วยวิธีประกวดราคาอิเล็กทรอนิกส์ (e-bidding)","จ้างก่อสร้าง","กรมทางหลวง","ประกวดราคาอิเล็กทรอนิกส์ (e-bidding)","ระหว่างดำเนินการ","22/4/2025","21/10/2025","","บริษัท ตาปีแทรคเตอร์ จำกัด","845559005781","1","บริษัท ตาปีแทรคเตอร์ จำกัด","0845559005781","1","300000000.000000000000000","295918813.600000083446503","295800000.000000000000000","295800000.000000000000000","100.000000000000000","4","mid","2","R1|R9","ราคาตกลง ≥ 95% ของราคากลาง | ราคาผู้ชนะ vs อันดับ 2 < 5%","3","0.000000000000000","","","","","0.000000000000000","","","","","","","","กรุงเทพมหานคร","กทม","จ.พัทลุง","latlong","real","7.659424190000000","100.029273000000003","1","1","0","0","0","0","0","1","0","0","100.029273000167549","7.659424192414469"
"66","68049191833","ประกวดราคาจ้างก่อสร้างโครงการก่อสร้างระบบระบายน้ำหลักเพื่อบรรเทาปัญหาน้ำท่วมพื้นที่ชุมชนพระพุทธบาท อำเภอพระพุทธบาท จังหวัดสระบุรี ด้วยวิธีประกวดราคาอิเล็กทรอนิกส์ (e-bidding)","จ้างก่อสร้าง","กรมโยธาธิการและผังเมือง","ประกวดราคาอิเล็กทรอนิกส์ (e-bidding)","ระหว่างดำเนินการ","2/5/2025","24/10/2025","8/3/2028","บริษัท ไทยวัฒน์วิศวการทาง จำกัด","415522000101","2","บริษัท ไทยวัฒน์วิศวการทาง จำกัด","0415522000101","1","200000000.000000000000000","199900000.000000000000000","197900000.000000000000000","197900000.000000000000000","99.000000000000000","4","mid","2","R1|R9","ราคาตกลง ≥ 95% ของราคากลาง | ราคาผู้ชนะ vs อันดับ 2 < 5%","4","0.700000000000000","","","","","0.000000000000000","","","","","","","","กรุงเทพมหานคร","กทม","จ.ลพบุรี","latlong","real","14.681296130000000","100.789925400000001","1","1","0","0","0","0","0","1","0","0","100.789925399820078","14.681296129825293"
"67","68049198012","ประกวดราคาจ้างก่อสร้างโครงการก่อสร้างระบบระบายน้ำหลักเพื่อบรรเทาปัญหาน้ำท่วมพื้นที่ชุมชนพิบูลมังสาหาร   อำเภอพิบูลมังสาหาร  จังหวัดอุบลราชธานี ด้วยวิธีประกวดราคาอิเล็กทรอนิกส์ (e-bidding)","จ้างก่อสร้าง","กรมโยธาธิการและผังเมือง","ประกวดราคาอิเล็กทรอนิกส์ (e-bidding)","ระหว่างดำเนินการ","2/5/2025","4/11/2025","17/3/2028","ห้างหุ้นส่วนจำกัด อุบลวรสิทธิ์ก่อสร้าง","343523000162","3","ห้างหุ้นส่วนจำกัด อุบลวรสิทธิ์ก่อสร้าง","0343523000162","1","200000000.000000000000000","199940000.000000000000000","198000000.000000000000000","198000000.000000000000000","99.000000000000000","4","mid","2","R1|R9","ราคาตกลง ≥ 95% ของราคากลาง | ราคาผู้ชนะ vs อันดับ 2 < 5%","4","0.800000000000000","","","","","0.000000000000000","","","","","","","","กรุงเทพมหานคร","กทม","จ.อุบลราชธานี","latlong","real","15.242359750000000","105.226335599999999","1","1","0","0","0","0","0","1","0","0","105.226335599693542","15.242359750265937"
"68","68049245102","ประกวดราคาจ้างก่อสร้างโครงการก่อสร้างระบบป้องกันน้ำท่วมพื้นที่ชุมชนนครชัยศรี ระยะที่ 2 อำเภอนครชัยศรี จังหวัดนครปฐม ด้วยวิธีประกวดราคาอิเล็กทรอนิกส์ (e-bidding)","จ้างก่อสร้าง","กรมโยธาธิการและผังเมือง","ประกวดราคาอิเล็กทรอนิกส์ (e-bidding)","ระหว่างดำเนินการ","2/5/2025","4/11/2025","6/5/2028","บริษัท จตุรมาศ จำกัด","105503001761","4","บริษัท จตุรมาศ จำกัด","0105503001761","1","250000000.000000000000000","249930000.000000000000000","248680000.000000000000000","248680000.000000000000000","99.500000000000000","4","mid","2","R1|R9","ราคาตกลง ≥ 95% ของราคากลาง | ราคาผู้ชนะ vs อันดับ 2 < 5%","4","0.400000000000000","","","","","0.000000000000000","","","","","","","","กรุงเทพมหานคร","กทม","จ.นครปฐม","latlong","real","13.784554450000000","100.194734299999993","1","1","0","0","0","0","0","1","0","0","100.194734299610658","13.784554449748395"
"69","68049290425","ประกวดราคาจ้างทำสายอลูมิเนียมหุ้มฉนวนพีวีซี ขนาด 50 ตร.มม. จำนวน 6,200 กม. และ ขนาด 95 ตร.มม. จำนวน 2,200 กม. เลขที่ กจพ2-สฟ-020-2568 ด้วยวิธีประกวดราคาอิเล็กทรอนิกส์ (e-bidding)","จ้างทำของ/จ้างเหมาบริการ","การไฟฟ้าส่วนภูมิภาค","ประกวดราคาอิเล็กทรอนิกส์ (e-bidding)","ระหว่างดำเนินการ","23/7/2025","14/10/2025","11/2/2026","บริษัท สายไฟฟ้าไทย-ยาซากิ จำกัด","105505001539","2","บริษัท สายไฟฟ้าไทย-ยาซากิ จำกัด | บริษัท สายไฟฟ้าวีนายน์เคเบิ้ล  จำกัด","0105505001539 | 0145551001872","2","104892528.000000000000000","106181664.000000000000000","104063064.000000000000000","57689264.000000000000000","98.000000000000000","4","mid","2","R1|R9","ราคาตกลง ≥ 95% ของราคากลาง | ราคาผู้ชนะ vs อันดับ 2 < 5%","6","0.400000000000000","บริษัท สายไฟฟ้าไทย-ยาซากิ จำกัด","บริษัทจำกัด","ยังดำเนินกิจการอยู่","1962","100000000.000000000000000","กรุงเทพมหานคร","เขตคลองเตย","การผลิตสายไฟฟ้าและเคเบิลสำหรับงานไฟฟ้าและอิเล็กทรอนิกส์ อื่นๆ","","0.580000000000000","63","0","กรุงเทพมหานคร","กทม","กรุงเทพมหานคร","hq","province","13.772156839999999","100.495669079999999","1","1","0","0","0","0","0","1","0","0","100.495669077170945","13.772156835016906"
"70","68049367388","ประกวดราคาจ้างก่อสร้างโครงการก่อสร้างเขื่อนป้องกันตลิ่งริมแม่น้ำโขง พร้อมปรับภูมิทัศน์ บ้านคกเลาเหนือ (ต่อเนื่องเขื่อนเดิม ปี 63 ท้ายน้ำ) ตำบลบุฮม อำเภอเชียงคาน จังหวัดเลย ความยาว 610 เมตร ด้วยวิธีประกวดราคาอิเล็กทรอนิกส์ (e-bidding)","จ้างก่อสร้าง","กรมโยธาธิการและผังเมือง","ประกวดราคาอิเล็กทรอนิกส์ (e-bidding)","ระหว่างดำเนินการ","14/5/2025","20/10/2025","23/11/2027","ห้างหุ้นส่วนจำกัด เลยบริการ","403506000167","2","ห้างหุ้นส่วนจำกัด เลยบริการ","0403506000167","1","130000000.000000000000000","129891000.000000000000000","128590000.000000000000000","128590000.000000000000000","99.000000000000000","4","mid","2","R1|R9","ราคาตกลง ≥ 95% ของราคากลาง | ราคาผู้ชนะ vs อันดับ 2 < 5%","4","0.500000000000000","","","","","0.000000000000000","","","","","","","","กรุงเทพมหานคร","กทม","จ.เลย","latlong","real","17.939645929999998","101.785083799999995","1","1","0","0","0","0","0","1","0","0","101.785083800299333","17.939645930289458"
"71","68049370540","ประกวดราคาจ้างก่อสร้างโครงการพัฒนาเมืองเฉพาะพื้นที่เทศบาลตำบลห้วยเรือ ตำบลห้วยเรือ อำเภอเขื่องใน จังหวัดอุบลราชธานี ระยะที่ 4 ด้วยวิธีประกวดราคาอิเล็กทรอนิกส์ (e-bidding)","จ้างก่อสร้าง","กรมโยธาธิการและผังเมือง","ประกวดราคาอิเล็กทรอนิกส์ (e-bidding)","ระหว่างดำเนินการ","30/4/2025","4/11/2025","8/11/2027","ห้างหุ้นส่วนจำกัด เขื่องในวัสดุ","343534000592","1","ห้างหุ้นส่วนจำกัด เขื่องในวัสดุ","0343534000592","1","120000000.000000000000000","119780000.000000000000000","117554000.000000000000000","117554000.000000000000000","98.099999999999994","4","mid","2","R1|R9","ราคาตกลง ≥ 95% ของราคากลาง | ราคาผู้ชนะ vs อันดับ 2 < 5%","4","0.600000000000000","","","","","0.000000000000000","","","","","","","","กรุงเทพมหานคร","กทม","จ.อุบลราชธานี","latlong","real","15.368053250000001","104.557973500000003","1","1","0","0","0","0","0","1","0","0","104.557973500030613","15.368053250031720"
"72","68049373840","ประกวดราคาจ้างเหมาดำเนินการสอบแข่งขันเพื่อบรรจุบุคคลเป็นข้าราชการหรือพนักงานส่วนท้องถิ่น ด้วยวิธีประกวดราคาอิเล็กทรอนิกส์ (e-bidding)","จ้างทำของ/จ้างเหมาบริการ","กรมส่งเสริมการปกครองท้องถิ่น","ประกวดราคาอิเล็กทรอนิกส์ (e-bidding)","ระหว่างดำเนินการ","6/5/2025","24/10/2025","22/1/2026","มหาวิทยาลัยศรีนครินทรวิโรฒ","994000158181","1","มหาวิทยาลัยศรีนครินทรวิโรฒ","0994000158181","1","140248640.000000000000000","139328258.300000041723251","133236208.000000000000000","133236208.000000000000000","95.599999999999994","2","low","1","R1","ราคาตกลง ≥ 95% ของราคากลาง","3","31.399999999999999","","","","","0.000000000000000","","","","","","","","กรุงเทพมหานคร","กทม","กรุงเทพมหานคร","hq","province","13.773407580000001","100.496240470000004","1","1","0","0","0","0","0","0","0","0","100.496240466777110","13.773407581872625"
"587","68129342674","ประกวดราคาจ้างบริการงานด้านระบบไฟฟ้า แบบราคาคงที่ไม่จำกัดจำนวน ของ กฟฉ.2 ระยะเวลา 24 เดือน ประจำปี 2569-2571  (1 เมษายน2569 ถึง 31 มีนาคม 2571)  เลขที่ PEA-LBP-ฉ.2/001-2569 ด้วยวิธีประกวดราคาอิเล็กทรอนิกส์ (e-bidding)","จ้าง","การไฟฟ้าส่วนภูมิภาค","ประกวดราคาอิเล็กทรอนิกส์ (e-bidding)","ระหว่างดำเนินการ","27/1/2026","1/4/2026","31/3/2028","บริษัท สิริมงคลเพาเวอร์เคเบิล จำกัด","105541048337","1","บริษัท สิริมงคลเพาเวอร์เคเบิล จำกัด","0105541048337","1","848471615.899999976158142","848471615.899999976158142","847956270.720000028610229","847956270.720000028610229","99.900000000000006","2","low","1","R1","ราคาตกลง ≥ 95% ของราคากลาง","","","","","","","","","","","","","","","จ.อุบลราชธานี","ภาค 3","","","province","15.219586870000001","104.846427470000009","1","1","0","0","0","0","0","0","0","0","104.846427471308914","15.219586869177720"
"73","68049376048","ประกวดราคาจ้างก่อสร้างทางหลวงพิเศษระหว่างเมืองหมายเลข 9 สายถนนวงแหวนรอบนอกกรุงเทพมหานครด้านตะวันตก ช่วงบางบัวทอง - บางปะอิน ส่วนที่ 1 บางบัวทอง - ลาดหลุมแก้ว ในส่วนของงานโยธา ตอน 6 ด้วยวิธีประกวดราคาอิเล็กทรอนิกส์ (e-bidding)","จ้างก่อสร้าง","กรมทางหลวง","ประกวดราคาอิเล็กทรอนิกส์ (e-bidding)","ระหว่างดำเนินการ","30/4/2025","3/2/2026","18/1/2029","ห้างหุ้นส่วนจำกัด สี่แสงโยธาการ","103510013041","1","ห้างหุ้นส่วนจำกัด สี่แสงโยธาการ","0103510013041","1","740000000.000000000000000","629819889.799999952316284","629501900.000000000000000","629501900.000000000000000","99.900000000000006","4","mid","2","R1|R9","ราคาตกลง ≥ 95% ของราคากลาง | ราคาผู้ชนะ vs อันดับ 2 < 5%","3","0.000000000000000","ห้างหุ้นส่วนจำกัด สี่แสงโยธาการ","ห้างหุ้นส่วนจำกัด","ยังดำเนินกิจการอยู่","1967","1000000000.000000000000000","นนทบุรี","ปากเกร็ด","การก่อสร้างถนนสะพานและอุโมงค์","42101","0.630000000000000","58","1","กรุงเทพมหานคร","กทม","จ.ปทุมธานี","latlong","real","14.040428300000000","100.455025399999997","1","1","0","0","0","0","0","1","0","0","100.455025400418933","14.040428299943054"
"74","68049385273","ประกวดราคาจ้างก่อสร้างโครงการก่อสร้างเขื่อนป้องกันตลิ่งริมคลองคำปิง หมู่ที่ 21 (ระยะที่ 2) ตำบลบ้านเพชร อำเภอบำเหน็จณรงค์ จังหวัดชัยภูมิ ความยาวไม่น้อยกว่า 1,100 เมตร ด้วยวิธีประกวดราคาอิเล็กทรอนิกส์ (e-bidding)","จ้างก่อสร้าง","กรมโยธาธิการและผังเมือง","ประกวดราคาอิเล็กทรอนิกส์ (e-bidding)","ระหว่างดำเนินการ","14/5/2025","10/10/2025","15/11/2027","ห้างหุ้นส่วนจำกัด อึ้งแซเฮง","313525000208","3","ห้างหุ้นส่วนจำกัด อึ้งแซเฮง","0313525000208","1","105000000.000000000000000","104976000.000000000000000","104000000.000000000000000","104000000.000000000000000","99.099999999999994","4","mid","2","R1|R9","ราคาตกลง ≥ 95% ของราคากลาง | ราคาผู้ชนะ vs อันดับ 2 < 5%","4","0.500000000000000","","","","","0.000000000000000","","","","","","","","กรุงเทพมหานคร","กทม","จ.ชัยภูมิ","latlong","real","15.436814249999999","101.699831199999991","1","1","0","0","0","0","0","1","0","0","101.699831199587877","15.436814249640493"
"75","68049404073","ประกวดราคาซื้อรถผลิตน้ำดื่ม ขนาด 2,000 ลิตร/ชม. จำนวน 80 คัน ด้วยวิธีประกวดราคาอิเล็กทรอนิกส์ (e-bidding)","ซื้อ","กรมป้องกันและบรรเทาสาธารณภัย","ประกวดราคาอิเล็กทรอนิกส์ (e-bidding)","ระหว่างดำเนินการ","4/7/2025","29/12/2025","25/10/2026","บริษัท กรีนเทค ออโต้ จำกัด","135564015761","1","บริษัท กรีนเทค ออโต้ จำกัด","0135564015761","1","600000000.000000000000000","596400000.000000000000000","596000000.000000000000000","596000000.000000000000000","99.900000000000006","2","low","1","R1","ราคาตกลง ≥ 95% ของราคากลาง","3","9.800000000000001","","","","","0.000000000000000","","","","","","","","กรุงเทพมหานคร","กทม","กรุงเทพมหานคร","hq","province","13.774439360000001","100.496754260000003","1","1","0","0","0","0","0","0","0","0","100.496754256407229","13.774439358381381"
"76","68049455495","ประกวดราคาจ้างก่อสร้างโครงการพัฒนาพื้นที่ชุมชนโพกรวม ระยะที่ 3 อำเภอเมืองสิงห์บุรี จังหวัดสิงห์บุรี ด้วยวิธีประกวดราคาอิเล็กทรอนิกส์ (e-bidding)","จ้างก่อสร้าง","กรมโยธาธิการและผังเมือง","ประกวดราคาอิเล็กทรอนิกส์ (e-bidding)","ระหว่างดำเนินการ","28/5/2025","4/11/2025","27/1/2028","บริษัท เอส.เค.วาย.คอนสตรัคชั่น จำกัด","105526003948","4","บริษัท เอส.เค.วาย.คอนสตรัคชั่น จำกัด","0105526003948","1","198000000.000000000000000","197950000.000000000000000","196300000.000000000000000","196300000.000000000000000","99.200000000000003","4","mid","2","R1|R9","ราคาตกลง ≥ 95% ของราคากลาง | ราคาผู้ชนะ vs อันดับ 2 < 5%","4","0.700000000000000","","","","","0.000000000000000","","","","","","","","กรุงเทพมหานคร","กทม","จ.สิงห์บุรี","latlong","real","14.939686400000001","100.393678000000008","1","1","0","0","0","0","0","1","0","0","100.393677999785567","14.939686399765284"
"77","68049472929","ประกวดราคาจ้างก่อสร้างโครงการก่อสร้างเขื่อนป้องกันตลิ่งริมคลองปลายนา (ต่อเนื่องเขื่อนเดิม) หมู่ที่ 4 - หมู่ที่ 5 ตำบลวังน้ำซับ อำเภอศรีประจันต์ จังหวัดสุพรรณบุรี ความยาว 1,695 เมตร ด้วยวิธีประกวดราคาอิเล็กทรอนิกส์ (e-bidding)","จ้างก่อสร้าง","กรมโยธาธิการและผังเมือง","ประกวดราคาอิเล็กทรอนิกส์ (e-bidding)","ระหว่างดำเนินการ","21/5/2025","10/10/2025","4/1/2028","บริษัท เอส.เค.วาย.คอนสตรัคชั่น จำกัด","105526003948","4","บริษัท เอส.เค.วาย.คอนสตรัคชั่น จำกัด","0105526003948","1","155000000.000000000000000","154966000.000000000000000","153400000.000000000000000","153400000.000000000000000","99.000000000000000","4","mid","2","R1|R9","ราคาตกลง ≥ 95% ของราคากลาง | ราคาผู้ชนะ vs อันดับ 2 < 5%","3","0.700000000000000","","","","","0.000000000000000","","","","","","","","กรุงเทพมหานคร","กทม","จ.สุพรรณบุรี","latlong","real","14.665861140000001","100.140440299999995","1","1","0","0","0","0","0","1","0","0","100.140440299908278","14.665861139697389"
"78","68059020760","ประกวดราคาจ้างก่อสร้างอาคารรักษาพยาบาล (รพ.ขนาด 400 เตียง) เป็นอาคาร คสล. 4 ชั้น พื้นที่ใช้สอยประมาณ 5,774 ตารางเมตร โรงพยาบาลกันทรลักษ์  ตำบลน้ำอ้อม  อำเภอกันทรลักษ์  จังหวัดศรีสะเกษ  1 หลัง ด้วยวิธีประกวดราคาอิเล็กทรอนิกส์ (e-bidding)","จ้างก่อสร้าง","โรงพยาบาลกันทรลักษ์","ประกวดราคาอิเล็กทรอนิกส์ (e-bidding)","ระหว่างดำเนินการ","30/6/2025","29/1/2026","13/6/2027","บริษัท ส.การโยธา 1993 จำกัด","335536000044","1","บริษัท ส.การโยธา 1993 จำกัด","0335536000044","1","144933800.000000000000000","144925600.000000000000000","144898000.000000000000000","144898000.000000000000000","100.000000000000000","2","low","1","R1","ราคาตกลง ≥ 95% ของราคากลาง","2","8.199999999999999","","","","","0.000000000000000","","","","","","","","จ.ศรีสะเกษ","ภาค 3","จ.ศรีสะเกษ","latlong","real","14.636557190000000","104.650019100000009","1","1","0","0","0","0","0","0","0","0","104.650019099835106","14.636557190361328"
"79","68059021822","ประกวดราคาจ้างก่อสร้างโครงการพัฒนาพื้นที่ชุมชนลำทวน อำเภอเมืองยโสธร จังหวัดยโสธร ระยะที่ 2 ด้วยวิธีประกวดราคาอิเล็กทรอนิกส์ (e-bidding)","จ้างก่อสร้าง","กรมโยธาธิการและผังเมือง","ประกวดราคาอิเล็กทรอนิกส์ (e-bidding)","ระหว่างดำเนินการ","28/5/2025","17/10/2025","22/11/2027","ห้างหุ้นส่วนจำกัด อึ้งแซเฮง","313525000208","3","ห้างหุ้นส่วนจำกัด อึ้งแซเฮง","0313525000208","1","140000000.000000000000000","139930000.000000000000000","138500000.000000000000000","138500000.000000000000000","99.000000000000000","4","mid","2","R1|R9","ราคาตกลง ≥ 95% ของราคากลาง | ราคาผู้ชนะ vs อันดับ 2 < 5%","4","0.600000000000000","","","","","0.000000000000000","","","","","","","","กรุงเทพมหานคร","กทม","จ.ยโสธร","latlong","real","15.773466950000001","104.206047499999997","1","1","0","0","0","0","0","1","0","0","104.206047500182564","15.773466950096415"
"80","68059031688","ประกวดราคาจ้างก่อสร้างงานก่อสร้างและเพิ่มประสิทธิภาพระบบบำบัดน้ำเสีย เทศบาลนครอุบลราชธานี ตำบลในเมือง อำเภอเมืองอุบลราชธานี จังหวัดอุบลราชธานี ด้วยวิธีประกวดราคาอิเล็กทรอนิกส์ (e-bidding)","จ้างก่อสร้าง","องค์การจัดการน้ำเสีย","ประกวดราคาอิเล็กทรอนิกส์ (e-bidding)","ระหว่างดำเนินการ","13/5/2025","30/10/2025","17/4/2028","บริษัท ดับเบิ้ลที แอนด์เอส คอนสตรัคชั่น จำกัด","105555055829","1","บริษัท ดับเบิ้ลที แอนด์เอส คอนสตรัคชั่น จำกัด","0105555055829","1","460000000.000000000000000","460000000.000000000000000","455500000.000000000000000","455500000.000000000000000","99.000000000000000","4","mid","2","R1|R9","ราคาตกลง ≥ 95% ของราคากลาง | ราคาผู้ชนะ vs อันดับ 2 < 5%","3","0.100000000000000","","","","","0.000000000000000","","","","","","","","กรุงเทพมหานคร","กทม","จ.อุบลราชธานี","latlong","real","15.241787490000000","104.847909799999996","1","1","0","0","0","0","0","1","0","0","104.847909800223860","15.241787489839744"
"81","68059052342","ประกวดราคาจ้างก่อสร้างโครงการก่อสร้างระบบระบายน้ำหลักเพื่อบรรเทาปัญหาน้ำท่วมพื้นที่ชุมชนเมืองเลย ระยะที่ 4 อำเภอเมืองเลย จังหวัดเลย ด้วยวิธีประกวดราคาอิเล็กทรอนิกส์ (e-bidding)","จ้างก่อสร้าง","กรมโยธาธิการและผังเมือง","ประกวดราคาอิเล็กทรอนิกส์ (e-bidding)","ระหว่างดำเนินการ","21/5/2025","16/12/2025","22/6/2028","ห้างหุ้นส่วนจำกัด เลยบริการ","403506000167","2","ห้างหุ้นส่วนจำกัด เลยบริการ","0403506000167","1","250000000.000000000000000","249830000.000000000000000","247340000.000000000000000","247340000.000000000000000","99.000000000000000","4","mid","2","R1|R9","ราคาตกลง ≥ 95% ของราคากลาง | ราคาผู้ชนะ vs อันดับ 2 < 5%","3","0.700000000000000","","","","","0.000000000000000","","","","","","","","กรุงเทพมหานคร","กทม","จ.เลย","latlong","real","17.489284890000000","101.731300500000003","1","1","0","0","0","0","0","1","0","0","101.731300500022499","17.489284889733302"
"82","68059071998","ประกวดราคาจ้างจัดรถบริการนอกเขตลานจอดอากาศยานพลังงานไฟฟ้า (EV Bus) ณ ท่าอากาศยานสุวรรณภูมิ จำนวน 18 คัน ด้วยวิธีประกวดราคาอิเล็กทรอนิกส์ (e-bidding)","จ้างทำของ/จ้างเหมาบริการ","บริษัท ท่าอากาศยานไทย จำกัด (มหาชน)","ประกวดราคาอิเล็กทรอนิกส์ (e-bidding)","ระหว่างดำเนินการ","18/7/2025","31/10/2025","31/3/2034","บริษัท วี.อาร์.พี แอดวานซ์  จำกัด","105546153023","3","บริษัท วี.อาร์.พี แอดวานซ์  จำกัด","0105546153023","1","653752204.600000023841858","657220038.899999976158142","644157120.000000000000000","644157120.000000000000000","98.000000000000000","5","high","2","R1|R8","ราคาตกลง ≥ 95% ของราคากลาง | ยื่นรายเดียวใน Open Bid","1","","บริษัท วี.อาร์.พี แอดวานซ์  จำกัด","บริษัทจำกัด","ยังดำเนินกิจการอยู่","2003","150000000.000000000000000","กรุงเทพมหานคร","เขตจตุจักร","การให้เช่าและให้เช่าแบบลิสซิ่งยานยนต์ชนิดนั่งส่วนบุคคล รถกระบะรถตู้และรถขนาดเล็กที่คล้ายกัน","","4.290000000000000","22","1","จ.สมุทรปราการ","ภาค 1","จ.สมุทรปราการ","hq","province","13.597422780000000","100.615411859999995","1","1","0","0","0","0","1","0","0","0","100.615411856310644","13.597422777537954"
"83","68059096734","ประกวดราคาซื้อท่อพีวีซี. ปากระฆัง ชั้นคุณภาพ 10.5 ศก. 100 - 300 มม. (MT-PVC) สำหรับใช้งานในพื้นที่ภาค 1 จำนวน 4 รายการ เลขที่ ซค.84-2568 ด้วยวิธีประกวดราคาอิเล็กทรอนิกส์ (e-bidding)","ซื้อ","การประปานครหลวง","ประกวดราคาอิเล็กทรอนิกส์ (e-bidding)","ระหว่างดำเนินการ","4/7/2025","6/10/2025","6/10/2026","บริษัท ทียูจี (2014) จำกัด","105566026183","1","บริษัท ทียูจี (2014) จำกัด","0105566026183","1","159311016.000000000000000","147400632.000000000000000","147381372.000000000000000","147381372.000000000000000","100.000000000000000","4","mid","2","R1|R9","ราคาตกลง ≥ 95% ของราคากลาง | ราคาผู้ชนะ vs อันดับ 2 < 5%","3","0.400000000000000","","","","","0.000000000000000","","","","","","","","กรุงเทพมหานคร","กทม","กรุงเทพมหานคร","hq","province","13.747320269999999","100.555454610000012","1","1","0","0","0","0","0","1","0","0","100.555454606664256","13.747320270405643"
"84","68059113536","ประกวดราคาจ้างก่อสร้างก่อสร้างโครงการ โรงเรียนวิทยาศาสตร์จุฬาภรณราชวิทยาลัย สุพรรณบุรี ตำบลทุ่งคอก อำเภอสองพี่น้อง จังหวัดสุพรรณบุรี ด้วยวิธีประกวดราคาอิเล็กทรอนิกส์ (e-bidding)","จ้างก่อสร้าง","สำนักงานคณะกรรมการการศึกษาขั้นพื้นฐาน","ประกวดราคาอิเล็กทรอนิกส์ (e-bidding)","ระหว่างดำเนินการ","21/5/2025","5/11/2025","23/4/2028","กิจการร่วมค้า ลำปางไพศาล และโอเบการก่อสร้าง","993000523075","1","กิจการร่วมค้า ลำปางไพศาล และโอเบการก่อสร้าง","0993000523075","1","439431900.000000000000000","439415800.000000000000000","417000000.000000000000000","417000000.000000000000000","94.900000000000006","2","low","1","R9","ราคาผู้ชนะ vs อันดับ 2 < 5%","2","0.000000000000000","","","","","0.000000000000000","","","","","","","","จ.สุพรรณบุรี","ภาค 7","จ.สุพรรณบุรี","latlong","real","14.157528200000000","99.957312049999999","1","0","0","0","0","0","0","1","0","0","99.957312050266367","14.157528200150239"
"85","68059126009","ประกวดราคาจ้างก่อสร้างโครงการก่อสร้างเขื่อนป้องกันตลิ่งริมห้วยกระเสียว หมู่ที่ 2 ตำบลห้วยแห้ง อำเภอบ้านไร่ จังหวัดอุทัยธานี ความยาวไม่น้อยกว่า 1,200 เมตร ด้วยวิธีประกวดราคาอิเล็กทรอนิกส์ (e-bidding)","จ้างก่อสร้าง","กรมโยธาธิการและผังเมือง","ประกวดราคาอิเล็กทรอนิกส์ (e-bidding)","ระหว่างดำเนินการ","28/5/2025","10/10/2025","15/11/2027","บริษัท ตั้งเจริญ จำกัด","725559001141","8","บริษัท ตั้งเจริญ จำกัด","0725559001141","1","110000000.000000000000000","109966000.000000000000000","109030000.000000000000000","109030000.000000000000000","99.099999999999994","4","mid","2","R1|R9","ราคาตกลง ≥ 95% ของราคากลาง | ราคาผู้ชนะ vs อันดับ 2 < 5%","3","0.600000000000000","","","","","0.000000000000000","","","","","","","","กรุงเทพมหานคร","กทม","จ.อุทัยธานี","latlong","real","15.155203910000001","99.553513409999994","1","1","0","0","0","0","0","1","0","0","99.553513410156924","15.155203909769462"
"86","68059182289","ประกวดราคาจ้างก่อสร้างโครงการก่อสร้างระบบระบายน้ำหลักเพื่อบรรเทาปัญหาน้ำท่วมพื้นที่ชุมชนพะวง ระยะที่ 1 อำเภอเมืองสงขลา จังหวัดสงขลา ด้วยวิธีประกวดราคาอิเล็กทรอนิกส์ (e-bidding)","จ้างก่อสร้าง","กรมโยธาธิการและผังเมือง","ประกวดราคาอิเล็กทรอนิกส์ (e-bidding)","ระหว่างดำเนินการ","28/5/2025","18/12/2025","22/6/2028","บริษัท ตั้งเจริญ จำกัด","725559001141","8","บริษัท ตั้งเจริญ จำกัด","0725559001141","1","260000000.000000000000000","259880000.000000000000000","258000000.000000000000000","258000000.000000000000000","99.299999999999997","4","mid","2","R1|R9","ราคาตกลง ≥ 95% ของราคากลาง | ราคาผู้ชนะ vs อันดับ 2 < 5%","3","0.700000000000000","","","","","0.000000000000000","","","","","","","","กรุงเทพมหานคร","กทม","จ.สงขลา","latlong","real","7.104037850000000","100.585904299999996","1","1","0","0","0","0","0","1","0","0","100.585904300386758","7.104037847067904"
"87","68059182466","ประกวดราคาจ้างก่อสร้างโครงการก่อสร้างเขื่อนป้องกันตลิ่งริมแม่น้ำแม่กลอง พร้อมปรับปรุงภูมิทัศน์ หมู่ที่ 3, 4, 7 ตำบลแสนตอ อำเภอท่ามะกา จังหวัดกาญจนบุรี ความยาว 860 เมตร ด้วยวิธีประกวดราคาอิเล็กทรอนิกส์ (e-bidding)","จ้างก่อสร้าง","กรมโยธาธิการและผังเมือง","ประกวดราคาอิเล็กทรอนิกส์ (e-bidding)","ระหว่างดำเนินการ","28/5/2025","10/10/2025","15/11/2027","บริษัท จตุรมาศ จำกัด","105503001761","4","บริษัท จตุรมาศ จำกัด","0105503001761","1","110000000.000000000000000","109946000.000000000000000","109050000.000000000000000","109050000.000000000000000","99.200000000000003","4","mid","2","R1|R9","ราคาตกลง ≥ 95% ของราคากลาง | ราคาผู้ชนะ vs อันดับ 2 < 5%","4","0.500000000000000","","","","","0.000000000000000","","","","","","","","กรุงเทพมหานคร","กทม","จ.กาญจนบุรี","latlong","real","13.921130690000000","99.731230280000005","1","1","0","0","0","0","0","1","0","0","99.731230280392523","13.921130690413490"
"88","68059186328","ประกวดราคาจ้างก่อสร้างโครงการก่อสร้างระบบระบายน้ำหลักเพื่อบรรเทาปัญหาน้ำท่วมพื้นที่ชุมชนเมืองราชบุรี ระยะที่ 2 อำเภอเมืองราชบุรี จังหวัดราชบุรี ด้วยวิธีประกวดราคาอิเล็กทรอนิกส์ (e-bidding)","จ้างก่อสร้าง","กรมโยธาธิการและผังเมือง","ประกวดราคาอิเล็กทรอนิกส์ (e-bidding)","ระหว่างดำเนินการ","28/5/2025","14/11/2025","29/3/2028","บริษัท จตุรมาศ จำกัด","105503001761","4","บริษัท จตุรมาศ จำกัด","0105503001761","1","200000000.000000000000000","199960000.000000000000000","198900000.000000000000000","198900000.000000000000000","99.500000000000000","4","mid","2","R1|R9","ราคาตกลง ≥ 95% ของราคากลาง | ราคาผู้ชนะ vs อันดับ 2 < 5%","4","0.400000000000000","","","","","0.000000000000000","","","","","","","","กรุงเทพมหานคร","กทม","จ.ราชบุรี","latlong","real","13.506002200000001","99.793316360000006","1","1","0","0","0","0","0","1","0","0","99.793316360294142","13.506002200213683"
"89","68059200190","ประกวดราคาจ้างก่อสร้างโครงการก่อสร้างเขื่อนป้องกันตลิ่งริมแม่น้ำน่าน หมู่ที่ ๑ ตำบลแควใหญ่ อำเภอเมืองนครสวรรค์ จังหวัดนครสวรรค์ ความยาวไม่น้อยกว่า ๖๐๐ เมตร ด้วยวิธีประกวดราคาอิเล็กทรอนิกส์ (e-bidding)","จ้างก่อสร้าง","กรมโยธาธิการและผังเมือง","ประกวดราคาอิเล็กทรอนิกส์ (e-bidding)","ระหว่างดำเนินการ","28/5/2025","10/10/2025","15/11/2027","บริษัท ตั้งเจริญ จำกัด","725559001141","8","บริษัท ตั้งเจริญ จำกัด","0725559001141","1","110000000.000000000000000","109965000.000000000000000","108870000.000000000000000","108870000.000000000000000","99.000000000000000","4","mid","2","R1|R9","ราคาตกลง ≥ 95% ของราคากลาง | ราคาผู้ชนะ vs อันดับ 2 < 5%","3","0.900000000000000","","","","","0.000000000000000","","","","","","","","กรุงเทพมหานคร","กทม","จ.นครสวรรค์","latlong","real","15.713294360000001","100.173777299999998","1","1","0","0","0","0","0","1","0","0","100.173777300226504","15.713294359588156"
"90","68059210060","ประกวดราคาจ้างจัดให้มีบริการอินเทอร์เน็ตความเร็วสูงในพื้นที่อุทยานแห่งชาติ ด้วยวิธีประกวดราคาอิเล็กทรอนิกส์ (e-bidding)","จ้างทำของ/จ้างเหมาบริการ","กรมอุทยานแห่งชาติ สัตว์ป่า และพันธุ์พืช","ประกวดราคาอิเล็กทรอนิกส์ (e-bidding)","ระหว่างดำเนินการ","29/8/2025","15/1/2026","15/1/2027","บริษัทจำกัด บริษัท แสงศิริ คอร์ปอเรชั่น  จำกัด(สัญญากิจการค้าร่วม)","125547003521","1","บริษัทจำกัด บริษัท แสงศิริ คอร์ปอเรชั่น  จำกัด(สัญญากิจการค้าร่วม) | บริษัทจำกัด บริษัท เทค แอดวานซ์ โซลูชั่น จำกัด(สัญญากิจการค้าร่วม)","0125547003521 | 0125560010544","2","161744672.599999994039536","161990617.000000000000000","161516082.699999988079071","0.000000000000000","99.700000000000003","4","mid","2","R1|R9","ราคาตกลง ≥ 95% ของราคากลาง | ราคาผู้ชนะ vs อันดับ 2 < 5%","2","0.100000000000000","","","","","0.000000000000000","","","","","","","","กรุงเทพมหานคร","กทม","กรุงเทพมหานคร","hq","province","13.744701530000000","100.556009219999993","1","1","0","0","0","0","0","1","0","0","100.556009222029104","13.744701532491185"
"91","68059222974","ประกวดราคาจ้างก่อสร้างโครงการก่อสร้างเขื่อนป้องกันตลิ่งริมแม่น้ำน่าน หมู่ที่ 5 ตำบลโคกสลุด อำเภอบางกระทุ่ม จังหวัดพิษณุโลก ความยาวไม่น้อยกว่า 650 เมตร ด้วยวิธีประกวดราคาอิเล็กทรอนิกส์ (e-bidding)","จ้างก่อสร้าง","กรมโยธาธิการและผังเมือง","ประกวดราคาอิเล็กทรอนิกส์ (e-bidding)","ระหว่างดำเนินการ","28/5/2025","14/10/2025","17/11/2027","กิจการร่วมค้า เจบีเอสแอล","993000521081","2","กิจการร่วมค้า เจบีเอสแอล","0993000521081","1","110000000.000000000000000","109922000.000000000000000","109000000.000000000000000","109000000.000000000000000","99.200000000000003","4","mid","2","R1|R9","ราคาตกลง ≥ 95% ของราคากลาง | ราคาผู้ชนะ vs อันดับ 2 < 5%","3","0.800000000000000","","","","","0.000000000000000","","","","","","","","กรุงเทพมหานคร","กทม","จ.พิจิตร","latlong","real","16.574360080000002","100.252697699999999","1","1","0","0","0","0","0","1","0","0","100.252697699856370","16.574360079643203"
"92","68059224387","ประกวดราคาจ้างก่อสร้างโครงการเพิ่มประสิทธิภาพการระบายน้ำและปรับปรุงภูมิทัศน์คลองวัดเกาะ ตำบลคลองกระแซง อำเภอเมืองเพชรบุรี จังหวัดเพชรบุรี ด้วยวิธีประกวดราคาอิเล็กทรอนิกส์ (e-bidding)","จ้างก่อสร้าง","กรมโยธาธิการและผังเมือง","ประกวดราคาอิเล็กทรอนิกส์ (e-bidding)","ระหว่างดำเนินการ","28/5/2025","18/12/2025","24/1/2028","ห้างหุ้นส่วนจำกัด จอมพล การค้า","763536000171","1","ห้างหุ้นส่วนจำกัด จอมพล การค้า","0763536000171","1","137000000.000000000000000","136900000.000000000000000","135531000.000000000000000","135531000.000000000000000","99.000000000000000","4","mid","2","R1|R9","ราคาตกลง ≥ 95% ของราคากลาง | ราคาผู้ชนะ vs อันดับ 2 < 5%","3","0.800000000000000","","","","","0.000000000000000","","","","","","","","กรุงเทพมหานคร","กทม","จ.เพชรบุรี","latlong","real","13.099261779999999","99.952667419999997","1","1","0","0","0","0","0","1","0","0","99.952667419785996","13.099261779800360"
"93","68059227159","ประกวดราคาจ้างก่อสร้างโครงการก่อสร้างเขื่อนป้องกันตลิ่งริมแม่น้ำลำภาชี พร้อมปรับปรุงภูมิทัศน์ หมู่ที่ 10 ตำบลด่านมะขามเตี้ย อำเภอด่านมะขามเตี้ย จังหวัดกาญจนบุรี ความยาว 1,660 เมตร ด้วยวิธีประกวดราคาอิเล็กทรอนิกส์ (e-bidding)","จ้างก่อสร้าง","กรมโยธาธิการและผังเมือง","ประกวดราคาอิเล็กทรอนิกส์ (e-bidding)","ระหว่างดำเนินการ","28/5/2025","10/10/2025","15/11/2027","บริษัท จตุรมาศ จำกัด","105503001761","4","บริษัท จตุรมาศ จำกัด","0105503001761","1","110000000.000000000000000","109950000.000000000000000","109050000.000000000000000","109050000.000000000000000","99.200000000000003","4","mid","2","R1|R9","ราคาตกลง ≥ 95% ของราคากลาง | ราคาผู้ชนะ vs อันดับ 2 < 5%","3","0.500000000000000","","","","","0.000000000000000","","","","","","","","กรุงเทพมหานคร","กทม","จ.กาญจนบุรี","latlong","real","13.808222789999999","99.318691229999999","1","1","0","0","0","0","0","1","0","0","99.318691230197928","13.808222790001411"
"94","68059243949","ประกวดราคาจ้างก่อสร้างโครงการก่อสร้างระบบป้องกันน้ำท่วมพื้นที่ชุมชนคลองขุด ระยะที่ 1 อำเภอเมืองสตูล จังหวัดสตูล ด้วยวิธีประกวดราคาอิเล็กทรอนิกส์ (e-bidding)","จ้างก่อสร้าง","กรมโยธาธิการและผังเมือง","ประกวดราคาอิเล็กทรอนิกส์ (e-bidding)","ระหว่างดำเนินการ","28/5/2025","18/12/2025","22/6/2028","บริษัท ตากใบการโยธา จำกัด","965557000285","3","บริษัท ตากใบการโยธา จำกัด","0965557000285","1","250000000.000000000000000","249950000.000000000000000","247950000.000000000000000","247950000.000000000000000","99.200000000000003","4","mid","2","R1|R9","ราคาตกลง ≥ 95% ของราคากลาง | ราคาผู้ชนะ vs อันดับ 2 < 5%","3","0.800000000000000","","","","","0.000000000000000","","","","","","","","กรุงเทพมหานคร","กทม","จ.สตูล","latlong","real","6.622980600000000","100.121926399999992","1","1","0","0","0","0","0","1","0","0","100.121926400093315","6.622980602645290"
"95","68059245950","ประกวดราคาจ้างก่อสร้างโครงการก่อสร้างระบบป้องกันน้ำท่วมพื้นที่ชุมชนวังกรด อำเภอเมืองพิจิตร จังหวัดพิจิตร ด้วยวิธีประกวดราคาอิเล็กทรอนิกส์ (e-bidding)","จ้างก่อสร้าง","กรมโยธาธิการและผังเมือง","ประกวดราคาอิเล็กทรอนิกส์ (e-bidding)","ระหว่างดำเนินการ","28/5/2025","22/12/2025","4/5/2028","บริษัท ทิพากร จำกัด","105522016689","1","บริษัท ทิพากร จำกัด","0105522016689","1","200000000.000000000000000","199930000.000000000000000","198300000.000000000000000","198300000.000000000000000","99.200000000000003","4","mid","2","R1|R9","ราคาตกลง ≥ 95% ของราคากลาง | ราคาผู้ชนะ vs อันดับ 2 < 5%","4","0.600000000000000","","","","","0.000000000000000","","","","","","","","กรุงเทพมหานคร","กทม","จ.พิจิตร","latlong","real","16.392014400000001","100.426490299999998","1","1","0","0","0","0","0","1","0","0","100.426490300434551","16.392014400402900"
"96","68059273105","ประกวดราคาจ้างก่อสร้างโครงการก่อสร้างระบบระบายน้ำหลักเพื่อบรรเทาปัญหาน้ำท่วมพื้นที่ชุมชนเมืองปัก อำเภอปักธงชัย จังหวัดนครราชสีมา ด้วยวิธีประกวดราคาอิเล็กทรอนิกส์ (e-bidding)","จ้างก่อสร้าง","กรมโยธาธิการและผังเมือง","ประกวดราคาอิเล็กทรอนิกส์ (e-bidding)","ระหว่างดำเนินการ","28/5/2025","4/11/2025","17/3/2028","บริษัท เอส เทค ซีวิล แอนด์ คอนสตรัคชั่น จำกัด","105539031392","3","บริษัท เอส เทค ซีวิล แอนด์ คอนสตรัคชั่น จำกัด","0105539031392","1","200000000.000000000000000","199970000.000000000000000","198000000.000000000000000","198000000.000000000000000","99.000000000000000","4","mid","2","R1|R9","ราคาตกลง ≥ 95% ของราคากลาง | ราคาผู้ชนะ vs อันดับ 2 < 5%","4","0.600000000000000","","","","","0.000000000000000","","","","","","","","กรุงเทพมหานคร","กทม","จ.นครราชสีมา","latlong","real","14.721825630000000","102.038295099999999","1","1","0","0","0","0","0","1","0","0","102.038295099588723","14.721825630423471"
"97","68059356863","ประกวดราคาจ้างจ้างบริการเพื่อเพิ่มประสิทธิภาพและบำรุงรักษาซอฟต์แวร์ที่เกี่ยวข้องกับระบบภูมิสารสนเทศระบบไฟฟ้า จำนวน 3 รายการ ด้วยวิธีประกวดราคาอิเล็กทรอนิกส์ (e-Bidding) ด้วยวิธีประกวดราคาอิเล็กทรอนิกส์ (e-bidding)","จ้างทำของ/จ้างเหมาบริการ","การไฟฟ้าส่วนภูมิภาค","ประกวดราคาอิเล็กทรอนิกส์ (e-bidding)","ระหว่างดำเนินการ","2/9/2025","26/1/2026","30/4/2029","บริษัท จีไอเอส  จำกัด","105534045565","1","บริษัท จีไอเอส  จำกัด","0105534045565","1","135118337.400000005960464","135118337.400000005960464","135099270.000000000000000","135099270.000000000000000","100.000000000000000","4","mid","2","R1|R9","ราคาตกลง ≥ 95% ของราคากลาง | ราคาผู้ชนะ vs อันดับ 2 < 5%","2","0.000000000000000","บริษัท จีไอเอส  จำกัด","บริษัทจำกัด","ยังดำเนินกิจการอยู่","1991","40000000.000000000000000","กรุงเทพมหานคร","เขตยานนาวา","การซื้อและการขายอสังหาริมทรัพย์ที่เป็นของตนเองที่ไม่ใช่ เพื่อเป็นที่พักอาศัย","","3.380000000000000","34","0","กรุงเทพมหานคร","กทม","กรุงเทพมหานคร","hq","province","13.742944100000001","100.556225470000001","1","1","0","0","0","0","0","1","0","0","100.556225473467450","13.742944104597473"
"98","68059363474","ซื้อโครงการพัฒนาและปรับปรุงระบบสารสนเทศข่าวอากาศเพื่อการบินของกองทัพอากาศ โดยวิธีคัดเลือก","ซื้อ","กองทัพอากาศ","คัดเลือก","ระหว่างดำเนินการ","","23/2/2026","22/2/2029","บริษัท มาร์วิน เทคโนโลยีส์ จำกัด","105551041947","2","บริษัท มาร์วิน เทคโนโลยีส์ จำกัด","0105551041947","1","190000000.000000000000000","189375000.000000000000000","137500000.000000000000000","137500000.000000000000000","72.599999999999994","0","low","0","","","3","37.600000000000001","บริษัท มาร์วิน เทคโนโลยีส์ จำกัด","บริษัทจำกัด","ยังดำเนินกิจการอยู่","2008","70000000.000000000000000","กรุงเทพมหานคร","เขตคลองสาน","การขายส่งเครื่องจักรและอุปกรณ์อื่นๆซึ่งมิได้จัดประเภทไว้ในที่อื่น","","1.960000000000000","","0","กรุงเทพมหานคร","กทม","กรุงเทพมหานคร","hq","province","13.742899130000001","100.556228020000006","1","0","0","0","0","0","0","0","0","0","100.556228024682852","13.742899132652116"
"99","68059399220","ประกวดราคาจ้างก่อสร้างโครงการก่อสร้างระบบระบายน้ำหลักเพื่อบรรเทาปัญหาน้ำท่วมพื้นที่ชุมชนเมืองระนอง ระยะที่ 1 อำเภอเมืองระนอง จังหวัดระนอง ด้วยวิธีประกวดราคาอิเล็กทรอนิกส์ (e-bidding)","จ้างก่อสร้าง","กรมโยธาธิการและผังเมือง","ประกวดราคาอิเล็กทรอนิกส์ (e-bidding)","ระหว่างดำเนินการ","6/6/2025","4/11/2025","17/3/2028","บริษัท ซีวิลเอนจีเนียริง จำกัด (มหาชน)","107563000169","3","บริษัท ซีวิลเอนจีเนียริง จำกัด (มหาชน)","0107563000169","1","200000000.000000000000000","199630000.000000000000000","198500000.000000000000000","198500000.000000000000000","99.400000000000006","4","mid","2","R1|R9","ราคาตกลง ≥ 95% ของราคากลาง | ราคาผู้ชนะ vs อันดับ 2 < 5%","4","0.500000000000000","","","","","0.000000000000000","","","","","","","","กรุงเทพมหานคร","กทม","จ.ระนอง","latlong","real","9.964628270000000","98.634650350000001","1","1","0","0","0","0","0","1","0","0","98.634650349689338","9.964628271059524"
"100","68059405835","ประกวดราคาซื้อรถบรรทุกกระบะเทท้าย 10 ล้อ ขนาดความจุกระบะ 10 ลบ.ม. ด้วยวิธีประกวดราคาอิเล็กทรอนิกส์ (e-bidding)","ซื้อ","กรมชลประทาน","ประกวดราคาอิเล็กทรอนิกส์ (e-bidding)","ระหว่างดำเนินการ","5/8/2025","3/12/2025","1/6/2026","บริษัท เจ เจ บี โซลูชั่น จำกัด","755567000433","1","บริษัท เจ เจ บี โซลูชั่น จำกัด","0755567000433","1","135000000.000000000000000","135000000.000000000000000","134625000.000000000000000","134625000.000000000000000","99.700000000000003","6","high","4","R1|R9|R10|R11","ราคาตกลง ≥ 95% ของราคากลาง | ราคาผู้ชนะ vs อันดับ 2 < 5% | ทุนจดทะเบียนต่ำเทียบมูลค่าสัญญา | บริษัทจดทะเบียนใหม่ก่อนชนะโครงการ","2","0.200000000000000","บริษัท เจ เจ บี โซลูชั่น จำกัด","บริษัทจำกัด","ยังดำเนินกิจการอยู่","2024","1000000.000000000000000","สมุทรสงคราม","เมืองสมุทรสงคราม","การขายยานยนต์ใหม่ชนิดรถยนต์นั่งส่วนบุคคลรถกระบะรถตู้ และรถขนาดเล็กที่คล้ายกัน","45101","134.620000000000005","1","1","กรุงเทพมหานคร","กทม","กรุงเทพมหานคร","hq","province","13.741623649999999","100.556341309999993","1","1","0","0","0","0","0","1","1","1","100.556341314816578","13.741623648492114"
"101","68059434122","ประกวดราคาจ้างโครงการพัฒนาแพลตฟอร์มภาครัฐเพื่อรองรับการพัฒนาทักษะดิจิทัล เรียนรู้มีรายได้ เรียนรู้ง่ายตลอดชีวิต ผ่านรูปแบบ Learn to Earn ด้วยวิธีประกวดราคาอิเล็กทรอนิกส์ (e-bidding)","จ้างทำของ/จ้างเหมาบริการ","สำนักงานคณะกรรมการดิจิทัลเพื่อเศรษฐกิจและสังคมแห่งชาติ (สดช.)","ประกวดราคาอิเล็กทรอนิกส์ (e-bidding)","ระหว่างดำเนินการ","6/6/2025","4/12/2025","29/11/2026","บริษัท เจ็น คอนเน็คท์ จำกัด","105557068421","1","บริษัท เจ็น คอนเน็คท์ จำกัด","0105557068421","1","233717240.000000000000000","233717240.000000000000000","216880000.000000000000000","216880000.000000000000000","92.799999999999997","2","low","1","R9","ราคาผู้ชนะ vs อันดับ 2 < 5%","4","0.100000000000000","","","","","0.000000000000000","","","","","","","","กรุงเทพมหานคร","กทม","กรุงเทพมหานคร","hq","province","13.741474030000001","100.556342759999993","1","0","0","0","0","0","0","1","0","0","100.556342756612622","13.741474031996875"
"588","68129390448","ประกวดราคาจ้างก่อสร้างงานก่อสร้างและเพิ่มประสิทธิภาพระบบบำบัดน้ำเสีย เทศบาลเมืองกระบี่ ตำบลปากน้ำ อำเภอเมืองกระบี่ จังหวัดกระบี่ ด้วยวิธีประกวดราคาอิเล็กทรอนิกส์ (e-bidding)","จ้าง","องค์การจัดการน้ำเสีย","ประกวดราคาอิเล็กทรอนิกส์ (e-bidding)","ระหว่างดำเนินการ","28/1/2026","20/4/2026","9/4/2028","บริษัท เคเอ็มไอที คอนสตรัคชั่น จำกัด","835552006642","2","บริษัท เคเอ็มไอที คอนสตรัคชั่น จำกัด","0835552006642","1","295000000.000000000000000","295000000.000000000000000","293230000.000000000000000","293230000.000000000000000","99.400000000000006","2","low","1","R1","ราคาตกลง ≥ 95% ของราคากลาง","","","","","","","","","","","","","","","กรุงเทพมหานคร","กทม","","","real","8.099750390000001","98.911180650000006","1","1","0","0","0","0","0","0","0","0","98.911180653418143","8.099750386365267"
"102","68059478035","ประกวดราคาซื้อรถก่อสร้างสายอากาศพร้อมปั้นจั่นไฮดรอลิค (HD. DERRICK LINE TRUCK) จำนวน 9 คัน ปีงบประมาณ 2568 ด้วยวิธีประกวดราคาอิเล็กทรอนิกส์ (e-bidding)","ซื้อ","การไฟฟ้านครหลวง","ประกวดราคาอิเล็กทรอนิกส์ (e-bidding)","ระหว่างดำเนินการ","31/10/2025","20/2/2026","15/7/2027","บริษัท มิตรแลนด์ คอร์ปอร์เรชั่น จำกัด","105524029931","1","บริษัท มิตรแลนด์ คอร์ปอร์เรชั่น จำกัด","0105524029931","1","134820000.000000000000000","124804800.000000000000000","118256400.000000000000000","118256400.000000000000000","94.799999999999997","0","low","0","","","2","5.400000000000000","บริษัท มิตรแลนด์ คอร์ปอร์เรชั่น จำกัด","บริษัทจำกัด","ยังดำเนินกิจการอยู่","1981","100000000.000000000000000","กรุงเทพมหานคร","เขตประเวศ","กิจกรรมการบริการอื่นๆเพื่อสนับสนุนธุรกิจซึ่งมิได้จัดประเภทไว้ ในที่อื่น","82990","1.180000000000000","44","0","กรุงเทพมหานคร","กทม","กรุงเทพมหานคร","hq","province","13.741265270000000","100.556343239999990","1","0","0","0","0","0","0","0","0","0","100.556343241702891","13.741265268571368"
"103","68059495971","ประกวดราคาจ้างก่อสร้างโครงการก่อสร้างเขื่อนป้องกันตลิ่งริมแม่น้ำโขงพร้อมปรับภูมิทัศน์ บริเวณหลังโรงเรียนบ้านนาแวง (ต่อเนื่องเขื่อนเดิม ปี ๓๘ ท้ายน้ำ) ตำบลนาแวง อำเภอเขมราฐ จังหวัดอุบลราชธานี ความยาว ๕๐๐ เมตร ด้วยวิธีประกวดราคาอิเล็กทรอนิกส์ (e-bidding)","จ้างก่อสร้าง","กรมโยธาธิการและผังเมือง","ประกวดราคาอิเล็กทรอนิกส์ (e-bidding)","ระหว่างดำเนินการ","18/6/2025","14/11/2025","20/12/2027","บริษัท ส.เขมราฐอินดัสตรี้ จำกัด","105529024270","3","บริษัท ส.เขมราฐอินดัสตรี้ จำกัด","0105529024270","1","110000000.000000000000000","109943000.000000000000000","109000000.000000000000000","109000000.000000000000000","99.099999999999994","4","mid","2","R1|R9","ราคาตกลง ≥ 95% ของราคากลาง | ราคาผู้ชนะ vs อันดับ 2 < 5%","5","0.500000000000000","","","","","0.000000000000000","","","","","","","","กรุงเทพมหานคร","กทม","จ.อำนาจเจริญ","latlong","real","16.012858819999998","105.318922099999995","1","1","0","0","0","0","0","1","0","0","105.318922100283459","16.012858820022871"
"104","68059504952","จ้างบริการจัดการด้านวิศวกรรมชีวการแพทย์ คณะแพทยศาสตร์โรงพยาบาลรามาธิบดี จำนวน 1 งาน โดยวิธีเฉพาะเจาะจง","จ้างทำของ/จ้างเหมาบริการ","คณะแพทยศาสตร์โรงพยาบาลรามาธิบดี มหาวิทยาลัยมหิดล","เฉพาะเจาะจง","ระหว่างดำเนินการ","","1/10/2025","30/9/2026","บริษัท อาร์เอฟเอส จำกัด","105554008762","1","บริษัท อาร์เอฟเอส จำกัด","0105554008762","1","247692500.000000000000000","282984000.000000000000000","244797000.000000000000000","244797000.000000000000000","86.500000000000000","4","mid","2","R4|R10","ใช้วิธีเฉพาะเจาะจง | ทุนจดทะเบียนต่ำเทียบมูลค่าสัญญา","1","","บริษัท อาร์เอฟเอส จำกัด","บริษัทจำกัด","ยังดำเนินกิจการอยู่","2011","30000000.000000000000000","กรุงเทพมหานคร","เขตราชเทวี","การซ่อมและบำรุงรักษาเครื่องฉายรังสีและเครื่องมืออิเล็กทรอนิกส์ทางการแพทย์และทางการบำบัดรักษา","33132","8.160000000000000","","0","กรุงเทพมหานคร","กทม","กรุงเทพมหานคร","hq","province","13.740032780000000","100.556393109999988","1","0","0","1","0","0","0","0","1","0","100.556393109879266","13.740032780288377"
"105","68059508424","ประกวดราคาจ้างก่อสร้างโครงการก่อสร้างเขื่อนป้องกันตลิ่งริมแม่น้ำป่าสัก หมู่ที่ ๔ - หมู่ที่ ๑๐ ตำบลสักหลง อำเภอหล่มสัก จังหวัดเพชรบูรณ์ ความยาว ๙๙๐ เมตร ด้วยวิธีประกวดราคาอิเล็กทรอนิกส์ (e-bidding)","จ้างก่อสร้าง","กรมโยธาธิการและผังเมือง","ประกวดราคาอิเล็กทรอนิกส์ (e-bidding)","ระหว่างดำเนินการ","18/6/2025","10/10/2025","15/11/2027","บริษัท ส.ศิริชัยสยามวัสดุ จำกัด","675556000012","3","บริษัท ส.ศิริชัยสยามวัสดุ จำกัด","0675556000012","1","110000000.000000000000000","109966000.000000000000000","109389000.000000000000000","109389000.000000000000000","99.500000000000000","4","mid","2","R1|R9","ราคาตกลง ≥ 95% ของราคากลาง | ราคาผู้ชนะ vs อันดับ 2 < 5%","4","0.200000000000000","บริษัท ส.ศิริชัยสยามวัสดุ จำกัด","บริษัทจำกัด","ยังดำเนินกิจการอยู่","2013","250000000.000000000000000","เพชรบูรณ์","เมืองเพชรบูรณ์","การก่อสร้างอาคารที่ไม่ใช่ที่พักอาศัย","","0.440000000000000","12","1","กรุงเทพมหานคร","กทม","จ.เพชรบูรณ์","latlong","real","16.836669890000000","101.273246999999998","1","1","0","0","0","0","0","1","0","0","101.273246999807583","16.836669890108549"
"106","68059531875","ประกวดราคาจ้างก่อสร้างอาคารผู้ป่วยนอก ผู้ป่วยใน และบำบัดรักษา 10 ชั้น เป็นอาคาร คสล.10 ชั้น พื้นที่ใช้สอยประมาณ 26,428 ตารางเมตร (โครงสร้างต้านแผ่นดินไหว) จำนวน 1 หลัง ด้วยวิธีประกวดราคาอิเล็กทรอนิกส์ (e-bidding)","จ้างก่อสร้าง","โรงพยาบาลนครพิงค์","ประกวดราคาอิเล็กทรอนิกส์ (e-bidding)","ระหว่างดำเนินการ","9/9/2025","16/3/2026","30/3/2029","บริษัท วี.สถาปัตย์ จำกัด","675554000015","1","บริษัท วี.สถาปัตย์ จำกัด","0675554000015","1","766892500.000000000000000","766952000.000000000000000","717000000.000000000000000","717000000.000000000000000","93.500000000000000","0","low","0","","","3","6.600000000000000","บริษัท วี.สถาปัตย์ จำกัด","บริษัทจำกัด","ยังดำเนินกิจการอยู่","2011","250000000.000000000000000","เพชรบูรณ์","เมืองเพชรบูรณ์","การก่อสร้างอาคารที่ไม่ใช่ที่พักอาศัย","41002","2.870000000000000","14","1","จ.เชียงใหม่","ภาค 5","จ.เชียงใหม่","latlong","real","18.852460239999999","98.967247010000008","1","0","0","0","0","0","0","0","0","0","98.967247010311468","18.852460239577450"
"107","68059551063","ประกวดราคาจ้างก่อสร้างโครงการก่อสร้างระบบระบายน้ำคลองลาดเป็ด ด้วยวิธีประกวดราคาอิเล็กทรอนิกส์ (e-bidding)","จ้างก่อสร้าง","กรุงเทพมหานคร","ประกวดราคาอิเล็กทรอนิกส์ (e-bidding)","ระหว่างดำเนินการ","2/7/2025","5/1/2026","","บริษัทจำกัด บริษัท วิรุฬห์ แอนด์ เกวนเนส จำกัด(สัญญากิจการค้าร่วม)","125548000020","7","บริษัทจำกัด บริษัท วิรุฬห์ แอนด์ เกวนเนส จำกัด(สัญญากิจการค้าร่วม) | บริษัทจำกัด บริษัท วี เอ อาร์ เอส จำกัด(สัญญากิจการค้าร่วม)","0125548000020 | 0515540000281","2","249000000.000000000000000","249000000.000000000000000","234400000.000000000000000","119544000.000000000000000","94.099999999999994","2","low","1","R9","ราคาผู้ชนะ vs อันดับ 2 < 5%","5","3.200000000000000","","","","","0.000000000000000","","","","","","","","กรุงเทพมหานคร","กทม","จ.ปทุมธานี","latlong","real","13.948731070000001","100.611176499999999","1","0","0","0","0","0","0","1","0","0","100.611176500070314","13.948731070223916"
"108","68069048414","ประกวดราคาจ้างก่อสร้างพัฒนาระบบไมโครกริด ที่ อำเภอเมือง จังหวัดแม่ฮ่องสอน และปรับปรุงประสิทธิภาพระบบควบคุมและป้องกันสถานีไฟฟ้าแม่ฮ่องสอน (ระบบ 115 22 kV) ด้วยวิธีประกวดราคาอิเล็กทรอนิกส์ (e-bidding)","จ้างก่อสร้าง","การไฟฟ้าส่วนภูมิภาค","ประกวดราคาอิเล็กทรอนิกส์ (e-bidding)","ระหว่างดำเนินการ","15/8/2025","6/2/2026","","บริษัทจำกัด บริษัท อิตัลไทยวิศวกรรม จำกัด(สัญญากิจการค้าร่วม)","105510002297","1","บริษัทจำกัด บริษัท อิตัลไทยวิศวกรรม จำกัด(สัญญากิจการค้าร่วม) | บริษัทมหาชนจำกัด บริษัท เอแอลที เทเลคอม จำกัด (มหาชน)(สัญญากิจการค้าร่วม)","0105510002297 | 0107558000440","2","275118400.000000000000000","275118400.000000000000000","249500000.000000000000000","170960742.800000041723251","90.700000000000003","0","low","0","","","11","17.300000000000001","","","","","0.000000000000000","","","","","","","","กรุงเทพมหานคร","กทม","จ.แม่ฮ่องสอน","latlong","real","19.315102260000000","97.965838970000007","1","0","0","0","0","0","0","0","0","0","97.965838970213497","19.315102259870823"
"109","68069059313","ประกวดราคาซื้อรถเครน ขนาด 35 ตัน จำนวน 9 คัน เลขที่ กจพ2-รซ-010-2568 ด้วยวิธีประกวดราคาอิเล็กทรอนิกส์ (e-bidding)","ซื้อ","การไฟฟ้าส่วนภูมิภาค","ประกวดราคาอิเล็กทรอนิกส์ (e-bidding)","ระหว่างดำเนินการ","2/7/2025","6/10/2025","2/8/2026","บริษัท โชติภิวัฒน์ จำกัด","105561167196","1","บริษัท โชติภิวัฒน์ จำกัด","0105561167196","1","328383000.000000000000000","299300400.000000000000000","296122500.000000000000000","296122500.000000000000000","98.900000000000006","4","mid","2","R1|R9","ราคาตกลง ≥ 95% ของราคากลาง | ราคาผู้ชนะ vs อันดับ 2 < 5%","2","0.700000000000000","","","","","0.000000000000000","","","","","","","","กรุงเทพมหานคร","กทม","กรุงเทพมหานคร","hq","province","13.731428400000000","100.486578190000003","1","1","0","0","0","0","0","1","0","0","100.486578186682806","13.731428394810683"
"110","68069101619","ประกวดราคาจ้างก่อสร้างท่าเรือและโรงจอดเรือ แม่น้ำเจ้าพระยา บริเวณรัฐสภาไทย แขวงถนนนครไชยศรี เขตดุสิต กรุงเทพมหานคร ๑ แห่ง ด้วยวิธีประกวดราคาอิเล็กทรอนิกส์ (e-bidding)","จ้างก่อสร้าง","กรมเจ้าท่า","ประกวดราคาอิเล็กทรอนิกส์ (e-bidding)","ระหว่างดำเนินการ","30/6/2025","8/12/2025","3/3/2027","บริษัท เว็ลธ์ เวิร์คคิง มารีน  จำกัด","105537021411","1","บริษัท เว็ลธ์ เวิร์คคิง มารีน  จำกัด","0105537021411","1","150000000.000000000000000","142030000.000000000000000","142030000.000000000000000","142030000.000000000000000","100.000000000000000","4","mid","2","R1|R9","ราคาตกลง ≥ 95% ของราคากลาง | ราคาผู้ชนะ vs อันดับ 2 < 5%","2","2.300000000000000","บริษัท เว็ลธ์ เวิร์คคิง มารีน  จำกัด","บริษัทจำกัด","ยังดำเนินกิจการอยู่","1994","100000000.000000000000000","สมุทรสาคร","เมืองสมุทรสาคร","การขายปลีกเชื้อเพลิงยานยนต์ในร้านค้าเฉพาะ สถานี ปั๊ม","","1.420000000000000","31","1","กรุงเทพมหานคร","กทม","กรุงเทพมหานคร","latlong","real","13.796489810000001","100.516490900000008","1","1","0","0","0","0","0","1","0","0","100.516490899867776","13.796489809765701"
"111","68069132538","ประกวดราคาจ้างก่อสร้างงานก่อสร้างเพิ่มประสิทธิภาพการควบคุมน้ำหนักยานพาหนะ เพื่อแก้ไขปัญหาการบรรทุกน้ำหนักเกิน บนโครงข่ายทางหลวงในจังหวัดพระนครศรีอยุธยา 1 แห่ง ด้วยวิธีประกวดราคาอิเล็กทรอนิกส์ (e-bidding)","จ้างก่อสร้าง","กรมทางหลวง","ประกวดราคาอิเล็กทรอนิกส์ (e-bidding)","ระหว่างดำเนินการ","9/7/2025","31/10/2025","23/6/2027","บริษัท ไอ-สมาร์ท 8 จำกัด","105556124310","1","บริษัท ไอ-สมาร์ท 8 จำกัด","0105556124310","1","200000000.000000000000000","199114841.800000011920929","199000000.000000000000000","199000000.000000000000000","99.900000000000006","4","mid","2","R1|R9","ราคาตกลง ≥ 95% ของราคากลาง | ราคาผู้ชนะ vs อันดับ 2 < 5%","2","0.000000000000000","","","","","0.000000000000000","","","","","","","","กรุงเทพมหานคร","กทม","จ.พระนครศรีอยุธยา","latlong","real","14.274298130000000","100.708869399999998","1","1","0","0","0","0","0","1","0","0","100.708869400230938","14.274298130363507"
"112","68069142870","ประกวดราคาจ้างก่อสร้างโครงการปรับปรุงซ่อมแซมศูนย์ประชุมและแสดงสินค้านานาชาติเฉลิมพระเกียรติ ๗ รอบ พระชนมพรรษา จังหวัดเชียงใหม่ ด้วยวิธีประกวดราคาอิเล็กทรอนิกส์ (e-bidding)","จ้างก่อสร้าง","กรมธนารักษ์","ประกวดราคาอิเล็กทรอนิกส์ (e-bidding)","ระหว่างดำเนินการ","7/8/2025","28/10/2025","25/6/2026","บริษัท แอ็ดว้านซ์ เทคโนโลยี คอนแทรคติ้ง จำกัด","125542004767","1","บริษัท แอ็ดว้านซ์ เทคโนโลยี คอนแทรคติ้ง จำกัด","0125542004767","1","160524400.000000000000000","158336045.800000041723251","149900000.000000000000000","149900000.000000000000000","94.700000000000003","2","low","1","R9","ราคาผู้ชนะ vs อันดับ 2 < 5%","4","0.000000000000000","","","","","0.000000000000000","","","","","","","","กรุงเทพมหานคร","กทม","จ.เชียงใหม่","latlong","real","18.819180480000000","98.951867590000006","1","0","0","0","0","0","0","1","0","0","98.951867590339290","18.819180479653230"
"113","68069176567","ประกวดราคาจ้างงานจ้างเหมาทำความสะอาดอาคารและแรงงานขนย้ายในภาพรวมทั้งสถาบัน ประจำปีงบประมาณ 2569-2570 ด้วยวิธีประกวดราคาอิเล็กทรอนิกส์ (e-bidding)","จ้างทำของ/จ้างเหมาบริการ","สถาบันเทคโนโลยีพระจอมเกล้าเจ้าคุณทหารลาดกระบัง","ประกวดราคาอิเล็กทรอนิกส์ (e-bidding)","ระหว่างดำเนินการ","17/6/2025","1/10/2025","30/9/2027","บริษัท สยามนคร จำกัด","105539119630","1","บริษัท สยามนคร จำกัด","0105539119630","1","111599329.299999997019768","111599329.299999997019768","111400000.000000000000000","111400000.000000000000000","99.799999999999997","2","low","1","R1","ราคาตกลง ≥ 95% ของราคากลาง","3","7.500000000000000","บริษัท สยามนคร จำกัด","บริษัทจำกัด","ยังดำเนินกิจการอยู่","1996","80000000.000000000000000","กรุงเทพมหานคร","เขตธนบุรี","การซื้อและการขายอสังหาริมทรัพย์ที่เป็นของตนเองที่ไม่ใช่ เพื่อเป็นที่พักอาศัย","","1.390000000000000","29","0","กรุงเทพมหานคร","กทม","กรุงเทพมหานคร","hq","province","13.732680029999999","100.485342329999995","1","1","0","0","0","0","0","0","0","0","100.485342328532354","13.732680025104090"
"114","68069190758","ประกวดราคาจ้างก่อสร้างอาคารศูนย์วิทยาศาสตร์เพื่อการศึกษานครพนม ตำบลหนองญาติ อำเภอเมืองนครพนม จังหวัดนครพนม 1 แห่ง ด้วยวิธีประกวดราคาอิเล็กทรอนิกส์ (e-bidding)","จ้างก่อสร้าง","กรมส่งเสริมการเรียนรู้","ประกวดราคาอิเล็กทรอนิกส์ (e-bidding)","ระหว่างดำเนินการ","26/6/2025","9/12/2025","29/12/2027","บริษัท อรัชแลนด์พร็อพเพอร์ตี้ จำกัด","405555000371","1","บริษัท อรัชแลนด์พร็อพเพอร์ตี้ จำกัด","0405555000371","1","133878000.000000000000000","133761040.200000002980232","123000000.000000000000000","123000000.000000000000000","92.000000000000000","0","low","0","","","2","8.100000000000000","","","","","0.000000000000000","","","","","","","","กรุงเทพมหานคร","กทม","จ.นครพนม","latlong","real","17.372500859999999","104.736335299999993","1","0","0","0","0","0","0","0","0","0","104.736335299554753","17.372500859814970"
"115","68069193759","จ้างบริการเพื่อเพิ่มประสิทธิภาพและบำรุงรักษาลิขสิทธิ์ซอฟต์แวร์และโปรแกรมประยุกต์ภูมิสารสนเทศระบบไฟฟ้า โดยวิธีเฉพาะเจาะจง","จ้างทำของ/จ้างเหมาบริการ","การไฟฟ้าส่วนภูมิภาค","เฉพาะเจาะจง","ระหว่างดำเนินการ","","8/1/2026","30/4/2029","บริษัท อีเอสอาร์ไอ (ประเทศไทย) จำกัด","105559012211","1","บริษัท อีเอสอาร์ไอ (ประเทศไทย) จำกัด","0105559012211","1","804399986.200000047683716","804399986.200000047683716","800399953.799999952316284","800399953.799999952316284","99.500000000000000","6","high","3","R1|R4|R10","ราคาตกลง ≥ 95% ของราคากลาง | ใช้วิธีเฉพาะเจาะจง | ทุนจดทะเบียนต่ำเทียบมูลค่าสัญญา","1","","บริษัท อีเอสอาร์ไอ (ประเทศไทย) จำกัด","บริษัทจำกัด","ยังดำเนินกิจการอยู่","2016","40000000.000000000000000","กรุงเทพมหานคร","เขตยานนาวา","กิจกรรมงานวิศวกรรมและการให้คำปรึกษาทางด้านเทคนิค ที่เกี่ยวข้อง","","20.010000000000002","","0","กรุงเทพมหานคร","กทม","กรุงเทพมหานคร","hq","province","13.732756519999999","100.485275970000004","1","1","0","1","0","0","0","0","1","0","100.485275966389054","13.732756519484747"
"116","68069198044","ประกวดราคาจ้างก่อสร้างโครงการก่อสร้างเขื่อนป้องกันตลิ่งริมแม่น้ำมูล พร้อมปรับปรุงภูมิทัศน์ (ต่อเนื่องเขื่อนเดิม) หมู่ที่ 3 ตำบลหนองแสงใหญ่ อำเภอโขงเจียม จังหวัดอุบลราชธานี ความยาว 1,360 เมตร ด้วยวิธีประกวดราคาอิเล็กทรอนิกส์ (e-bidding)","จ้างก่อสร้าง","กรมโยธาธิการและผังเมือง","ประกวดราคาอิเล็กทรอนิกส์ (e-bidding)","ระหว่างดำเนินการ","8/7/2025","4/11/2025","8/12/2027","ห้างหุ้นส่วนจำกัด อุบลมนตรีก่อสร้าง","343535001070","2","ห้างหุ้นส่วนจำกัด อุบลมนตรีก่อสร้าง","0343535001070","1","120000000.000000000000000","119955000.000000000000000","118755000.000000000000000","118755000.000000000000000","99.000000000000000","4","mid","2","R1|R9","ราคาตกลง ≥ 95% ของราคากลาง | ราคาผู้ชนะ vs อันดับ 2 < 5%","4","0.600000000000000","ห้างหุ้นส่วนจำกัด อุบลมนตรีก่อสร้าง","ห้างหุ้นส่วนจำกัด","ยังดำเนินกิจการอยู่","1992","250000000.000000000000000","อุบลราชธานี","เมืองอุบลราชธานี","การก่อสร้างอาคารที่ไม่ใช่ที่พักอาศัย","41002","0.480000000000000","33","1","กรุงเทพมหานคร","กทม","จ.อุบลราชธานี","latlong","real","15.351901370000000","105.391521200000000","1","1","0","0","0","0","0","1","0","0","105.391521199887748","15.351901370219704"
"117","68069199065","ประกวดราคาจ้างก่อสร้างโครงการก่อสร้างเขื่อนป้องกันตลิ่งริมลำน้ำยาม (ต่อเนื่องเขื่อนเดิม) หมู่ที่ 3 หมู่ที่ 9 ตำบลอากาศ อำเภออากาศอำนวย จังหวัดสกลนคร ความยาวไม่น้อยกว่า 1,000 เมตร ด้วยวิธีประกวดราคาอิเล็กทรอนิกส์ (e-bidding)","จ้างก่อสร้าง","กรมโยธาธิการและผังเมือง","ประกวดราคาอิเล็กทรอนิกส์ (e-bidding)","ระหว่างดำเนินการ","1/7/2025","21/10/2025","24/11/2027","ห้างหุ้นส่วนจำกัด ศิริสินก่อสร้าง","473519000055","1","ห้างหุ้นส่วนจำกัด ศิริสินก่อสร้าง","0473519000055","1","105000000.000000000000000","104974000.000000000000000","104100000.000000000000000","104100000.000000000000000","99.200000000000003","4","mid","2","R1|R9","ราคาตกลง ≥ 95% ของราคากลาง | ราคาผู้ชนะ vs อันดับ 2 < 5%","3","0.600000000000000","","","","","0.000000000000000","","","","","","","","กรุงเทพมหานคร","กทม","จ.สกลนคร","latlong","real","17.585003020000002","104.009601300000000","1","1","0","0","0","0","0","1","0","0","104.009601299753811","17.585003019656629"
"118","68069199987","ประกวดราคาจ้างก่อสร้างโครงการก่อสร้างเขื่อนป้องกันตลิ่งริมลำน้ำฮี้ หมู่ที่ 9 ตำบลป่งไฮ อำเภอเซกา จังหวัดบึงกาฬ ความยาว 1,205 เมตร ด้วยวิธีประกวดราคาอิเล็กทรอนิกส์ (e-bidding)","จ้างก่อสร้าง","กรมโยธาธิการและผังเมือง","ประกวดราคาอิเล็กทรอนิกส์ (e-bidding)","ระหว่างดำเนินการ","25/6/2025","4/11/2025","8/12/2027","กิจการร่วมค้า เจบีเอสแอล","993000521081","2","กิจการร่วมค้า เจบีเอสแอล","0993000521081","1","105000000.000000000000000","104977000.000000000000000","104000000.000000000000000","104000000.000000000000000","99.099999999999994","4","mid","2","R1|R9","ราคาตกลง ≥ 95% ของราคากลาง | ราคาผู้ชนะ vs อันดับ 2 < 5%","3","1.100000000000000","","","","","0.000000000000000","","","","","","","","กรุงเทพมหานคร","กทม","จ.บึงกาฬ","latlong","real","18.008623130000000","103.822079400000007","1","1","0","0","0","0","0","1","0","0","103.822079399938758","18.008623129844363"
"119","68069207783","ประกวดราคาจ้างก่อสร้างโครงการก่อสร้างเขื่อนป้องกันตลิ่งริมแม่น้ำบางปะกง บริเวณศาลเจ้าพ่อร่มขาว หมู่ที่ 7 ตำบลบางกะเบา อำเภอบ้านสร้าง จังหวัดปราจีนบุรี ความยาว 651 เมตร ด้วยวิธีประกวดราคาอิเล็กทรอนิกส์ (e-bidding)","จ้างก่อสร้าง","กรมโยธาธิการและผังเมือง","ประกวดราคาอิเล็กทรอนิกส์ (e-bidding)","ระหว่างดำเนินการ","1/7/2025","19/12/2025","24/1/2028","กิจการร่วมค้า เจซีพีเอส","993000524748","1","กิจการร่วมค้า เจซีพีเอส","0993000524748","1","120000000.000000000000000","119970000.000000000000000","118750000.000000000000000","118750000.000000000000000","99.000000000000000","4","mid","2","R1|R9","ราคาตกลง ≥ 95% ของราคากลาง | ราคาผู้ชนะ vs อันดับ 2 < 5%","4","0.800000000000000","","","","","0.000000000000000","","","","","","","","กรุงเทพมหานคร","กทม","จ.ปราจีนบุรี","latlong","real","13.982286530000001","101.203413200000000","1","1","0","0","0","0","0","1","0","0","101.203413200312056","13.982286530291733"
"120","68069217219","ประกวดราคาจ้างก่อสร้างโครงการก่อสร้างระบบป้องกันน้ำท่วมพื้นที่ชุมชนดงขุย อำเภอชนแดน จังหวัดเพชรบูรณ์ ด้วยวิธีประกวดราคาอิเล็กทรอนิกส์ (e-bidding)","จ้างก่อสร้าง","กรมโยธาธิการและผังเมือง","ประกวดราคาอิเล็กทรอนิกส์ (e-bidding)","ระหว่างดำเนินการ","1/7/2025","8/1/2026","10/7/2028","บริษัท ส.ศิริชัยสยามวัสดุ จำกัด","675556000012","3","บริษัท ส.ศิริชัยสยามวัสดุ จำกัด","0675556000012","1","250000000.000000000000000","249950000.000000000000000","248500000.000000000000000","248500000.000000000000000","99.400000000000006","4","mid","2","R1|R9","ราคาตกลง ≥ 95% ของราคากลาง | ราคาผู้ชนะ vs อันดับ 2 < 5%","3","0.500000000000000","บริษัท ส.ศิริชัยสยามวัสดุ จำกัด","บริษัทจำกัด","ยังดำเนินกิจการอยู่","2013","250000000.000000000000000","เพชรบูรณ์","เมืองเพชรบูรณ์","การก่อสร้างอาคารที่ไม่ใช่ที่พักอาศัย","","0.990000000000000","12","1","กรุงเทพมหานคร","กทม","จ.พิจิตร","latlong","real","16.112358630000003","100.692709500000007","1","1","0","0","0","0","0","1","0","0","100.692709499685407","16.112358630122003"
"121","68069228247","ประกวดราคาจ้างก่อสร้างโครงการก่อสร้างเขื่อนป้องกันตลิ่งริมแม่น้ำเจ้าพระยา หมู่ที่ 3 ตำบลหาดท่าเสา อำเภอเมืองชัยนาท จังหวัดชัยนาท ความยาว 726 เมตร ด้วยวิธีประกวดราคาอิเล็กทรอนิกส์ (e-bidding)","จ้างก่อสร้าง","กรมโยธาธิการและผังเมือง","ประกวดราคาอิเล็กทรอนิกส์ (e-bidding)","ระหว่างดำเนินการ","1/7/2025","23/12/2025","26/1/2028","ห้างหุ้นส่วนจำกัด ธงไทยหันคา","183520000023","2","ห้างหุ้นส่วนจำกัด ธงไทยหันคา","0183520000023","1","105000000.000000000000000","104964000.000000000000000","103915000.000000000000000","103915000.000000000000000","99.000000000000000","4","mid","2","R1|R9","ราคาตกลง ≥ 95% ของราคากลาง | ราคาผู้ชนะ vs อันดับ 2 < 5%","3","0.800000000000000","ห้างหุ้นส่วนจำกัด ธงไทยหันคา","ห้างหุ้นส่วนจำกัด","ยังดำเนินกิจการอยู่","1977","200000000.000000000000000","ชัยนาท","หันคา","การก่อสร้างโครงการวิศวกรรมโยธาอื่นๆซึ่งมิได้จัดประเภทไว้ในที่อื่น","","0.520000000000000","48","1","กรุงเทพมหานคร","กทม","จ.ชัยนาท","latlong","real","15.208042349999999","100.078788199999991","1","1","0","0","0","0","0","1","0","0","100.078788199713657","15.208042349581177"
"122","68069228892","ประกวดราคาจ้างก่อสร้างโครงการก่อสร้างเขื่อนป้องกันตลิ่งริมคลองหนองงูเหลือม หมู่ที่ 1 ตำบลเสนา อำเภออุทัย จังหวัดพระนครศรีอยุธยา ความยาวไม่น้อยกว่า 1,200 เมตร ด้วยวิธีประกวดราคาอิเล็กทรอนิกส์ (e-bidding)","จ้างก่อสร้าง","กรมโยธาธิการและผังเมือง","ประกวดราคาอิเล็กทรอนิกส์ (e-bidding)","ระหว่างดำเนินการ","1/7/2025","4/11/2025","8/12/2027","บริษัท เอส เทค ซีวิล แอนด์ คอนสตรัคชั่น จำกัด","105539031392","3","บริษัท เอส เทค ซีวิล แอนด์ คอนสตรัคชั่น จำกัด","0105539031392","1","105000000.000000000000000","104960000.000000000000000","103290000.000000000000000","103290000.000000000000000","98.400000000000006","4","mid","2","R1|R9","ราคาตกลง ≥ 95% ของราคากลาง | ราคาผู้ชนะ vs อันดับ 2 < 5%","3","1.700000000000000","","","","","0.000000000000000","","","","","","","","กรุงเทพมหานคร","กทม","จ.พระนครศรีอยุธยา","latlong","real","14.398710860000000","100.690560099999999","1","1","0","0","0","0","0","1","0","0","100.690560099806774","14.398710860318753"
"123","68069238303","ประกวดราคาจ้างก่อสร้างโครงการก่อสร้างเขื่อนป้องกันตลิ่งพร้อมปรับปรุงภูมิทัศน์ริมแม่น้ำเจ้าพระยา บริเวณหมู่ที่ ๑ ตำบลไทรน้อย อำเภอบางบาล จังหวัดพระนครศรีอยุธยา ความยาว ๖๔๗ เมตร ด้วยวิธีประกวดราคาอิเล็กทรอนิกส์ (e-bidding)","จ้างก่อสร้าง","กรมโยธาธิการและผังเมือง","ประกวดราคาอิเล็กทรอนิกส์ (e-bidding)","ระหว่างดำเนินการ","1/7/2025","10/10/2025","15/11/2027","บริษัท ตั้งเจริญ จำกัด","725559001141","8","บริษัท ตั้งเจริญ จำกัด","0725559001141","1","105000000.000000000000000","104926000.000000000000000","103880000.000000000000000","103880000.000000000000000","99.000000000000000","4","mid","2","R1|R9","ราคาตกลง ≥ 95% ของราคากลาง | ราคาผู้ชนะ vs อันดับ 2 < 5%","3","0.700000000000000","","","","","0.000000000000000","","","","","","","","กรุงเทพมหานคร","กทม","จ.พระนครศรีอยุธยา","latlong","real","14.405529530000001","100.487276500000007","1","1","0","0","0","0","0","1","0","0","100.487276500153754","14.405529530356500"
"124","68069267675","ประกวดราคาจ้างก่อสร้างโครงการก่อสร้างเขื่อนป้องกันตลิ่งริมคลองกระเวน หมู่ที่ 4 (ระยะที่ 2) ตำบลบ้านไร่ อำเภอบ้านไร่ จังหวัดอุทัยธานี ความยาวไม่น้อยกว่า 1,200 เมตร ด้วยวิธีประกวดราคาอิเล็กทรอนิกส์ (e-bidding)","จ้างก่อสร้าง","กรมโยธาธิการและผังเมือง","ประกวดราคาอิเล็กทรอนิกส์ (e-bidding)","ระหว่างดำเนินการ","1/7/2025","4/11/2025","8/12/2027","บริษัท ตั้งเจริญ จำกัด","725559001141","8","บริษัท ตั้งเจริญ จำกัด","0725559001141","1","110000000.000000000000000","109966000.000000000000000","109000000.000000000000000","109000000.000000000000000","99.099999999999994","4","mid","2","R1|R9","ราคาตกลง ≥ 95% ของราคากลาง | ราคาผู้ชนะ vs อันดับ 2 < 5%","3","0.800000000000000","","","","","0.000000000000000","","","","","","","","กรุงเทพมหานคร","กทม","จ.อุทัยธานี","latlong","real","15.045396259999999","99.474962810000008","1","1","0","0","0","0","0","1","0","0","99.474962810098603","15.045396259951003"
"589","68129397359","ประกวดราคาจ้างก่อสร้างงานก่อสร้างศูนย์บริหารจัดการคุณภาพน้ำ องค์การบริหารส่วนตำบลสาคู ตำบลสาคู อำเภอถลาง จังหวัดภูเก็ต ด้วยวิธีประกวดราคาอิเล็กทรอนิกส์ (e-bidding)","จ้าง","องค์การจัดการน้ำเสีย","ประกวดราคาอิเล็กทรอนิกส์ (e-bidding)","ระหว่างดำเนินการ","30/12/2025","1/4/2026","26/5/2027","บริษัท เคเอ็มไอที คอนสตรัคชั่น จำกัด","835552006642","2","บริษัท เคเอ็มไอที คอนสตรัคชั่น จำกัด","0835552006642","1","135000000.000000000000000","135000000.000000000000000","130488000.000000000000000","130488000.000000000000000","96.700000000000003","2","low","1","R1","ราคาตกลง ≥ 95% ของราคากลาง","","","","","","","","","","","","","","","กรุงเทพมหานคร","กทม","","","real","8.076291280000000","98.301366649999991","1","1","0","0","0","0","0","0","0","0","98.301366650351369","8.076291283309558"
"125","68069399528","จ้างงานปรับปรุงประสิทธิภาพระบบควบคุมและป้องกันสถานีไฟฟ้าระยะที่ 2 โดยวิธีคัดเลือก","จ้างทำของ/จ้างเหมาบริการ","การไฟฟ้าส่วนภูมิภาค","คัดเลือก","ระหว่างดำเนินการ","","14/1/2026","11/3/2027","บริษัท กันกุล พาวเวอร์ ดีเวลลอปเม้นท์  จำกัด","105556138868","1","บริษัท กันกุล พาวเวอร์ ดีเวลลอปเม้นท์  จำกัด | บริษัทมหาชนจำกัด บริษัท อาซีฟา จำกัด (มหาชน)(สัญญากิจการค้าร่วม) | บริษัทมหาชนจำกัด บริษัท พรอสเพอร์ เอ็นจิเนียริ่ง จำกัด (มหาชน)(สัญญากิจการค้าร่วม)","0105556138868 | 0107558000091 | 0107563000215","3","174624000.000000000000000","165464425.500000000000000","106616940.000000000000000","51126740.000000000000000","64.400000000000006","2","low","1","R9","ราคาผู้ชนะ vs อันดับ 2 < 5%","7","4.300000000000000","","","","","0.000000000000000","","","","","","","","กรุงเทพมหานคร","กทม","กรุงเทพมหานคร","hq","province","13.735323330000000","100.483092130000003","1","0","0","0","0","0","0","1","0","0","100.483092127797377","13.735323325665343"
"126","68069450444","ประกวดราคาจ้างก่อสร้างโครงการพัฒนาพื้นที่และปรับปรุงภูมิทัศน์เทศบาลเมืองหัวหิน อำเภอหัวหิน จังหวัดประจวบคีรีขันธ์ ด้วยวิธีประกวดราคาอิเล็กทรอนิกส์ (e-bidding)","จ้างก่อสร้าง","กรมโยธาธิการและผังเมือง","ประกวดราคาอิเล็กทรอนิกส์ (e-bidding)","ระหว่างดำเนินการ","8/7/2025","19/12/2025","23/2/2028","ห้างหุ้นส่วนจำกัด อลงกตวัสดุภัณฑ์","773538000232","3","ห้างหุ้นส่วนจำกัด อลงกตวัสดุภัณฑ์","0773538000232","1","180000000.000000000000000","179960000.000000000000000","174772000.000000000000000","174772000.000000000000000","97.099999999999994","4","mid","2","R1|R9","ราคาตกลง ≥ 95% ของราคากลาง | ราคาผู้ชนะ vs อันดับ 2 < 5%","3","0.700000000000000","ห้างหุ้นส่วนจำกัด อลงกตวัสดุภัณฑ์","ห้างหุ้นส่วนจำกัด","ยังดำเนินกิจการอยู่","1995","500000000.000000000000000","ประจวบคีรีขันธ์","ปราณบุรี","การก่อสร้างอาคารที่ไม่ใช่ที่พักอาศัย","","0.350000000000000","30","1","กรุงเทพมหานคร","กทม","จ.เพชรบุรี","latlong","real","12.591844389999999","99.943124580000003","1","1","0","0","0","0","0","1","0","0","99.943124579691826","12.591844390129134"
"127","68069492338","ประกวดราคาจ้างก่อสร้างโครงการก่อสร้างเขื่อนป้องกันตลิ่งริมแม่น้ำมูลน้อย พร้อมปรับปรุงภูมิทัศน์ ตำบลในเมือง อำเภอเมืองอุบลราชธานี จังหวัดอุบลราชธานี ความยาว 630 เมตร ด้วยวิธีประกวดราคาอิเล็กทรอนิกส์ (e-bidding)","จ้างก่อสร้าง","กรมโยธาธิการและผังเมือง","ประกวดราคาอิเล็กทรอนิกส์ (e-bidding)","ระหว่างดำเนินการ","8/7/2025","17/12/2025","24/1/2028","ห้างหุ้นส่วนจำกัด อุบลวรสิทธิ์ก่อสร้าง","343523000162","3","ห้างหุ้นส่วนจำกัด อุบลวรสิทธิ์ก่อสร้าง","0343523000162","1","102000000.000000000000000","101944000.000000000000000","100925000.000000000000000","100925000.000000000000000","99.000000000000000","4","mid","2","R1|R9","ราคาตกลง ≥ 95% ของราคากลาง | ราคาผู้ชนะ vs อันดับ 2 < 5%","5","0.600000000000000","","","","","0.000000000000000","","","","","","","","กรุงเทพมหานคร","กทม","จ.อุบลราชธานี","latlong","real","15.241787490000000","104.847909799999996","1","1","0","0","0","0","0","1","0","0","104.847909800223860","15.241787489839744"
"128","68069534267","ประกวดราคาจ้างทำสายเคเบิลอากาศอะลูมิเนียมแรงดัน 25 กิโลโวลต์ ขนาดพื้นที่หน้าตัดระบุของตัวนำ 185 ตร.มม. (code 6145-229-20600) จำนวน 1,100,000 เมตร จาก Aluminum Ingot ตามรหัสจัดหาเลขที่ MP8-8966-KCZ ด้วยวิธีประกวดราคาอิเล็กทรอนิกส์ (e-bidding)","จ้างทำของ/จ้างเหมาบริการ","การไฟฟ้านครหลวง","ประกวดราคาอิเล็กทรอนิกส์ (e-bidding)","ระหว่างดำเนินการ","1/8/2025","14/10/2025","10/5/2026","บริษัท สายไฟฟ้าไทย-ยาซากิ จำกัด","105505001539","2","บริษัท สายไฟฟ้าไทย-ยาซากิ จำกัด","0105505001539","1","156023120.000000000000000","119441960.000000000000000","115934500.000000000000000","115934500.000000000000000","97.099999999999994","5","high","3","R1|R7|R9","ราคาตกลง ≥ 95% ของราคากลาง | ราคากลาง vs งบ > 20% | ราคาผู้ชนะ vs อันดับ 2 < 5%","6","0.900000000000000","บริษัท สายไฟฟ้าไทย-ยาซากิ จำกัด","บริษัทจำกัด","ยังดำเนินกิจการอยู่","1962","100000000.000000000000000","กรุงเทพมหานคร","เขตคลองเตย","การผลิตสายไฟฟ้าและเคเบิลสำหรับงานไฟฟ้าและอิเล็กทรอนิกส์ อื่นๆ","","1.160000000000000","63","0","กรุงเทพมหานคร","กทม","กรุงเทพมหานคร","hq","province","13.737830340000000","100.481306220000008","1","1","0","0","0","1","0","1","0","0","100.481306217723727","13.737830339097782"
"129","68069556666","ประกวดราคาจ้างทำสายเคเบิลอากาศอะลูมิเนียมแรงดัน 25 กิโลโวลต์ ขนาดพื้นที่หน้าตัดระบุของตัวนำ 70 ตร.มม. (code 6145-229-20400) จำนวน 1,100,000 เมตร จาก Aluminum Ingot ตามจัดหาเลขที่ MP8-8966-JCZ ด้วยวิธีประกวดราคาอิเล็กทรอนิกส์ (e-bidding)","จ้างทำของ/จ้างเหมาบริการ","การไฟฟ้านครหลวง","ประกวดราคาอิเล็กทรอนิกส์ (e-bidding)","ระหว่างดำเนินการ","1/8/2025","14/10/2025","31/12/2026","บริษัท เอราวัณสายไฟเคเบิ้ล จำกัด","745534000060","1","บริษัท เอราวัณสายไฟเคเบิ้ล จำกัด","0745534000060","1","129470000.000000000000000","104164500.000000000000000","103576000.000000000000000","103576000.000000000000000","99.400000000000006","4","mid","2","R1|R9","ราคาตกลง ≥ 95% ของราคากลาง | ราคาผู้ชนะ vs อันดับ 2 < 5%","6","0.500000000000000","","","","","0.000000000000000","","","","","","","","กรุงเทพมหานคร","กทม","กรุงเทพมหานคร","hq","province","13.737928390000000","100.481248760000000","1","1","0","0","0","0","0","1","0","0","100.481248762376481","13.737928394149856"
"130","68069562834","ประกวดราคาจ้างก่อสร้างโครงการก่อสร้างเขื่อนป้องกันตลิ่งริมแม่น้ำขาน หมู่ที่ 11 ตำบลบ้านกลาง อำเภอสันป่าตอง จังหวัดเชียงใหม่ ความยาวไม่น้อยกว่า 1,200 เมตร ด้วยวิธีประกวดราคาอิเล็กทรอนิกส์ (e-bidding)","จ้างก่อสร้าง","กรมโยธาธิการและผังเมือง","ประกวดราคาอิเล็กทรอนิกส์ (e-bidding)","ระหว่างดำเนินการ","8/7/2025","10/10/2025","15/11/2027","ห้างหุ้นส่วนจำกัด ลำปางไพศาลก่อสร้าง","523519000194","1","ห้างหุ้นส่วนจำกัด ลำปางไพศาลก่อสร้าง","0523519000194","1","110000000.000000000000000","109965000.000000000000000","109000000.000000000000000","109000000.000000000000000","99.099999999999994","4","mid","2","R1|R9","ราคาตกลง ≥ 95% ของราคากลาง | ราคาผู้ชนะ vs อันดับ 2 < 5%","3","0.700000000000000","","","","","0.000000000000000","","","","","","","","กรุงเทพมหานคร","กทม","จ.ลำพูน","latlong","real","18.565134140000001","98.881446969999999","1","1","0","0","0","0","0","1","0","0","98.881446969977674","18.565134139681309"
"131","68069563600","ประกวดราคาจ้างก่อสร้างโครงการก่อสร้างเขื่อนป้องกันตลิ่งริมแม่น้ำน่าน หมู่ที่ 2 ตำบลท่าน้าว อำเภอภูเพียง จังหวัดน่าน ความยาว 975 เมตร ด้วยวิธีประกวดราคาอิเล็กทรอนิกส์ (e-bidding)","จ้างก่อสร้าง","กรมโยธาธิการและผังเมือง","ประกวดราคาอิเล็กทรอนิกส์ (e-bidding)","ระหว่างดำเนินการ","22/7/2025","4/11/2025","8/12/2027","บริษัท บัญชากิจ จำกัด","105531016394","1","บริษัท บัญชากิจ จำกัด","0105531016394","1","105000000.000000000000000","104910000.000000000000000","104000000.000000000000000","104000000.000000000000000","99.099999999999994","4","mid","2","R1|R9","ราคาตกลง ≥ 95% ของราคากลาง | ราคาผู้ชนะ vs อันดับ 2 < 5%","5","0.500000000000000","บริษัท บัญชากิจ จำกัด","บริษัทจำกัด","ยังดำเนินกิจการอยู่","1988","1200000000.000000000000000","กรุงเทพมหานคร","เขตสายไหม","การก่อสร้างอาคารที่ไม่ใช่ที่พักอาศัย","","0.090000000000000","37","0","กรุงเทพมหานคร","กทม","จ.น่าน","latlong","real","18.728259490000003","100.790039100000001","1","1","0","0","0","0","0","1","0","0","100.790039099585570","18.728259490288298"
"132","68069587584","ประกวดราคาจ้างก่อสร้างโครงการปรับปรุงภูมิทัศน์เทศบาลตำบลสว่างอารมณ์ ระยะที่ 3 อำเภอสว่างอารมณ์ จังหวัดอุทัยธานี ด้วยวิธีประกวดราคาอิเล็กทรอนิกส์ (e-bidding)","จ้างก่อสร้าง","กรมโยธาธิการและผังเมือง","ประกวดราคาอิเล็กทรอนิกส์ (e-bidding)","ระหว่างดำเนินการ","22/7/2025","4/12/2025","26/2/2028","บริษัท ตั้งเจริญ จำกัด","725559001141","8","บริษัท ตั้งเจริญ จำกัด","0725559001141","1","180000000.000000000000000","179870000.000000000000000","178400000.000000000000000","178400000.000000000000000","99.200000000000003","4","mid","2","R1|R9","ราคาตกลง ≥ 95% ของราคากลาง | ราคาผู้ชนะ vs อันดับ 2 < 5%","5","0.800000000000000","","","","","0.000000000000000","","","","","","","","กรุงเทพมหานคร","กทม","จ.อุทัยธานี","latlong","real","15.563067570000001","99.846695699999998","1","1","0","0","0","0","0","1","0","0","99.846695699865819","15.563067569761387"
"133","68069603597","ประกวดราคาจ้างก่อสร้างโครงการก่อสร้างเขื่อนป้องกันตลิ่งริมห้วยกะลึม-วัดดานขุมคำ หมู่ที่ 1 ตำบลดอนตาล อำเภอดอนตาล จังหวัดมุกดาหาร ความยาวไม่น้อยกว่า 1,200 เมตร ด้วยวิธีประกวดราคาอิเล็กทรอนิกส์ (e-bidding)","จ้างก่อสร้าง","กรมโยธาธิการและผังเมือง","ประกวดราคาอิเล็กทรอนิกส์ (e-bidding)","ระหว่างดำเนินการ","22/7/2025","8/12/2025","11/1/2028","บริษัท ชัยมงคลมุกดาหาร จำกัด","495568000359","1","บริษัท ชัยมงคลมุกดาหาร จำกัด","0495568000359","1","110000000.000000000000000","109979000.000000000000000","109000000.000000000000000","109000000.000000000000000","99.099999999999994","4","mid","2","R1|R9","ราคาตกลง ≥ 95% ของราคากลาง | ราคาผู้ชนะ vs อันดับ 2 < 5%","5","0.600000000000000","","","","","0.000000000000000","","","","","","","","กรุงเทพมหานคร","กทม","จ.มุกดาหาร","latlong","real","16.296462819999999","104.916642899999999","1","1","0","0","0","0","0","1","0","0","104.916642900289958","16.296462820429014"
"134","68069615644","จ้างโครงการปรับปรุงอาคาร Utility Hall อาคารพระนิเวศน์ และพื้นที่โดยรอบพิพิธภัณฑ์ทหารเรือ โดยวิธีคัดเลือก","จ้างก่อสร้าง","กองทัพเรือ","คัดเลือก","ระหว่างดำเนินการ","","21/11/2025","14/7/2027","บริษัท รัชดาแฟบริคเฮ้าท์แอนด์กรุ๊ป จำกัด","105535074097","1","บริษัท รัชดาแฟบริคเฮ้าท์แอนด์กรุ๊ป จำกัด","0105535074097","1","105400000.000000000000000","105400000.000000000000000","103483400.000000000000000","103483400.000000000000000","98.200000000000003","4","mid","2","R1|R9","ราคาตกลง ≥ 95% ของราคากลาง | ราคาผู้ชนะ vs อันดับ 2 < 5%","3","0.000000000000000","","","","","0.000000000000000","","","","","","","","กรุงเทพมหานคร","กทม","กรุงเทพมหานคร","latlong","real","13.742800680000000","100.486531800000009","1","1","0","0","0","0","0","1","0","0","100.486531800376483","13.742800680030147"
"135","68079015980","ประกวดราคาซื้อวัตถุดิบหลัก กลุ่มที่ 2 ลวดเหล็กกล้าฯ ขนาดต่าง ๆ  ให้แผนกโรงงานผลิตภัณฑ์คอนกรีต ในสังกัด กผภ. ด้วยวิธีประกวดราคาอิเล็กทรอนิกส์ (e-bidding)","ซื้อ","การไฟฟ้าส่วนภูมิภาค","ประกวดราคาอิเล็กทรอนิกส์ (e-bidding)","ระหว่างดำเนินการ","14/10/2025","18/2/2026","16/10/2026","บริษัท สยามสตีลไวร์ จำกัด","105565040646","1","บริษัท สยามสตีลไวร์ จำกัด | บริษัท ธนอินเตอร์ จำกัด","0105565040646 | 0105526015890","2","164882292.000000000000000","158691700.000000000000000","154549302.000000000000000","145108692.000000000000000","97.400000000000006","4","mid","2","R1|R9","ราคาตกลง ≥ 95% ของราคากลาง | ราคาผู้ชนะ vs อันดับ 2 < 5%","9","0.100000000000000","","","","","0.000000000000000","","","","","","","","กรุงเทพมหานคร","กทม","กรุงเทพมหานคร","hq","province","13.786003129999999","100.538069239999999","1","1","0","0","0","0","0","1","0","0","100.538069239679459","13.786003133407403"
"136","68079020762","ประกวดราคาจ้างก่อสร้างงานก่อสร้างอาคารผ่าตัด ของ โรงพยาบาลค่ายประจักษ์ศิลปาคม จังหวัดอุดรธานี ด้วยวิธีประกวดราคาอิเล็กทรอนิกส์ (e-bidding)","จ้างก่อสร้าง","กองทัพบก","ประกวดราคาอิเล็กทรอนิกส์ (e-bidding)","ระหว่างดำเนินการ","7/7/2025","26/12/2025","26/6/2028","บริษัท เบ็ญจมาศ จำกัด","105517011208","1","บริษัท เบ็ญจมาศ จำกัด","0105517011208","1","279980900.000000000000000","279980900.000000000000000","277095000.000000000000000","277095000.000000000000000","99.000000000000000","4","mid","2","R1|R9","ราคาตกลง ≥ 95% ของราคากลาง | ราคาผู้ชนะ vs อันดับ 2 < 5%","2","0.700000000000000","","","","","0.000000000000000","","","","","","","","กรุงเทพมหานคร","กทม","จ.อุดรธานี","latlong","real","17.408201269999999","102.795568299999999","1","1","0","0","0","0","0","1","0","0","102.795568300348762","17.408201269756706"
"137","68079036105","ประกวดราคาจ้างก่อสร้างโครงการก่อสร้างช่องประตูเรือสัญจรพร้อมปรับปรุงสถานีสูบน้ำคลองบางกอกใหญ่ ด้วยวิธีประกวดราคาอิเล็กทรอนิกส์ (e-bidding)","จ้างก่อสร้าง","กรุงเทพมหานคร","ประกวดราคาอิเล็กทรอนิกส์ (e-bidding)","ระหว่างดำเนินการ","5/8/2025","23/1/2026","13/1/2028","บริษัท ริเวอร์ เอนจิเนียริ่ง จำกัด","105533077099","1","บริษัท ริเวอร์ เอนจิเนียริ่ง จำกัด","0105533077099","1","560000000.000000000000000","560000000.000000000000000","485900000.000000000000000","485900000.000000000000000","86.799999999999997","2","low","1","R9","ราคาผู้ชนะ vs อันดับ 2 < 5%","3","0.700000000000000","","","","","0.000000000000000","","","","","","","","กรุงเทพมหานคร","กทม","กรุงเทพมหานคร","text","province","13.785975060000000","100.538180639999993","1","0","0","0","0","0","0","1","0","0","100.538180641554476","13.785975059252685"
"138","68079061859","ประกวดราคาซื้อ METER (E) WATTHOUR 1P 5(100) A O/D BLE  จำนวน 441,000 เครื่อง เลขที่ กจพ1-มต-005.1-2568 ด้วยวิธีประกวดราคาอิเล็กทรอนิกส์ (e-bidding)","ซื้อ","การไฟฟ้าส่วนภูมิภาค","ประกวดราคาอิเล็กทรอนิกส์ (e-bidding)","ระหว่างดำเนินการ","15/8/2025","14/11/2025","12/7/2026","บริษัท จี.เค.แอสเซ็มบลี้ จำกัด","105535089566","1","บริษัท จี.เค.แอสเซ็มบลี้ จำกัด","0105535089566","1","255281670.000000000000000","213285240.000000000000000","148544676.000000000000000","148544676.000000000000000","69.599999999999994","2","low","1","R9","ราคาผู้ชนะ vs อันดับ 2 < 5%","3","0.100000000000000","","","","","0.000000000000000","","","","","","","","กรุงเทพมหานคร","กทม","กรุงเทพมหานคร","hq","province","13.785935280000000","100.538337410000011","1","0","0","0","0","0","0","1","0","0","100.538337411944596","13.785935282220402"
"139","68079066186","ประกวดราคาจ้างเหมาด้านบุคลากรในการดำเนินงานโรงพยาบาลเมืองพัทยา ด้วยวิธีประกวดราคาอิเล็กทรอนิกส์ (e-bidding)","จ้างทำของ/จ้างเหมาบริการ","เมืองพัทยา","ประกวดราคาอิเล็กทรอนิกส์ (e-bidding)","ระหว่างดำเนินการ","22/7/2025","16/10/2025","31/10/2026","บริษัท ซีเอสเอส เมดิคอล จำกัด","115562020164","1","บริษัท ซีเอสเอส เมดิคอล จำกัด","0115562020164","1","258925000.000000000000000","258925000.000000000000000","258900000.000000000000000","258900000.000000000000000","100.000000000000000","4","mid","2","R1|R9","ราคาตกลง ≥ 95% ของราคากลาง | ราคาผู้ชนะ vs อันดับ 2 < 5%","2","0.400000000000000","","","","","0.000000000000000","","","","","","","","จ.ชลบุรี","ภาค 2","จ.ชลบุรี","hq","province","13.235932860000000","101.118303620000006","1","1","0","0","0","0","0","1","0","0","101.118303620377006","13.235932859148962"
"140","68079071155","ประกวดราคาจ้างเหมาเอกชนเก็บขนมูลฝอยในพื้นที่เทศบาลนครนนทบุรี ประจำปีงบประมาณ พ.ศ. 2569 (สำนักสาธารณสุขฯ) ด้วยวิธีประกวดราคาอิเล็กทรอนิกส์ (e-bidding)","จ้างทำของ/จ้างเหมาบริการ","เทศบาลนครนนทบุรี","ประกวดราคาอิเล็กทรอนิกส์ (e-bidding)","ระหว่างดำเนินการ","13/8/2025","1/10/2025","30/9/2026","บริษัท เมืองสะอาด จำกัด","125540008480","2","บริษัท เมืองสะอาด จำกัด","0125540008480","1","110000000.000000000000000","100621342.099999994039536","100500000.000000000000000","100500000.000000000000000","99.900000000000006","4","mid","2","R1|R9","ราคาตกลง ≥ 95% ของราคากลาง | ราคาผู้ชนะ vs อันดับ 2 < 5%","2","0.000000000000000","บริษัท เมืองสะอาด จำกัด","บริษัทจำกัด","ยังดำเนินกิจการอยู่","1997","85719400.000000000000000","กรุงเทพมหานคร","เขตคันนายาว","การบำบัดและการกำจัดของเสียที่ไม่เป็นอันตรายโดยการเผาด้วยเตาเผาขยะ","38212","1.170000000000000","28","1","จ.นนทบุรี","ภาค 1","จ.นนทบุรี","text","province","13.895921189999999","100.528400720000008","1","1","0","0","0","0","0","1","0","0","100.528400725277095","13.895921192105799"
"141","68079093272","ประกวดราคาจ้างก่อสร้างโครงการก่อสร้างเขื่อนป้องกันตลิ่งริมแม่น้ำน่าน หมู่ที่ 2, หมู่ที่ 3 ตำบลบ้านโคน อำเภอพิชัย จังหวัดอุตรดิตถ์ ความยาวไม่น้อยกว่า 1,500 เมตร ด้วยวิธีประกวดราคาอิเล็กทรอนิกส์ (e-bidding)","จ้างก่อสร้าง","กรมโยธาธิการและผังเมือง","ประกวดราคาอิเล็กทรอนิกส์ (e-bidding)","ระหว่างดำเนินการ","22/7/2025","25/11/2025","30/12/2027","บริษัท บางกอกมอเตอร์ อีควิปเมนท์ จำกัด","105519002834","1","บริษัท บางกอกมอเตอร์ อีควิปเมนท์ จำกัด","0105519002834","1","105000000.000000000000000","104968000.000000000000000","103920000.000000000000000","103920000.000000000000000","99.000000000000000","4","mid","2","R1|R9","ราคาตกลง ≥ 95% ของราคากลาง | ราคาผู้ชนะ vs อันดับ 2 < 5%","5","0.500000000000000","","","","","0.000000000000000","","","","","","","","กรุงเทพมหานคร","กทม","จ.สุโขทัย","latlong","real","17.206465259999998","100.118161200000003","1","1","0","0","0","0","0","1","0","0","100.118161199614832","17.206465259920492"
"142","68079106715","ประกวดราคาจ้างก่อสร้างโครงการก่อสร้างเขื่อนป้องกันตลิ่งริมคลองชลประทาน จากประตูน้ำลำท่าแดง ถึงหมู่ที่ 4 ตำบลย่านซื่อ อำเภอเมืองอ่างทอง จังหวัดอ่างทอง ความยาวไม่น้อยกว่า 850 เมตร ด้วยวิธีประกวดราคาอิเล็กทรอนิกส์ (e-bidding)","จ้างก่อสร้าง","กรมโยธาธิการและผังเมือง","ประกวดราคาอิเล็กทรอนิกส์ (e-bidding)","ระหว่างดำเนินการ","15/8/2025","19/12/2025","24/1/2028","บริษัท อสิตากิจ จำกัด","105536110780","2","บริษัท อสิตากิจ จำกัด","0105536110780","1","105000000.000000000000000","104976000.000000000000000","103926000.000000000000000","103926000.000000000000000","99.000000000000000","4","mid","2","R1|R9","ราคาตกลง ≥ 95% ของราคากลาง | ราคาผู้ชนะ vs อันดับ 2 < 5%","4","0.900000000000000","บริษัท อสิตากิจ จำกัด","บริษัทจำกัด","ยังดำเนินกิจการอยู่","1993","400000000.000000000000000","นนทบุรี","บางกรวย","การก่อสร้างถนนสะพานและอุโมงค์","","0.260000000000000","32","1","กรุงเทพมหานคร","กทม","จ.อ่างทอง","latlong","real","14.613365020000000","100.447453400000001","1","1","0","0","0","0","0","1","0","0","100.447453400277794","14.613365020002361"
"143","68079113702","ประกวดราคาจ้างก่อสร้างโครงการก่อสร้างระบบป้องกันน้ำท่วมพื้นที่ชุมชนหาดอาษา อำเภอสรรพยา จังหวัดชัยนาท ด้วยวิธีประกวดราคาอิเล็กทรอนิกส์ (e-bidding)","จ้างก่อสร้าง","กรมโยธาธิการและผังเมือง","ประกวดราคาอิเล็กทรอนิกส์ (e-bidding)","ระหว่างดำเนินการ","22/7/2025","14/1/2026","16/7/2028","บริษัท เอส.เค.วาย.คอนสตรัคชั่น จำกัด","105526003948","4","บริษัท เอส.เค.วาย.คอนสตรัคชั่น จำกัด","0105526003948","1","260000000.000000000000000","259900000.000000000000000","257500000.000000000000000","257500000.000000000000000","99.099999999999994","4","mid","2","R1|R9","ราคาตกลง ≥ 95% ของราคากลาง | ราคาผู้ชนะ vs อันดับ 2 < 5%","4","0.600000000000000","","","","","0.000000000000000","","","","","","","","กรุงเทพมหานคร","กทม","จ.ชัยนาท","latlong","real","15.161057520000000","100.269397999999995","1","1","0","0","0","0","0","1","0","0","100.269397999927392","15.161057519737257"
"144","68079123668","ประกวดราคาจ้างก่อสร้างงานจ้างเหมาโครงการก่อสร้างส่วนต่อขยายทางยกระดับบนทางหลวงหมายเลข 338 (ถนนบรมราชชนนี) ช่วง พุทธมณฑลสาย 3 - พุทธมณฑลสาย 4 ตอน 2 กรุงเทพมหานคร 1 แห่ง ด้วยวิธีประกวดราคาอิเล็กทรอนิกส์ (e-bidding)","จ้างก่อสร้าง","กรมทางหลวง","ประกวดราคาอิเล็กทรอนิกส์ (e-bidding)","ระหว่างดำเนินการ","30/7/2025","13/2/2026","","บริษัท ประยูรวิศว์ จำกัด","105507001374","2","บริษัท ประยูรวิศว์ จำกัด","0105507001374","1","740000000.000000000000000","739989888.100000023841858","739430000.000000000000000","739430000.000000000000000","99.900000000000006","4","mid","2","R1|R9","ราคาตกลง ≥ 95% ของราคากลาง | ราคาผู้ชนะ vs อันดับ 2 < 5%","3","0.000000000000000","","","","","0.000000000000000","","","","","","","","กรุงเทพมหานคร","กทม","กรุงเทพมหานคร","latlong","real","13.784653189999998","100.391542899999990","1","1","0","0","0","0","0","1","0","0","100.391542900187957","13.784653190152232"
"145","68079144127","ประกวดราคาซื้อรถปั้นจั่นล้อยาง ขนาด 30 ตัน (Truck Crane) ด้วยวิธีประกวดราคาอิเล็กทรอนิกส์ (e-bidding)","ซื้อ","กรมชลประทาน","ประกวดราคาอิเล็กทรอนิกส์ (e-bidding)","ระหว่างดำเนินการ","8/8/2025","3/12/2025","30/8/2026","บริษัท ไพร์ม ออโต้เทค จำกัด","105566193438","1","บริษัท ไพร์ม ออโต้เทค จำกัด","0105566193438","1","152000000.000000000000000","152000000.000000000000000","151880000.000000000000000","151880000.000000000000000","99.900000000000006","4","mid","2","R1|R9","ราคาตกลง ≥ 95% ของราคากลาง | ราคาผู้ชนะ vs อันดับ 2 < 5%","2","0.000000000000000","","","","","0.000000000000000","","","","","","","","กรุงเทพมหานคร","กทม","กรุงเทพมหานคร","hq","province","13.785545930000001","100.539966829999997","1","1","0","0","0","0","0","1","0","0","100.539966826512597","13.785545933176881"
"146","68079155123","ประกวดราคาจ้างเหมาดูแลพื้นที่บ่อกักเก็บเถ้าถ่านหินและยิปซัม โรงไฟฟ้าแม่เมาะ เลขที่ หทฟม-ห.(จ)55/2568 ด้วยวิธีประกวดราคาอิเล็กทรอนิกส์ (e-bidding)","จ้างทำของ/จ้างเหมาบริการ","การไฟฟ้าฝ่ายผลิตแห่งประเทศไทย","ประกวดราคาอิเล็กทรอนิกส์ (e-bidding)","ระหว่างดำเนินการ","5/8/2025","21/1/2026","30/4/2030","บริษัท อิตาเลียนไทย ดีเวล๊อปเมนต์ จำกัด (มหาชน)","107537000939","2","บริษัท อิตาเลียนไทย ดีเวล๊อปเมนต์ จำกัด (มหาชน)","0107537000939","1","122325110.000000000000000","122325107.400000005960464","118099741.900000005960464","118099741.900000005960464","96.500000000000000","2","low","1","R1","ราคาตกลง ≥ 95% ของราคากลาง","2","5.600000000000000","บริษัท อิตาเลียนไทย ดีเวล๊อปเมนต์ จำกัด (มหาชน)","บริษัทมหาชนจำกัด","ยังดำเนินกิจการอยู่","1994","6337920861.000000000000000","กรุงเทพมหานคร","เขตห้วยขวาง","การก่อสร้างอาคารที่ไม่ใช่ที่พักอาศัย","41002","0.020000000000000","31","1","จ.ลำปาง","ภาค 5","จ.ลำปาง","hq","province","18.325528700000003","99.510484430000005","1","1","0","0","0","0","0","0","0","0","99.510484431441100","18.325528698964884"
"147","68079155261","ซื้อระบบป้องกันและต่อต้านอากาศยานไร้คนขับ (Anti-Drone) (ห้วงที่ ๒) จำนวน ๑ ระบบ โดยวิธีเฉพาะเจาะจง","ซื้อ","กองทัพบก","เฉพาะเจาะจง","ระหว่างดำเนินการ","","6/2/2026","21/1/2029","บริษัท จันทร์เกษมอินเตอร์เนทชั่นแนล จำกัด","105523000255","3","บริษัท จันทร์เกษมอินเตอร์เนทชั่นแนล จำกัด","0105523000255","1","540000000.000000000000000","540000000.000000000000000","540000000.000000000000000","540000000.000000000000000","100.000000000000000","5","high","2","R1|R4","ราคาตกลง ≥ 95% ของราคากลาง | ใช้วิธีเฉพาะเจาะจง","1","","บริษัท จันทร์เกษมอินเตอร์เนทชั่นแนล จำกัด","บริษัทจำกัด","ยังดำเนินกิจการอยู่","1980","200000000.000000000000000","กรุงเทพมหานคร","เขตหลักสี่","การขายปลีกชิ้นส่วนและอุปกรณ์เสริมใหม่ของยานยนต์","","2.700000000000000","","0","กรุงเทพมหานคร","กทม","กรุงเทพมหานคร","hq","province","13.785528680000001","100.540023450000007","1","1","0","1","0","0","0","0","0","0","100.540023454511498","13.785528675464418"
"148","68079159501","ประกวดราคาจ้างก่อสร้างประตูระบายน้ำบึงบ้านโพธิ์ พร้อมอาคารประกอบ ตำบลบ้านโพธิ์ อำเภอเมืองสุพรรณบุรี จังหวัดสุพรรณบุรี ด้วยวิธีประกวดราคาอิเล็กทรอนิกส์ (e-bidding)","จ้างก่อสร้าง","กรมชลประทาน","ประกวดราคาอิเล็กทรอนิกส์ (e-bidding)","ระหว่างดำเนินการ","31/7/2025","3/10/2025","","บริษัท พี เอ็น คอนสตรัคชั่น แอนด์ บิวดิ้ง จำกัด","125549008199","6","บริษัท พี เอ็น คอนสตรัคชั่น แอนด์ บิวดิ้ง จำกัด","0125549008199","1","176904000.000000000000000","134545885.599999994039536","130509000.000000000000000","130509000.000000000000000","97.000000000000000","5","high","3","R1|R7|R9","ราคาตกลง ≥ 95% ของราคากลาง | ราคากลาง vs งบ > 20% | ราคาผู้ชนะ vs อันดับ 2 < 5%","5","1.100000000000000","บริษัท พี เอ็น คอนสตรัคชั่น แอนด์ บิวดิ้ง จำกัด","บริษัทจำกัด","ยังดำเนินกิจการอยู่","2006","100000000.000000000000000","กรุงเทพมหานคร","เขตประเวศ","ร้านขายปลีกวัสดุก่อสร้างอื่นๆ","47524","1.310000000000000","19","0","กรุงเทพมหานคร","กทม","จ.สุพรรณบุรี","latlong","real","14.518757290000002","100.073123999999993","1","1","0","0","0","1","0","1","0","0","100.073124000250417","14.518757290128832"
"590","68129397506","ประกวดราคาจ้างก่อสร้างงานก่อสร้างศูนย์บริหารจัดการคุณภาพน้ำ เทศบาลตำบลหลักเมือง ตำบลโคกหม้อ อำเภอเมืองราชบุรี จังหวัดราชบุรี ด้วยวิธีประกวดราคาอิเล็กทรอนิกส์ (e-bidding)","จ้าง","องค์การจัดการน้ำเสีย","ประกวดราคาอิเล็กทรอนิกส์ (e-bidding)","ระหว่างดำเนินการ","7/1/2026","28/4/2026","22/6/2027","บริษัท ขิม งานโยธา จำกัด","125555019431","1","บริษัท ขิม งานโยธา จำกัด","0125555019431","1","115000000.000000000000000","115000000.000000000000000","114141000.000000000000000","114141000.000000000000000","99.299999999999997","2","low","1","R1","ราคาตกลง ≥ 95% ของราคากลาง","","","","","","","","","","","","","","","กรุงเทพมหานคร","กทม","","","real","13.566130580000001","99.835189579999991","1","1","0","0","0","0","0","0","0","0","99.835189576446865","13.566130581219891"
"149","68079162678","ประกวดราคาจ้างก่อสร้างโครงการจัดทำป้ายเข้าสู่แหล่งท่องเที่ยวในพื้นที่เขตพัฒนาการท่องเที่ยว ๖๕ แห่ง ด้วยวิธีประกวดราคาอิเล็กทรอนิกส์ (e-bidding)","จ้างก่อสร้าง","กรมการท่องเที่ยว","ประกวดราคาอิเล็กทรอนิกส์ (e-bidding)","ระหว่างดำเนินการ","31/7/2025","29/10/2025","26/7/2026","บริษัท พงศกรกลการ จำกัด","105553030047","1","บริษัท พงศกรกลการ จำกัด","0105553030047","1","120219100.000000000000000","116269784.799999997019768","114960000.000000000000000","114960000.000000000000000","98.900000000000006","4","mid","2","R1|R9","ราคาตกลง ≥ 95% ของราคากลาง | ราคาผู้ชนะ vs อันดับ 2 < 5%","2","0.600000000000000","บริษัท พงศกรกลการ จำกัด","บริษัทจำกัด","ยังดำเนินกิจการอยู่","2010","100000000.000000000000000","กรุงเทพมหานคร","เขตทวีวัฒนา","การผลิตผลิตภัณฑ์โลหะประดิษฐ์อื่นๆซึ่งมิได้จัดประเภทไว้ในที่อื่น","","1.150000000000000","15","0","กรุงเทพมหานคร","กทม","กรุงเทพมหานคร","hq","province","13.785513640000001","100.540073270000008","1","1","0","0","0","0","0","1","0","0","100.540073273280527","13.785513635490462"
"150","68079164800","ประกวดราคาจ้างก่อสร้างปรับปรุงถนนสายเสาธง - บัวโรย - ละมูล (ช่วงจากคลองบางน้ำขาวถึงทางหลวงพิเศษหมายเลข ๗) ด้วยวิธีประกวดราคาอิเล็กทรอนิกส์ (e-bidding)","จ้างก่อสร้าง","องค์การบริหารส่วนจังหวัดสมุทรปราการ","ประกวดราคาอิเล็กทรอนิกส์ (e-bidding)","ระหว่างดำเนินการ","31/10/2025","16/1/2026","30/4/2029","กิจการร่วมค้า GLG","993000485335","1","กิจการร่วมค้า GLG","0993000485335","1","386446000.000000000000000","386445174.800000011920929","385990000.000000000000000","385990000.000000000000000","99.900000000000006","4","mid","2","R1|R9","ราคาตกลง ≥ 95% ของราคากลาง | ราคาผู้ชนะ vs อันดับ 2 < 5%","2","0.100000000000000","","","","","0.000000000000000","","","","","","","","จ.สมุทรปราการ","ภาค 1","จ.สมุทรปราการ","latlong","real","13.616722690000000","100.817050999999992","1","1","0","0","0","0","0","1","0","0","100.817051000004554","13.616722690431446"
"151","68079170399","ประกวดราคาซื้อหม้อแปลงจำหน่าย ชนิดซีเอสพี (Completely Self-Protected Type) แรงดัน 24 กิโลโวลต์ 3 เฟส 4 สาย 150 กิโลโวลต์แอมแปร์ (code 6120-619-45000) จำนวน 259 ชุด ตามรหัสจัดหาเลขที่ MP8-8975-RGZ ด้วยวิธีประกวดราคาอิเล็กทรอนิกส์ (e-bidding)","ซื้อ","การไฟฟ้านครหลวง","ประกวดราคาอิเล็กทรอนิกส์ (e-bidding)","ระหว่างดำเนินการ","10/10/2025","9/2/2026","9/6/2026","บริษัท แอล.ดี.เอส.เมทัล เวิร์ค จำกัด","115544002095","1","บริษัท แอล.ดี.เอส.เมทัล เวิร์ค จำกัด","0115544002095","1","199256470.000000000000000","199256470.000000000000000","195238085.000000000000000","195238085.000000000000000","98.000000000000000","4","mid","2","R1|R9","ราคาตกลง ≥ 95% ของราคากลาง | ราคาผู้ชนะ vs อันดับ 2 < 5%","3","1.000000000000000","","","","","0.000000000000000","","","","","","","","กรุงเทพมหานคร","กทม","กรุงเทพมหานคร","hq","province","13.785498080000000","100.540124440000000","1","1","0","0","0","0","0","1","0","0","100.540124435929215","13.785498077286745"
"152","68079196553","ประกวดราคาจ้างก่อสร้างปรับปรุงพื้นที่ปลอดภัยรอบทางวิ่ง และปลายทางวิ่ง และองค์ประกอบอื่นๆ ท่าอากาศยานพิษณุโลก ตำบลอรัญญิก อำเภอเมืองพิษณุโลก จังหวัดพิษณุโลก ๑ แห่ง ครั้งที่ ๒ ด้วยวิธีประกวดราคาอิเล็กทรอนิกส์ (e-bidding)","จ้างก่อสร้าง","กรมท่าอากาศยาน","ประกวดราคาอิเล็กทรอนิกส์ (e-bidding)","ระหว่างดำเนินการ","22/7/2025","9/12/2025","2/6/2027","กิจการร่วมค้า ที.พี.ที","993000527771","1","กิจการร่วมค้า ที.พี.ที","0993000527771","1","190000000.000000000000000","190000000.000000000000000","189083900.000000000000000","189083900.000000000000000","99.500000000000000","4","mid","2","R1|R9","ราคาตกลง ≥ 95% ของราคากลาง | ราคาผู้ชนะ vs อันดับ 2 < 5%","2","0.200000000000000","","","","","0.000000000000000","","","","","","","","กรุงเทพมหานคร","กทม","จ.พิษณุโลก","latlong","real","16.797329080000001","100.289364100000000","1","1","0","0","0","0","0","1","0","0","100.289364100060979","16.797329080188547"
"153","68079203555","ประกวดราคาจ้างก่อสร้างฝายหัวงานและอาคารประกอบ โครงการฝายคลองดินแดงพร้อมระบบส่งน้ำ ตำบลเขาพระ อำเภอพิปูน จังหวัดนครศรีธรรมราช ด้วยวิธีประกวดราคาอิเล็กทรอนิกส์ (e-bidding)","จ้างก่อสร้าง","กรมชลประทาน","ประกวดราคาอิเล็กทรอนิกส์ (e-bidding)","ระหว่างดำเนินการ","29/7/2025","10/11/2025","","บริษัท พี เอ็น คอนสตรัคชั่น แอนด์ บิวดิ้ง จำกัด","125549008199","6","บริษัท พี เอ็น คอนสตรัคชั่น แอนด์ บิวดิ้ง จำกัด","0125549008199","1","248000000.000000000000000","247943889.500000000000000","240500000.000000000000000","240500000.000000000000000","97.000000000000000","4","mid","2","R1|R9","ราคาตกลง ≥ 95% ของราคากลาง | ราคาผู้ชนะ vs อันดับ 2 < 5%","4","0.800000000000000","บริษัท พี เอ็น คอนสตรัคชั่น แอนด์ บิวดิ้ง จำกัด","บริษัทจำกัด","ยังดำเนินกิจการอยู่","2006","100000000.000000000000000","กรุงเทพมหานคร","เขตประเวศ","ร้านขายปลีกวัสดุก่อสร้างอื่นๆ","47524","2.400000000000000","19","0","กรุงเทพมหานคร","กทม","จ.นครศรีธรรมราช","latlong","real","8.633429580000000","99.617171969999987","1","1","0","0","0","0","0","1","0","0","99.617171970302138","8.633429575996004"
"154","68079225081","ประกวดราคาซื้อและติดตั้งเครื่องสูบน้ำแบบจุ่มใช้มอเตอร์ไฟฟ้า อัตราการสูบน้ำ 3 ลูกบาศก์เมตรต่อวินาที ระยะยกน้ำ 4 เมตร และอุปกรณ์ประกอบอื่น ๆ สำหรับงานเพิ่มประสิทธิภาพการระบายน้ำสถานีสูบน้ำกลางคลองหกวาสายล่าง โครงการส่งน้ำและบำรุงรักษารังสิตใต้ ตำบลพืชอุดม อำเภอลำลูกกา จังหวัดปทุมธานี ด้วยวิธีประกวดราคาอิเล็กทรอนิกส์ (e-bidding)","ซื้อ","กรมชลประทาน","ประกวดราคาอิเล็กทรอนิกส์ (e-bidding)","ระหว่างดำเนินการ","4/8/2025","4/11/2025","3/5/2026","บริษัท ดับบลิวพีไอแอล (ไทยแลนด์) จำกัด","125554007332","4","บริษัท ดับบลิวพีไอแอล (ไทยแลนด์) จำกัด","0125554007332","1","137960000.000000000000000","114745258.000000000000000","114171140.000000000000000","114171140.000000000000000","99.500000000000000","4","mid","2","R1|R9","ราคาตกลง ≥ 95% ของราคากลาง | ราคาผู้ชนะ vs อันดับ 2 < 5%","2","0.500000000000000","","","","","0.000000000000000","","","","","","","","กรุงเทพมหานคร","กทม","จ.ปทุมธานี","text","province","14.055085249999999","100.551612899999995","1","1","0","0","0","0","0","1","0","0","100.551612900266292","14.055085251193054"
"155","68079225204","ประกวดราคาจ้างจัดทำและติดตั้งบานผลักดันน้ำขับด้วยมอเตอร์ไฟฟ้า พร้อมระบบควบคุม และอุปกรณ์ประกอบ สำหรับงานเพิ่มประสิทธิภาพการระบายน้ำประตูระบายน้ำคลองรังสิตประยูรศักดิ์ 12-13 ตำบลบึงน้ำรักษ์ อำเภอธัญบุรี จังหวัดปทุมธานี ด้วยวิธีประกวดราคาอิเล็กทรอนิกส์ (e-bidding)","จ้างทำของ/จ้างเหมาบริการ","กรมชลประทาน","ประกวดราคาอิเล็กทรอนิกส์ (e-bidding)","ระหว่างดำเนินการ","4/8/2025","4/11/2025","3/5/2026","บริษัท กรีน เทคโนโลยี เอเซีย จำกัด","125546011385","4","บริษัท กรีน เทคโนโลยี เอเซีย จำกัด","0125546011385","1","108755000.000000000000000","109157920.000000000000000","107991890.000000000000000","107991890.000000000000000","98.900000000000006","4","mid","2","R1|R9","ราคาตกลง ≥ 95% ของราคากลาง | ราคาผู้ชนะ vs อันดับ 2 < 5%","2","0.700000000000000","","","","","0.000000000000000","","","","","","","","กรุงเทพมหานคร","กทม","จ.ปทุมธานี","text","province","14.055085210000000","100.551612999999989","1","1","0","0","0","0","0","1","0","0","100.551612996386012","14.055085211979080"
"156","68079225487","ประกวดราคาจ้างจัดทำและติดตั้งบานผลักดันน้ำขับด้วยมอเตอร์ไฟฟ้า พร้อมระบบควบคุม และอุปกรณ์ประกอบ สำหรับงานเพิ่มประสิทธิภาพการระบายน้ำประตูระบายน้ำปลายคลองญี่ปุ่นเหนือ ตำบลหลักชัย อำเภอลาดบัวหลวง จังหวัดพระนครศรีอยุธยา ด้วยวิธีประกวดราคาอิเล็กทรอนิกส์ (e-bidding)","จ้างทำของ/จ้างเหมาบริการ","กรมชลประทาน","ประกวดราคาอิเล็กทรอนิกส์ (e-bidding)","ระหว่างดำเนินการ","4/8/2025","30/10/2025","28/4/2026","บริษัท พี เอ็น คอนสตรัคชั่น แอนด์ บิวดิ้ง จำกัด","125549008199","6","บริษัท พี เอ็น คอนสตรัคชั่น แอนด์ บิวดิ้ง จำกัด","0125549008199","1","104545000.000000000000000","102249789.000000000000000","101224889.000000000000000","101224889.000000000000000","99.000000000000000","4","mid","2","R1|R9","ราคาตกลง ≥ 95% ของราคากลาง | ราคาผู้ชนะ vs อันดับ 2 < 5%","2","1.000000000000000","บริษัท พี เอ็น คอนสตรัคชั่น แอนด์ บิวดิ้ง จำกัด","บริษัทจำกัด","ยังดำเนินกิจการอยู่","2006","100000000.000000000000000","กรุงเทพมหานคร","เขตประเวศ","ร้านขายปลีกวัสดุก่อสร้างอื่นๆ","47524","1.010000000000000","19","0","กรุงเทพมหานคร","กทม","จ.พระนครศรีอยุธยา","text","province","14.385085159999999","100.581644609999998","1","1","0","0","0","0","0","1","0","0","100.581644607887085","14.385085160097635"
"157","68079225531","ประกวดราคาจ้างจัดทำและติดตั้งบานผลักดันน้ำขับด้วยมอเตอร์ไฟฟ้า พร้อมระบบควบคุม และอุปกรณ์ประกอบ สำหรับงานเพิ่มประสิทธิภาพการระบายน้ำประตูระบายน้ำปลายคลองสาน ตำบลลาดบัวหลวง อำเภอลาดบัวหลวง จังหวัดพระนครศรีอยุธยา ด้วยวิธีประกวดราคาอิเล็กทรอนิกส์ (e-bidding)","จ้างทำของ/จ้างเหมาบริการ","กรมชลประทาน","ประกวดราคาอิเล็กทรอนิกส์ (e-bidding)","ระหว่างดำเนินการ","4/8/2025","16/10/2025","14/4/2026","บริษัท พี เอ็น คอนสตรัคชั่น แอนด์ บิวดิ้ง จำกัด","125549008199","6","บริษัท พี เอ็น คอนสตรัคชั่น แอนด์ บิวดิ้ง จำกัด","0125549008199","1","104545000.000000000000000","103520318.000000000000000","102962890.000000000000000","102962890.000000000000000","99.500000000000000","4","mid","2","R1|R9","ราคาตกลง ≥ 95% ของราคากลาง | ราคาผู้ชนะ vs อันดับ 2 < 5%","2","0.500000000000000","บริษัท พี เอ็น คอนสตรัคชั่น แอนด์ บิวดิ้ง จำกัด","บริษัทจำกัด","ยังดำเนินกิจการอยู่","2006","100000000.000000000000000","กรุงเทพมหานคร","เขตประเวศ","ร้านขายปลีกวัสดุก่อสร้างอื่นๆ","47524","1.030000000000000","19","0","กรุงเทพมหานคร","กทม","จ.พระนครศรีอยุธยา","text","province","14.385085139999999","100.581644650000001","1","1","0","0","0","0","0","1","0","0","100.581644653701147","14.385085141824446"
"158","68079225971","ประกวดราคาจ้างจัดทำและติดตั้งบานผลักดันน้ำขับด้วยมอเตอร์ไฟฟ้า พร้อมระบบควบคุม และอุปกรณ์ประกอบ สำหรับงานเพิ่มประสิทธิภาพการระบายน้ำประตูระบายน้ำบางบอน ตำบลบางแก้วฟ้า อำเภอนครชัยศรี จังหวัดนครปฐม ด้วยวิธีประกวดราคาอิเล็กทรอนิกส์ (e-bidding)","จ้างทำของ/จ้างเหมาบริการ","กรมชลประทาน","ประกวดราคาอิเล็กทรอนิกส์ (e-bidding)","ระหว่างดำเนินการ","4/8/2025","4/11/2025","3/5/2026","บริษัท กรีน เทคโนโลยี เอเซีย จำกัด","125546011385","4","บริษัท กรีน เทคโนโลยี เอเซีย จำกัด","0125546011385","1","106370000.000000000000000","105641627.000000000000000","104545000.000000000000000","104545000.000000000000000","99.000000000000000","4","mid","2","R1|R9","ราคาตกลง ≥ 95% ของราคากลาง | ราคาผู้ชนะ vs อันดับ 2 < 5%","2","0.500000000000000","","","","","0.000000000000000","","","","","","","","กรุงเทพมหานคร","กทม","จ.นครปฐม","text","province","13.855085050000000","100.081594700000011","1","1","0","0","0","0","0","1","0","0","100.081594702849586","13.855085047828998"
"159","68079226024","ประกวดราคาจ้างจัดทำและติดตั้งบานผลักดันน้ำขับด้วยมอเตอร์ไฟฟ้า พร้อมระบบควบคุมและอุปกรณ์ประกอบ สำหรับงานเพิ่มประสิทธิภาพการระบายน้ำประตูระบายน้ำลำพญา ตำบลลำพญา อำเภอบางเลน จังหวัดนครปฐม ด้วยวิธีประกวดราคาอิเล็กทรอนิกส์ (e-bidding)","จ้างทำของ/จ้างเหมาบริการ","กรมชลประทาน","ประกวดราคาอิเล็กทรอนิกส์ (e-bidding)","ระหว่างดำเนินการ","4/8/2025","4/11/2025","3/5/2026","บริษัท กรีน เทคโนโลยี เอเซีย จำกัด","125546011385","4","บริษัท กรีน เทคโนโลยี เอเซีย จำกัด","0125546011385","1","109420000.000000000000000","106454056.000000000000000","105900040.000000000000000","105900040.000000000000000","99.500000000000000","4","mid","2","R1|R9","ราคาตกลง ≥ 95% ของราคากลาง | ราคาผู้ชนะ vs อันดับ 2 < 5%","2","0.500000000000000","","","","","0.000000000000000","","","","","","","","กรุงเทพมหานคร","กทม","จ.นครปฐม","text","province","13.855084590000001","100.081595930000006","1","1","0","0","0","0","0","1","0","0","100.081595929049925","13.855084593424094"
"160","68079229577","ประกวดราคาจ้างก่อสร้างงานจ้างเหมาโครงการก่อสร้างทางแยกต่างระดับจุดตัดทางหลวงหมายเลข 121 ตัดทางหลวงหมายเลข 106 (แยกกองทราย) จ.เชียงใหม่ 1 แห่ง ด้วยวิธีประกวดราคาอิเล็กทรอนิกส์ (e-bidding)","จ้างก่อสร้าง","กรมทางหลวง","ประกวดราคาอิเล็กทรอนิกส์ (e-bidding)","ระหว่างดำเนินการ","23/7/2025","27/2/2026","","กิจการร่วมค้า ดีดี789","993000522150","1","กิจการร่วมค้า ดีดี789","0993000522150","1","445000000.000000000000000","444646009.199999988079071","444289935.000000000000000","444289935.000000000000000","99.900000000000006","4","mid","2","R1|R9","ราคาตกลง ≥ 95% ของราคากลาง | ราคาผู้ชนะ vs อันดับ 2 < 5%","3","0.100000000000000","","","","","0.000000000000000","","","","","","","","กรุงเทพมหานคร","กทม","จ.เชียงใหม่","latlong","real","18.729136210000000","99.023594860000003","1","1","0","0","0","0","0","1","0","0","99.023594859688984","18.729136210212360"
"161","68079236585","ประกวดราคาจ้างก่อสร้างโครงการก่อสร้างเขื่อนป้องกันตลิ่งริมแม่น้ำท่าจีน พื้นที่ชุมชนท้องคุ้ง ตำบลท่าเสา อำเภอกระทุ่มแบน จังหวัดสมุทรสาคร ความยาว 398 เมตร ด้วยวิธีประกวดราคาอิเล็กทรอนิกส์ (e-bidding)","จ้างก่อสร้าง","กรมโยธาธิการและผังเมือง","ประกวดราคาอิเล็กทรอนิกส์ (e-bidding)","ระหว่างดำเนินการ","6/8/2025","4/12/2025","7/1/2028","บริษัท เชียงรายแลนด์ แอสโซซิเอทส์ จำกัด","575533000718","1","บริษัท เชียงรายแลนด์ แอสโซซิเอทส์ จำกัด","0575533000718","1","105000000.000000000000000","104890000.000000000000000","103900000.000000000000000","103900000.000000000000000","99.099999999999994","4","mid","2","R1|R9","ราคาตกลง ≥ 95% ของราคากลาง | ราคาผู้ชนะ vs อันดับ 2 < 5%","4","0.800000000000000","","","","","0.000000000000000","","","","","","","","กรุงเทพมหานคร","กทม","จ.สมุทรสาคร","latlong","real","13.620891550000000","100.240115799999998","1","1","0","0","0","0","0","1","0","0","100.240115799867255","13.620891550425780"
"162","68079244123","ประกวดราคาจ้างก่อสร้างก่อสร้างอาคารหอพักนักศึกษา จำนวน 1 หลัง ด้วยวิธีประกวดราคาอิเล็กทรอนิกส์ (e-bidding)","จ้างก่อสร้าง","มหาวิทยาลัยราชภัฏสงขลา","ประกวดราคาอิเล็กทรอนิกส์ (e-bidding)","ระหว่างดำเนินการ","30/7/2025","8/1/2026","25/8/2028","ห้างหุ้นส่วนจำกัด หาดใหญ่สรรพกิจก่อสร้าง","903519000051","1","ห้างหุ้นส่วนจำกัด หาดใหญ่สรรพกิจก่อสร้าง","0903519000051","1","150000000.000000000000000","158012883.300000041723251","149900000.000000000000000","149900000.000000000000000","94.900000000000006","3","mid","1","R8","ยื่นรายเดียวใน Open Bid","1","","ห้างหุ้นส่วนจำกัด หาดใหญ่สรรพกิจก่อสร้าง","ห้างหุ้นส่วนจำกัด","ยังดำเนินกิจการอยู่","1976","200000000.000000000000000","สงขลา","หาดใหญ่","การก่อสร้างอาคารที่ไม่ใช่ที่พักอาศัย","","0.750000000000000","49","0","จ.สงขลา","ภาค 9","จ.สงขลา","latlong","real","7.161919930000000","100.613055799999998","1","0","0","0","0","0","1","0","0","0","100.613055799899200","7.161919933309948"
"163","68079246303","ประกวดราคาจ้างก่อสร้างโครงการก่อสร้างเขื่อนป้องกันตลิ่งริมแม่น้ำท่าจีน หมู่ที่ 5 ตำบลสวนส้ม อำเภอบ้านแพ้ว จังหวัดสมุทรสาคร ความยาว 435 เมตร ด้วยวิธีประกวดราคาอิเล็กทรอนิกส์ (e-bidding)","จ้างก่อสร้าง","กรมโยธาธิการและผังเมือง","ประกวดราคาอิเล็กทรอนิกส์ (e-bidding)","ระหว่างดำเนินการ","6/8/2025","8/12/2025","11/1/2028","บริษัท แอล.วี.ซี.ดีเวลล็อปเม้นท์ จำกัด","105526030538","2","บริษัท แอล.วี.ซี.ดีเวลล็อปเม้นท์ จำกัด","0105526030538","1","110000000.000000000000000","109885000.000000000000000","108800000.000000000000000","108800000.000000000000000","99.000000000000000","4","mid","2","R1|R9","ราคาตกลง ≥ 95% ของราคากลาง | ราคาผู้ชนะ vs อันดับ 2 < 5%","4","0.800000000000000","","","","","0.000000000000000","","","","","","","","กรุงเทพมหานคร","กทม","จ.สมุทรสาคร","latlong","real","13.621832540000000","100.188854399999997","1","1","0","0","0","0","0","1","0","0","100.188854400274636","13.621832539674772"
"164","68079246610","ประกวดราคาจ้างก่อสร้างสถานีสูบน้ำและอาคารประกอบ โครงการสถานีสูบน้ำบ้านกุดหมากเห็บ ตำบลโนนสะอาด อำเภอแวงใหญ่ จังหวัดขอนแก่น ด้วยวิธีประกวดราคาอิเล็กทรอนิกส์ (e-bidding)","จ้างก่อสร้าง","กรมชลประทาน","ประกวดราคาอิเล็กทรอนิกส์ (e-bidding)","ระหว่างดำเนินการ","5/8/2025","16/10/2025","","บริษัท พี เอ็น คอนสตรัคชั่น แอนด์ บิวดิ้ง จำกัด","125549008199","6","บริษัท พี เอ็น คอนสตรัคชั่น แอนด์ บิวดิ้ง จำกัด","0125549008199","1","208256000.000000000000000","208283571.500000000000000","202006473.000000000000000","202006473.000000000000000","97.000000000000000","4","mid","2","R1|R9","ราคาตกลง ≥ 95% ของราคากลาง | ราคาผู้ชนะ vs อันดับ 2 < 5%","2","1.000000000000000","บริษัท พี เอ็น คอนสตรัคชั่น แอนด์ บิวดิ้ง จำกัด","บริษัทจำกัด","ยังดำเนินกิจการอยู่","2006","100000000.000000000000000","กรุงเทพมหานคร","เขตประเวศ","ร้านขายปลีกวัสดุก่อสร้างอื่นๆ","47524","2.020000000000000","19","0","กรุงเทพมหานคร","กทม","จ.ชัยภูมิ","latlong","real","15.954785240000001","102.423467000000002","1","1","0","0","0","0","0","1","0","0","102.423466999805441","15.954785240150379"
"165","68079247638","ประกวดราคาจ้างจัดทำและติดตั้งฝายยางและอุปกรณ์ประกอบครบชุดพร้อมส่วนประกอบอื่น สำหรับงานปรับปรุงฝายยางห้วยกระจีน ตำบลนาตาล อำเภอนาตาล จังหวัดอุบลราชธานี ด้วยวิธีประกวดราคาอิเล็กทรอนิกส์ (e-bidding)","จ้างทำของ/จ้างเหมาบริการ","กรมชลประทาน","ประกวดราคาอิเล็กทรอนิกส์ (e-bidding)","ระหว่างดำเนินการ","19/8/2025","27/10/2025","24/6/2026","บริษัท ส.เขมราฐอินดัสตรี้ จำกัด","105529024270","3","บริษัท ส.เขมราฐอินดัสตรี้ จำกัด","0105529024270","1","145670000.000000000000000","145670000.000000000000000","145520000.000000000000000","145520000.000000000000000","99.900000000000006","4","mid","2","R1|R9","ราคาตกลง ≥ 95% ของราคากลาง | ราคาผู้ชนะ vs อันดับ 2 < 5%","3","0.000000000000000","","","","","0.000000000000000","","","","","","","","กรุงเทพมหานคร","กทม","จ.อุบลราชธานี","text","province","15.265045550000000","104.881845880000000","1","1","0","0","0","0","0","1","0","0","104.881845880716867","15.265045553567303"
"166","68079251585","ประกวดราคาจ้างก่อสร้างก่อสร้างอาคารประกอบการและการเรียนรู้ ด้วยวิธีประกวดราคาอิเล็กทรอนิกส์ (e-bidding)","จ้างก่อสร้าง","มหาวิทยาลัยทักษิณ","ประกวดราคาอิเล็กทรอนิกส์ (e-bidding)","ระหว่างดำเนินการ","8/8/2025","7/11/2025","17/11/2027","บริษัท ซุ่นเฮงก่อสร้าง จำกัด","905564005025","1","บริษัท ซุ่นเฮงก่อสร้าง จำกัด","0905564005025","1","150000000.000000000000000","150473497.300000041723251","137790000.000000000000000","137790000.000000000000000","91.599999999999994","0","low","0","","","5","8.300000000000001","","","","","0.000000000000000","","","","","","","","จ.สงขลา","ภาค 9","จ.สงขลา","latlong","real","7.163149440000000","100.608158099999997","1","0","0","0","0","0","0","0","0","0","100.608158099630231","7.163149444309796"
"167","68079256966","ประกวดราคาจ้างจัดทำและติดตั้งฝายยางและอุปกรณ์ประกอบครบชุดพร้อมส่วนประกอบอื่น สำหรับงานปรับปรุงฝายยางบ้านเมืองลีง ตำบลเมืองลีง อำเภอจอมพระ จังหวัดสุรินทร์ ด้วยวิธีประกวดราคาอิเล็กทรอนิกส์ (e-bidding)","จ้างทำของ/จ้างเหมาบริการ","กรมชลประทาน","ประกวดราคาอิเล็กทรอนิกส์ (e-bidding)","ระหว่างดำเนินการ","13/8/2025","20/11/2025","18/7/2026","บริษัท รียูซิท์ (ประเทศไทย)  จำกัด","105543109414","2","บริษัท รียูซิท์ (ประเทศไทย)  จำกัด","0105543109414","1","258152662.000000000000000","257751686.000000000000000","257649000.000000000000000","257649000.000000000000000","100.000000000000000","5","high","3","R1|R9|R10","ราคาตกลง ≥ 95% ของราคากลาง | ราคาผู้ชนะ vs อันดับ 2 < 5% | ทุนจดทะเบียนต่ำเทียบมูลค่าสัญญา","3","0.000000000000000","บริษัท รียูซิท์ (ประเทศไทย)  จำกัด","บริษัทจำกัด","ยังดำเนินกิจการอยู่","2000","30000000.000000000000000","กรุงเทพมหานคร","เขตคลองเตย","การผลิตมอเตอร์ไฟฟ้าและเครื่องกำเนิดไฟฟ้า","","8.590000000000000","25","0","กรุงเทพมหานคร","กทม","จ.สุรินทร์","text","province","14.915026910000000","103.511863209999987","1","1","0","0","0","0","0","1","1","0","103.511863205506714","14.915026910135762"
"168","68079260011","ประกวดราคาจ้างก่อสร้างโครงการปรับปรุงระบบท่อส่งน้ำสถานีสูบน้ำ P2 (ท่อแนวที่ 2) ตำบลแก้งสนามนาง อำเภอแก้งสนามนาง จังหวัดนครราชสีมา ด้วยวิธีประกวดราคาอิเล็กทรอนิกส์ (e-bidding)","จ้างก่อสร้าง","กรมชลประทาน","ประกวดราคาอิเล็กทรอนิกส์ (e-bidding)","ระหว่างดำเนินการ","7/8/2025","19/11/2025","","บริษัท พี พลัส พี ริช จำกัด","105551094919","3","บริษัท พี พลัส พี ริช จำกัด","0105551094919","1","220945000.000000000000000","221279851.900000005960464","220795000.000000000000000","220795000.000000000000000","99.799999999999997","4","mid","2","R1|R9","ราคาตกลง ≥ 95% ของราคากลาง | ราคาผู้ชนะ vs อันดับ 2 < 5%","3","0.000000000000000","บริษัท พี พลัส พี ริช จำกัด","บริษัทจำกัด","ยังดำเนินกิจการอยู่","2008","200000000.000000000000000","กรุงเทพมหานคร","เขตสายไหม","การก่อสร้างโครงการสาธารณูปโภคเกี่ยวกับน้ำน้ำมันและก๊าซ","","1.100000000000000","17","0","กรุงเทพมหานคร","กทม","จ.ชัยภูมิ","latlong","real","15.727619360000000","102.279644399999995","1","1","0","0","0","0","0","1","0","0","102.279644399774568","15.727619359872893"
"169","68079263523","ซื้อยา จำนวน 24 รายการ โดยวิธีเฉพาะเจาะจง","ซื้อ","คณะแพทยศาสตร์ศิริราชพยาบาล มหาวิทยาลัยมหิดล","เฉพาะเจาะจง","ระหว่างดำเนินการ","","1/10/2025","30/9/2026","บริษัท ดีเคเอสเอช (ประเทศไทย) จำกัด","105523002118","15","บริษัท ดีเคเอสเอช (ประเทศไทย) จำกัด","0105523002118","1","190448668.699999988079071","198993580.599999994039536","190448668.699999988079071","190448668.699999988079071","95.700000000000003","5","high","2","R1|R4","ราคาตกลง ≥ 95% ของราคากลาง | ใช้วิธีเฉพาะเจาะจง","1","","บริษัท ดีเคเอสเอช (ประเทศไทย) จำกัด","บริษัทจำกัด","ยังดำเนินกิจการอยู่","1980","200000000.000000000000000","กรุงเทพมหานคร","เขตพระโขนง","การซื้อและการขายอสังหาริมทรัพย์ที่เป็นของตนเองที่ไม่ใช่ เพื่อเป็นที่พักอาศัย","","0.950000000000000","","0","กรุงเทพมหานคร","กทม","กรุงเทพมหานคร","hq","province","13.785009700000000","100.541802509999997","1","1","0","1","0","0","0","0","0","0","100.541802508642860","13.785009702887310"
"170","68079273882","ประกวดราคาซื้ออุปกรณ์และพัฒนาระบบฐานข้อมูลติดตามเฝ้าระวังสถานการณ์น้ำบาดาล จำนวน ๑ ระบบ โครงการศึกษาการเปลี่ยนแปลงระดับน้ำบาดาลและคุณภาพน้ำบาดาลในพื้นที่เขตวิกฤตการณ์น้ำบาดาล ด้วยวิธีประกวดราคาอิเล็กทรอนิกส์ (e-bidding)","ซื้อ","กรมทรัพยากรน้ำบาดาล","ประกวดราคาอิเล็กทรอนิกส์ (e-bidding)","ระหว่างดำเนินการ","21/7/2025","16/10/2025","6/10/2027","บริษัท นิวเทคโนโลยี่อินฟอร์เมชั่น จำกัด","105537041030","1","บริษัท นิวเทคโนโลยี่อินฟอร์เมชั่น จำกัด","0105537041030","1","140394400.000000000000000","139325304.000000000000000","138173000.000000000000000","138173000.000000000000000","99.200000000000003","4","mid","2","R1|R9","ราคาตกลง ≥ 95% ของราคากลาง | ราคาผู้ชนะ vs อันดับ 2 < 5%","3","0.600000000000000","บริษัท นิวเทคโนโลยี่อินฟอร์เมชั่น จำกัด","บริษัทจำกัด","ยังดำเนินกิจการอยู่","1994","50000000.000000000000000","นนทบุรี","เมืองนนทบุรี","ร้านขายปลีกคอมพิวเตอร์และอุปกรณ์ต่อพ่วงคอมพิวเตอร์","","2.760000000000000","31","1","กรุงเทพมหานคร","กทม","กรุงเทพมหานคร","hq","province","13.784990230000000","100.541857139999991","1","1","0","0","0","0","0","1","0","0","100.541857136093611","13.784990233497629"
"171","68079280732","ประกวดราคาจ้างจัดทำและติดตั้งฝายยางและอุปกรณ์ประกอบครบชุดพร้อมส่วนประกอบอื่น สำหรับงานปรับปรุงฝายยางบ้านตะลุง ตำบลหนองเรือ อำเภอชุมพลบุรี จังหวัดสุรินทร์ ด้วยวิธีประกวดราคาอิเล็กทรอนิกส์ (e-bidding)","จ้างทำของ/จ้างเหมาบริการ","กรมชลประทาน","ประกวดราคาอิเล็กทรอนิกส์ (e-bidding)","ระหว่างดำเนินการ","14/8/2025","3/12/2025","31/7/2026","บริษัท แสงไทยผลิตยาง จำกัด","105507003041","1","บริษัท แสงไทยผลิตยาง จำกัด","0105507003041","1","212434244.300000011920929","212434244.300000011920929","212088000.000000000000000","212088000.000000000000000","99.799999999999997","4","mid","2","R1|R9","ราคาตกลง ≥ 95% ของราคากลาง | ราคาผู้ชนะ vs อันดับ 2 < 5%","3","0.000000000000000","","","","","0.000000000000000","","","","","","","","กรุงเทพมหานคร","กทม","จ.สุรินทร์","text","province","14.914972819999999","103.512016860000003","1","1","0","0","0","0","0","1","0","0","103.512016860539447","14.914972817606190"
"604","69019438330","ประกวดราคาซื้อสารละลาย Poly Aluminium Chloride (PACl)  จำนวน 63,828 ตัน เลขที่ ซค.54-2569 ด้วยวิธีประกวดราคาอิเล็กทรอนิกส์ (e-bidding)","ซื้อ","การประปานครหลวง","ประกวดราคาอิเล็กทรอนิกส์ (e-bidding)","ระหว่างดำเนินการ","6/2/2026","24/4/2026","24/4/2027","บริษัท สยามเอเซีย เคมิคอล อินดัสตรี้ จำกัด","105542093042","1","บริษัท สยามเอเซีย เคมิคอล อินดัสตรี้ จำกัด","0105542093042","1","409092800.399999976158142","409092800.399999976158142","408409840.800000011920929","408409840.800000011920929","99.799999999999997","2","low","1","R1","ราคาตกลง ≥ 95% ของราคากลาง","","","","","","","","","","","","","","","กรุงเทพมหานคร","กทม","","","province","13.731496580000000","100.502363860000003","1","1","0","0","0","0","0","0","0","0","100.502363861657400","13.731496582063807"
"172","68079281331","ซื้อยา จำนวน 39 รายการ โดยวิธีเฉพาะเจาะจง","ซื้อ","คณะแพทยศาสตร์ศิริราชพยาบาล มหาวิทยาลัยมหิดล","เฉพาะเจาะจง","ระหว่างดำเนินการ","","1/10/2025","30/9/2026","บริษัท ดีเคเอสเอช (ประเทศไทย) จำกัด","105523002118","15","บริษัท ดีเคเอสเอช (ประเทศไทย) จำกัด","0105523002118","1","191305813.599999994039536","199663288.199999988079071","191305813.599999994039536","191305813.599999994039536","95.799999999999997","5","high","2","R1|R4","ราคาตกลง ≥ 95% ของราคากลาง | ใช้วิธีเฉพาะเจาะจง","1","","บริษัท ดีเคเอสเอช (ประเทศไทย) จำกัด","บริษัทจำกัด","ยังดำเนินกิจการอยู่","1980","200000000.000000000000000","กรุงเทพมหานคร","เขตพระโขนง","การซื้อและการขายอสังหาริมทรัพย์ที่เป็นของตนเองที่ไม่ใช่ เพื่อเป็นที่พักอาศัย","","0.960000000000000","","0","กรุงเทพมหานคร","กทม","กรุงเทพมหานคร","hq","province","13.784972230000001","100.541907839999993","1","1","0","1","0","0","0","0","0","0","100.541907837906564","13.784972232424451"
"173","68079290291","ซื้อยา จำนวน 42 รายการ โดยวิธีเฉพาะเจาะจง","ซื้อ","คณะแพทยศาสตร์ศิริราชพยาบาล มหาวิทยาลัยมหิดล","เฉพาะเจาะจง","ระหว่างดำเนินการ","","1/10/2025","30/9/2026","บริษัท ดีเคเอสเอช (ประเทศไทย) จำกัด","105523002118","15","บริษัท ดีเคเอสเอช (ประเทศไทย) จำกัด","0105523002118","1","189795487.199999988079071","199138907.300000011920929","189795487.199999988079071","189795487.199999988079071","95.299999999999997","5","high","2","R1|R4","ราคาตกลง ≥ 95% ของราคากลาง | ใช้วิธีเฉพาะเจาะจง","1","","บริษัท ดีเคเอสเอช (ประเทศไทย) จำกัด","บริษัทจำกัด","ยังดำเนินกิจการอยู่","1980","200000000.000000000000000","กรุงเทพมหานคร","เขตพระโขนง","การซื้อและการขายอสังหาริมทรัพย์ที่เป็นของตนเองที่ไม่ใช่ เพื่อเป็นที่พักอาศัย","","0.950000000000000","","0","กรุงเทพมหานคร","กทม","กรุงเทพมหานคร","hq","province","13.784953380000001","100.541960489999994","1","1","0","1","0","0","0","0","0","0","100.541960490860305","13.784953378975036"
"174","68079315994","ซื้อยา จำนวน 63 รายการ โดยวิธีเฉพาะเจาะจง","ซื้อ","คณะแพทยศาสตร์ศิริราชพยาบาล มหาวิทยาลัยมหิดล","เฉพาะเจาะจง","ระหว่างดำเนินการ","","1/10/2025","30/9/2026","บริษัท ดีเคเอสเอช (ประเทศไทย) จำกัด","105523002118","15","บริษัท ดีเคเอสเอช (ประเทศไทย) จำกัด","0105523002118","1","188119342.900000005960464","198549661.099999994039536","188119342.900000005960464","188119342.900000005960464","94.700000000000003","3","mid","1","R4","ใช้วิธีเฉพาะเจาะจง","1","","บริษัท ดีเคเอสเอช (ประเทศไทย) จำกัด","บริษัทจำกัด","ยังดำเนินกิจการอยู่","1980","200000000.000000000000000","กรุงเทพมหานคร","เขตพระโขนง","การซื้อและการขายอสังหาริมทรัพย์ที่เป็นของตนเองที่ไม่ใช่ เพื่อเป็นที่พักอาศัย","","0.940000000000000","","0","กรุงเทพมหานคร","กทม","กรุงเทพมหานคร","hq","province","13.784531310000000","100.543252789999997","1","0","0","1","0","0","0","0","0","0","100.543252785668471","13.784531312572151"
"175","68079324676","ประกวดราคาจ้างก่อสร้างโครงการก่อสร้างอาคารสำนักงานเทศบาลตำบลบางพระ หลังใหม่ ด้วยวิธีประกวดราคาอิเล็กทรอนิกส์ (e-bidding)","จ้างก่อสร้าง","เทศบาลตำบลบางพระ","ประกวดราคาอิเล็กทรอนิกส์ (e-bidding)","ระหว่างดำเนินการ","15/9/2025","19/12/2025","19/2/2027","บริษัท เวิลด์ กรุ๊ป เอ็นจิเนียริ่ง จำกัด","205543004018","1","บริษัท เวิลด์ กรุ๊ป เอ็นจิเนียริ่ง จำกัด","0205543004018","1","115500000.000000000000000","112039493.500000000000000","109000000.000000000000000","109000000.000000000000000","97.299999999999997","5","high","3","R1|R9|R10","ราคาตกลง ≥ 95% ของราคากลาง | ราคาผู้ชนะ vs อันดับ 2 < 5% | ทุนจดทะเบียนต่ำเทียบมูลค่าสัญญา","3","1.100000000000000","บริษัท เวิลด์ กรุ๊ป เอ็นจิเนียริ่ง จำกัด","บริษัทจำกัด","ยังดำเนินกิจการอยู่","2000","10000000.000000000000000","ชลบุรี","ศรีราชา","กิจกรรมการบริการอื่นๆเพื่อสนับสนุนธุรกิจซึ่งมิได้จัดประเภทไว้ ในที่อื่น","","10.900000000000000","25","0","จ.ชลบุรี","ภาค 2","จ.ชลบุรี","latlong","real","13.212022780000000","100.945877700000011","1","1","0","0","0","0","0","1","1","0","100.945877699604125","13.212022779573109"
"176","68079325352","ประกวดราคาจ้างก่อสร้างโครงการพัฒนาตามผังเมืองรวมเมืองบึงกาฬ (landmark) อำเภอเมืองบึงกาฬ จังหวัดบึงกาฬ ระยะที่ 4 ด้วยวิธีประกวดราคาอิเล็กทรอนิกส์ (e-bidding)","จ้างก่อสร้าง","กรมโยธาธิการและผังเมือง","ประกวดราคาอิเล็กทรอนิกส์ (e-bidding)","ระหว่างดำเนินการ","5/8/2025","4/12/2025","6/2/2028","ห้างหุ้นส่วนจำกัด น้ำก่ำก่อสร้าง","483532000161","4","ห้างหุ้นส่วนจำกัด น้ำก่ำก่อสร้าง","0483532000161","1","140000000.000000000000000","139980000.000000000000000","138580000.000000000000000","138580000.000000000000000","99.000000000000000","4","mid","2","R1|R9","ราคาตกลง ≥ 95% ของราคากลาง | ราคาผู้ชนะ vs อันดับ 2 < 5%","3","0.800000000000000","","","","","0.000000000000000","","","","","","","","กรุงเทพมหานคร","กทม","จ.บึงกาฬ","latlong","real","18.353165240000003","103.595605500000005","1","1","0","0","0","0","0","1","0","0","103.595605500172042","18.353165239776178"
"177","68079325517","ซื้อยา จำนวน 26 รายการ โดยวิธีเฉพาะเจาะจง","ซื้อ","คณะแพทยศาสตร์ศิริราชพยาบาล มหาวิทยาลัยมหิดล","เฉพาะเจาะจง","ระหว่างดำเนินการ","","1/10/2025","30/9/2026","บริษัท ซิลลิค ฟาร์มา จำกัด","105539106911","27","บริษัท ซิลลิค ฟาร์มา จำกัด","0105539106911","1","199564844.000000000000000","248242876.000000000000000","199564844.000000000000000","199564844.000000000000000","80.400000000000006","4","mid","2","R4|R7","ใช้วิธีเฉพาะเจาะจง | ราคากลาง vs งบ > 20%","1","","บริษัท ซิลลิค ฟาร์มา จำกัด","บริษัทจำกัด","ยังดำเนินกิจการอยู่","1996","628000000.000000000000000","กรุงเทพมหานคร","เขตคลองเตย","การผลิตเครื่องมือและอุปกรณ์ในทางการแพทย์ (ยกเว้นทางทันตกรรม)","","0.320000000000000","","0","กรุงเทพมหานคร","กทม","กรุงเทพมหานคร","hq","province","13.784509840000000","100.543306619999996","1","0","0","1","0","1","0","0","0","0","100.543306620805154","13.784509844376482"
"178","68079332828","ซื้อยา จำนวน 56 รายการ โดยวิธีเฉพาะเจาะจง","ซื้อ","คณะแพทยศาสตร์ศิริราชพยาบาล มหาวิทยาลัยมหิดล","เฉพาะเจาะจง","ระหว่างดำเนินการ","","1/10/2025","30/9/2026","บริษัท ดีเคเอสเอช (ประเทศไทย) จำกัด","105523002118","15","บริษัท ดีเคเอสเอช (ประเทศไทย) จำกัด","0105523002118","1","185046281.500000000000000","197030904.300000011920929","185046281.500000000000000","185046281.500000000000000","93.900000000000006","3","mid","1","R4","ใช้วิธีเฉพาะเจาะจง","1","","บริษัท ดีเคเอสเอช (ประเทศไทย) จำกัด","บริษัทจำกัด","ยังดำเนินกิจการอยู่","1980","200000000.000000000000000","กรุงเทพมหานคร","เขตพระโขนง","การซื้อและการขายอสังหาริมทรัพย์ที่เป็นของตนเองที่ไม่ใช่ เพื่อเป็นที่พักอาศัย","","0.930000000000000","","0","กรุงเทพมหานคร","กทม","กรุงเทพมหานคร","hq","province","13.784490350000000","100.543355700000006","1","0","0","1","0","0","0","0","0","0","100.543355698464083","13.784490349644280"
"179","68079341090","ซื้อยา จำนวน 52 รายการ โดยวิธีเฉพาะเจาะจง","ซื้อ","คณะแพทยศาสตร์ศิริราชพยาบาล มหาวิทยาลัยมหิดล","เฉพาะเจาะจง","ระหว่างดำเนินการ","","1/10/2025","30/9/2026","บริษัท ดีทแฮล์ม เคลเลอร์ โลจิสติกส์ จำกัด","105538123650","1","บริษัท ดีทแฮล์ม เคลเลอร์ โลจิสติกส์ จำกัด","0105538123650","1","111480892.500000000000000","131241768.200000002980232","111480892.500000000000000","111480892.500000000000000","84.900000000000006","4","mid","2","R4|R10","ใช้วิธีเฉพาะเจาะจง | ทุนจดทะเบียนต่ำเทียบมูลค่าสัญญา","1","","บริษัท ดีทแฮล์ม เคลเลอร์ โลจิสติกส์ จำกัด","บริษัทจำกัด","ยังดำเนินกิจการอยู่","1995","6000000.000000000000000","กรุงเทพมหานคร","เขตพระโขนง","การขายส่งสัตว์มีชีวิต","","18.579999999999998","","0","กรุงเทพมหานคร","กทม","กรุงเทพมหานคร","hq","province","13.784469560000000","100.543407590000001","1","0","0","1","0","0","0","0","1","0","100.543407594138031","13.784469564567571"
"180","68079350437","ประกวดราคาจ้างเหมาเอกชนในการเก็บขน ขนถ่าย และกำจัดมูลฝอยชุมชนในเขตเมืองพัทยา ด้วยวิธีประกวดราคาอิเล็กทรอนิกส์ (e-bidding)","จ้างทำของ/จ้างเหมาบริการ","เมืองพัทยา","ประกวดราคาอิเล็กทรอนิกส์ (e-bidding)","ระหว่างดำเนินการ","25/7/2025","1/10/2025","30/9/2026","บริษัท กรีนแลนด์ดีเวลลอปเม้นท์168 จำกัด","205563035148","1","บริษัท กรีนแลนด์ดีเวลลอปเม้นท์168 จำกัด","0205563035148","1","389200000.000000000000000","389199901.500000000000000","389199901.500000000000000","389199901.500000000000000","100.000000000000000","6","high","3","R1|R8|R10","ราคาตกลง ≥ 95% ของราคากลาง | ยื่นรายเดียวใน Open Bid | ทุนจดทะเบียนต่ำเทียบมูลค่าสัญญา","1","","บริษัท กรีนแลนด์ดีเวลลอปเม้นท์168 จำกัด","บริษัทจำกัด","ยังดำเนินกิจการอยู่","2020","5000000.000000000000000","ชลบุรี","บางละมุง","การซื้อและการขายอสังหาริมทรัพย์ที่เป็นของตนเองที่ไม่ใช่ เพื่อเป็นที่พักอาศัย","","77.840000000000003","5","0","จ.ชลบุรี","ภาค 2","จ.ชลบุรี","hq","province","13.234448410000001","101.123406200000005","1","1","0","0","0","0","1","0","1","0","101.123406202107788","13.234448410287822"
"181","68079352275","ซื้อยา จำนวน 31 รายการ โดยวิธีเฉพาะเจาะจง","ซื้อ","คณะแพทยศาสตร์ศิริราชพยาบาล มหาวิทยาลัยมหิดล","เฉพาะเจาะจง","ระหว่างดำเนินการ","","1/10/2025","30/9/2026","บริษัท ซิลลิค ฟาร์มา จำกัด","105539106911","27","บริษัท ซิลลิค ฟาร์มา จำกัด","0105539106911","1","199369857.900000005960464","199961040.699999988079071","199369857.900000005960464","199369857.900000005960464","99.700000000000003","5","high","2","R1|R4","ราคาตกลง ≥ 95% ของราคากลาง | ใช้วิธีเฉพาะเจาะจง","1","","บริษัท ซิลลิค ฟาร์มา จำกัด","บริษัทจำกัด","ยังดำเนินกิจการอยู่","1996","628000000.000000000000000","กรุงเทพมหานคร","เขตคลองเตย","การผลิตเครื่องมือและอุปกรณ์ในทางการแพทย์ (ยกเว้นทางทันตกรรม)","","0.320000000000000","","0","กรุงเทพมหานคร","กทม","กรุงเทพมหานคร","hq","province","13.784446950000000","100.543463420000009","1","1","0","1","0","0","0","0","0","0","100.543463420839686","13.784446954338440"
"182","68079354835","ประกวดราคาจ้างก่อสร้างโครงการก่อสร้างระบบป้องกันน้ำท่วมพื้นที่ชุมชนบางกระเจ้า ระยะที่ 2 อำเภอเมืองสมุทรสาคร จังหวัดสมุทรสาคร ด้วยวิธีประกวดราคาอิเล็กทรอนิกส์ (e-bidding)","จ้างก่อสร้าง","กรมโยธาธิการและผังเมือง","ประกวดราคาอิเล็กทรอนิกส์ (e-bidding)","ระหว่างดำเนินการ","6/8/2025","13/1/2026","15/7/2028","บริษัท แอล.วี.ซี.ดีเวลล็อปเม้นท์ จำกัด","105526030538","2","บริษัท แอล.วี.ซี.ดีเวลล็อปเม้นท์ จำกัด","0105526030538","1","260000000.000000000000000","259880000.000000000000000","257290000.000000000000000","257290000.000000000000000","99.000000000000000","4","mid","2","R1|R9","ราคาตกลง ≥ 95% ของราคากลาง | ราคาผู้ชนะ vs อันดับ 2 < 5%","4","1.000000000000000","","","","","0.000000000000000","","","","","","","","กรุงเทพมหานคร","กทม","จ.สมุทรสาคร","latlong","real","13.513960480000000","100.214608400000003","1","1","0","0","0","0","0","1","0","0","100.214608399682731","13.513960479776683"
"183","68079377281","ประกวดราคาจ้างก่อสร้างระบบกระจายน้ำบาดาลเพื่อการเกษตร โครงการพัฒนาน้ำบาดาลเพื่อการเกษตรแปลงใหญ่ พื้นที่ ๕๐๐ ไร่ จำนวน ๒๑ แห่ง งบประมาณรายจ่ายประจำปีงบประมาณ พ.ศ. ๒๕๖๘ งบกลาง ภายใต้โครงการเพิ่มประสิทธิภาพการบริหารจัดการน้ำอย่างยั่งยืนเป็นกรณีเร่งด่วนและเพื่อการกระตุ้นเศรษฐกิจ ด้วยวิธีประกวดราคาอิเล็กทรอนิกส์ (e-bidding)","จ้างก่อสร้าง","กรมทรัพยากรน้ำบาดาล","ประกวดราคาอิเล็กทรอนิกส์ (e-bidding)","ระหว่างดำเนินการ","24/7/2025","30/10/2025","27/2/2026","บริษัท เจทูบี คอนสตรัคชั่น จำกัด","715567001201","5","บริษัท เจทูบี คอนสตรัคชั่น จำกัด | บริษัท ไทยวอเตอร์ เอ็นจิเนียริ่ง จำกัด | บริษัท รุ่งวิจิตรการช่าง จำกัด | บริษัท โซลาร์ตรอน จำกัด (มหาชน) | บริษัท โรลลิ่ง คอนเซปต์ อินโนเวชั่น จำกัด | ห้างหุ้นส่วนจำกัด ชลธร ซัพพลาย","0715567001201 | 0105546112921 | 0925563000585 | 0107547000877 | 0105548047000 | 0703547000274","6","252371700.000000000000000","248273100.000000000000000","247579900.000000000000000","35600000.000000000000000","99.700000000000003","4","mid","2","R1|R9","ราคาตกลง ≥ 95% ของราคากลาง | ราคาผู้ชนะ vs อันดับ 2 < 5%","3","0.000000000000000","","","","","0.000000000000000","","","","","","","","กรุงเทพมหานคร","กทม","จ.สุพรรณบุรี","latlong","real","14.617883170000001","99.528028120000002","1","1","0","0","0","0","0","1","0","0","99.528028120206500","14.617883170298049"
"184","68079381903","ประกวดราคาจ้างก่อสร้างระบบกระจายน้ำบาดาลเพื่อการเกษตร โครงการพัฒนาน้ำบาดาลเพื่อการเกษตรแปลงใหญ่ พื้นที่ ๓๐๐ ไร่ จำนวน ๒๔ แห่ง งบประมาณรายจ่ายประจำปีงบประมาณ พ.ศ. ๒๕๖๘ งบกลาง ภายใต้โครงการเพิ่มประสิทธิภาพการบริหารจัดการน้ำอย่างยั่งยืนเป็นกรณีเร่งด่วนและเพื่อการกระตุ้นเศรษฐกิจ ด้วยวิธีประกวดราคาอิเล็กทรอนิกส์ (e-bidding)","จ้างก่อสร้าง","กรมทรัพยากรน้ำบาดาล","ประกวดราคาอิเล็กทรอนิกส์ (e-bidding)","ระหว่างดำเนินการ","24/7/2025","15/10/2025","12/2/2026","บริษัท สหชลทิศ  จำกัด","845536000791","3","บริษัท สหชลทิศ  จำกัด | บริษัท เจทูบี คอนสตรัคชั่น จำกัด | บริษัท ศิริพัทธกฤต จำกัด | บริษัท โซลาร์ตรอน จำกัด (มหาชน) | บริษัท ไทยวอเตอร์ เอ็นจิเนียริ่ง จำกัด | บริษัท รุ่งวิจิตรการช่าง จำกัด | บริษัท ไฮโดร เอ็นจิเนียริ่ง จำกัด | บริษัท ดี.ดี. วอเตอร์ คอนสตรัคชั่น จำกัด","0845536000791 | 0715567001201 | 0205564031251 | 0107547000877 | 0105546112921 | 0925563000585 | 0105536144072 | 0105566050556","8","147554400.000000000000000","146404400.000000000000000","145699700.000000000000000","12220000.000000000000000","99.500000000000000","4","mid","2","R1|R9","ราคาตกลง ≥ 95% ของราคากลาง | ราคาผู้ชนะ vs อันดับ 2 < 5%","3","0.000000000000000","บริษัท สหชลทิศ  จำกัด","บริษัทจำกัด","ยังดำเนินกิจการอยู่","1993","48000000.000000000000000","สงขลา","บางกล่ำ","การเก็บรวบรวมของเสียที่ไม่เป็นอันตราย","38110","0.250000000000000","32","1","กรุงเทพมหานคร","กทม","จ.พะเยา","latlong","real","19.081406079999997","99.577755649999986","1","1","0","0","0","0","0","1","0","0","99.577755650044750","19.081406080169653"
"185","68079383145","ประกวดราคาเช่าเครื่องคอมพิวเตอร์และอุปกรณ์คอมพิวเตอร์ ด้วยวิธีประกวดราคาอิเล็กทรอนิกส์ (e-bidding)","เช่า","บริษัท ท่าอากาศยานไทย จำกัด (มหาชน)","ประกวดราคาอิเล็กทรอนิกส์ (e-bidding)","ระหว่างดำเนินการ","14/10/2025","11/12/2025","31/12/2028","บริษัท เอส เอฟ อินทิเกรทเต็ด โซลูชั่น จำกัด","105539086944","1","บริษัท เอส เอฟ อินทิเกรทเต็ด โซลูชั่น จำกัด","0105539086944","1","128050110.000000000000000","128050110.000000000000000","127522386.000000000000000","127522386.000000000000000","99.599999999999994","4","mid","2","R1|R9","ราคาตกลง ≥ 95% ของราคากลาง | ราคาผู้ชนะ vs อันดับ 2 < 5%","3","0.300000000000000","บริษัท เอส เอฟ อินทิเกรทเต็ด โซลูชั่น จำกัด","บริษัทจำกัด","ยังดำเนินกิจการอยู่","1996","120000000.000000000000000","กรุงเทพมหานคร","เขตดินแดง","กิจกรรมการสร้างแม่ข่าย","63112","1.060000000000000","29","0","กรุงเทพมหานคร","กทม","กรุงเทพมหานคร","hq","province","13.784380300000000","100.543626979999999","1","1","0","0","0","0","0","1","0","0","100.543626983391661","13.784380299691312"
"186","68079389505","ซื้อยา จำนวน 38 รายการ โดยวิธีเฉพาะเจาะจง","ซื้อ","คณะแพทยศาสตร์ศิริราชพยาบาล มหาวิทยาลัยมหิดล","เฉพาะเจาะจง","ระหว่างดำเนินการ","","1/10/2025","30/9/2026","บริษัท ซิลลิค ฟาร์มา จำกัด","105539106911","27","บริษัท ซิลลิค ฟาร์มา จำกัด","0105539106911","1","199914327.400000005960464","227605844.099999994039536","199914327.400000005960464","199914327.400000005960464","87.799999999999997","3","mid","1","R4","ใช้วิธีเฉพาะเจาะจง","1","","บริษัท ซิลลิค ฟาร์มา จำกัด","บริษัทจำกัด","ยังดำเนินกิจการอยู่","1996","628000000.000000000000000","กรุงเทพมหานคร","เขตคลองเตย","การผลิตเครื่องมือและอุปกรณ์ในทางการแพทย์ (ยกเว้นทางทันตกรรม)","","0.320000000000000","","0","กรุงเทพมหานคร","กทม","กรุงเทพมหานคร","hq","province","13.784375640000000","100.543637439999998","1","0","0","1","0","0","0","0","0","0","100.543637440679873","13.784375641717292"
"187","68079391218","ซื้อยา จำนวน 27 รายการ โดยวิธีเฉพาะเจาะจง","ซื้อ","คณะแพทยศาสตร์ศิริราชพยาบาล มหาวิทยาลัยมหิดล","เฉพาะเจาะจง","ระหว่างดำเนินการ","","1/10/2025","30/9/2026","บริษัท ซิลลิค ฟาร์มา จำกัด","105539106911","27","บริษัท ซิลลิค ฟาร์มา จำกัด","0105539106911","1","183292241.199999988079071","199871236.000000000000000","183292241.199999988079071","183292241.199999988079071","91.700000000000003","3","mid","1","R4","ใช้วิธีเฉพาะเจาะจง","1","","บริษัท ซิลลิค ฟาร์มา จำกัด","บริษัทจำกัด","ยังดำเนินกิจการอยู่","1996","628000000.000000000000000","กรุงเทพมหานคร","เขตคลองเตย","การผลิตเครื่องมือและอุปกรณ์ในทางการแพทย์ (ยกเว้นทางทันตกรรม)","","0.290000000000000","","0","กรุงเทพมหานคร","กทม","กรุงเทพมหานคร","hq","province","13.784359660000000","100.543677549999998","1","0","0","1","0","0","0","0","0","0","100.543677548660682","13.784359661175277"
"188","68079398001","ประกวดราคาจ้างก่อสร้างระบบประปาบาดาลพร้อมอุปกรณ์ โครงการจัดหาแหล่งน้ำบาดาลระยะไกลเพื่อแก้ปัญหาในพื้นที่ขาดแคลนน้ำหรือน้ำเค็ม รูปแบบที่ ๑ จำนวน ๔๐ แห่ง งบประมาณรายจ่ายประจำปีงบประมาณ พ.ศ. ๒๕๖๘ งบกลาง ภายใต้โครงการเพิ่มประสิทธิภาพการบริหารจัดการน้ำอย่างยั่งยืนเป็นกรณีเร่งด่วนและเพื่อกระตุ้นเศรษฐกิจ ด้วยวิธีประกวดราคาอิเล็กทรอนิกส์ (e-bidding)","จ้างก่อสร้าง","กรมทรัพยากรน้ำบาดาล","ประกวดราคาอิเล็กทรอนิกส์ (e-bidding)","ระหว่างดำเนินการ","25/7/2025","31/10/2025","28/2/2026","บริษัท ไฮโดร เอ็นจิเนียริ่ง จำกัด","105536144072","3","บริษัท ไฮโดร เอ็นจิเนียริ่ง จำกัด | บริษัท พี.บี.พี คอนสตรัคชั่น จำกัด | บริษัท วรรณา จีระ  จำกัด | บริษัท รุ่งวิจิตรการช่าง จำกัด | บริษัท โรลลิ่ง คอนเซปต์ อินโนเวชั่น จำกัด | ห้างหุ้นส่วนจำกัด ชลธร ซัพพลาย | บริษัท ฟร้อนท์ไลน์ เอ็นจิเนียริ่ง จำกัด (มหาชน)","0105536144072 | 0105564029533 | 0105550118440 | 0925563000585 | 0105548047000 | 0703547000274 | 0107568000175","7","397404000.000000000000000","397043800.000000000000000","396162760.000000000000000","79188900.000000000000000","99.799999999999997","4","mid","2","R1|R9","ราคาตกลง ≥ 95% ของราคากลาง | ราคาผู้ชนะ vs อันดับ 2 < 5%","4","0.000000000000000","บริษัท ไฮโดร เอ็นจิเนียริ่ง จำกัด","บริษัทจำกัด","ยังดำเนินกิจการอยู่","1993","361740000.000000000000000","กรุงเทพมหานคร","เขตห้วยขวาง","กิจกรรมการบริการอื่นๆเพื่อสนับสนุนธุรกิจซึ่งมิได้จัดประเภทไว้ ในที่อื่น","","0.220000000000000","32","0","กรุงเทพมหานคร","กทม","จ.สุพรรณบุรี","latlong","real","14.579022880000000","99.858143539999986","1","1","0","0","0","0","0","1","0","0","99.858143539690801","14.579022879675991"
"189","68079400847","ประกวดราคาจ้างก่อสร้างระบบประปาบาดาลพร้อมอุปกรณ์ โครงการจัดหาแหล่งน้ำบาดาลระยะไกลเพื่อแก้ปัญหาในพื้นที่ขาดแคลนน้ำหรือน้ำเค็ม รูปแบบที่ ๒ จำนวน ๔ แห่ง งบประมาณรายจ่ายประจำปีงบประมาณ พ.ศ. ๒๕๖๘ งบกลาง ภายใต้โครงการเพิ่มประสิทธิภาพการบริหารจัดการน้ำอย่างยั่งยืนเป็นกรณีเร่งด่วนและเพื่อกระตุ้นเศรษฐกิจ ด้วยวิธีประกวดราคาอิเล็กทรอนิกส์ (e-bidding)","จ้างก่อสร้าง","กรมทรัพยากรน้ำบาดาล","ประกวดราคาอิเล็กทรอนิกส์ (e-bidding)","ระหว่างดำเนินการ","25/7/2025","15/10/2025","12/2/2026","บริษัท เอส.พี.ดรากอนดีเวลลอปเมนท์ จำกัด","485539000117","3","บริษัท เอส.พี.ดรากอนดีเวลลอปเมนท์ จำกัด | บริษัท รุ่งวิจิตรการช่าง จำกัด | บริษัท โรลลิ่ง คอนเซปต์ อินโนเวชั่น จำกัด | ห้างหุ้นส่วนจำกัด ชลธร ซัพพลาย","0485539000117 | 0925563000585 | 0105548047000 | 0703547000274","4","122985200.000000000000000","122980600.000000000000000","122764100.000000000000000","30708000.000000000000000","99.799999999999997","4","mid","2","R1|R9","ราคาตกลง ≥ 95% ของราคากลาง | ราคาผู้ชนะ vs อันดับ 2 < 5%","3","0.000000000000000","","","","","0.000000000000000","","","","","","","","กรุงเทพมหานคร","กทม","จ.เลย","latlong","real","17.101887749999999","101.868956799999992","1","1","0","0","0","0","0","1","0","0","101.868956799838472","17.101887750414789"
"190","68079408395","ซื้อยา จำนวน 31 รายการ โดยวิธีเฉพาะเจาะจง","ซื้อ","คณะแพทยศาสตร์ศิริราชพยาบาล มหาวิทยาลัยมหิดล","เฉพาะเจาะจง","ระหว่างดำเนินการ","","1/10/2025","30/9/2026","บริษัท ซิลลิค ฟาร์มา จำกัด","105539106911","27","บริษัท ซิลลิค ฟาร์มา จำกัด","0105539106911","1","198111249.000000000000000","216665034.000000000000000","198111249.000000000000000","198111249.000000000000000","91.400000000000006","3","mid","1","R4","ใช้วิธีเฉพาะเจาะจง","1","","บริษัท ซิลลิค ฟาร์มา จำกัด","บริษัทจำกัด","ยังดำเนินกิจการอยู่","1996","628000000.000000000000000","กรุงเทพมหานคร","เขตคลองเตย","การผลิตเครื่องมือและอุปกรณ์ในทางการแพทย์ (ยกเว้นทางทันตกรรม)","","0.320000000000000","","0","กรุงเทพมหานคร","กทม","กรุงเทพมหานคร","hq","province","13.783898409999999","100.544908829999997","1","0","0","1","0","0","0","0","0","0","100.544908832589712","13.783898406965319"
"191","68079413990","ประกวดราคาซื้อรถบรรทุก (ดีเซล) ขนาด 6 ตัน 6 ล้อ ปริมาตรกระบอกสูบไม่ต่ำกว่า 6,000 ซีซี หรือกำลังเครื่องยนต์สูงสุดไม่ต่ำกว่า 170 กิโลวัตต์ แบบบรรทุกน้ำ สำนักเครื่องจักรกล ตำบลบางตลาด อำเภอปากเกร็ด จังหวัดนนทบุรี 50 คัน ด้วยวิธีประกวดราคาอิเล็กทรอนิกส์ (e-bidding)","ซื้อ","กรมชลประทาน","ประกวดราคาอิเล็กทรอนิกส์ (e-bidding)","ระหว่างดำเนินการ","8/8/2025","17/10/2025","15/4/2026","บริษัท ไฮโดรควิพ จำกัด","125543009169","1","บริษัท ไฮโดรควิพ จำกัด","0125543009169","1","128150000.000000000000000","128150000.000000000000000","127650000.000000000000000","127650000.000000000000000","99.599999999999994","4","mid","2","R1|R9","ราคาตกลง ≥ 95% ของราคากลาง | ราคาผู้ชนะ vs อันดับ 2 < 5%","2","0.300000000000000","บริษัท ไฮโดรควิพ จำกัด","บริษัทจำกัด","ยังดำเนินกิจการอยู่","2000","100000000.000000000000000","นนทบุรี","เมืองนนทบุรี","การขายส่งเครื่องจักรและอุปกรณ์เพื่อใช้ในงานอุตสาหกรรม","46593","1.280000000000000","25","1","กรุงเทพมหานคร","กทม","จ.นนทบุรี","text","province","13.893878280000001","100.534965959999994","1","1","0","0","0","0","0","1","0","0","100.534965964614727","13.893878278359784"
"192","68079421538","ประกวดราคาจ้างก่อสร้างระบบประปาบาดาลขนาดใหญ่และระบบกระจายน้ำ จำนวน 3 แห่ง โครงการจัดหาน้ำบาดาลขนาดใหญ่แก้ปัญหาภัยแล้ง งบประมาณรายจ่ายประจำปีงบประมาณ พ.ศ. 2568 งบกลาง รายการค่าใช้จ่ายเพื่อกระตุ้นเศรษฐกิจและสร้างความเข้มแข็งของระบบเศรษฐกิจเพื่อดำเนินโครงการตามแผนการขับเคลื่อนเศรษฐกิจภายใต้กรอบวงเงิน 157,000 ล้านบาท ภายใต้โครงการเพิ่มประสิทธิภาพการบริหารจัดการน้ำอย่างยั่งยืนเป็นกรณีเร่งด่วนและเพื่อการกระตุ้นเศรษฐกิจ ด้วยวิธีประกวดราคาอิเล็กทรอนิกส์ (e-bidding)","จ้างก่อสร้าง","กรมทรัพยากรน้ำบาดาล","ประกวดราคาอิเล็กทรอนิกส์ (e-bidding)","ระหว่างดำเนินการ","1/8/2025","3/11/2025","2/4/2026","ห้างหุ้นส่วนจำกัด ห้างหุ้นส่วนจำกัด สิทธิยนต์(สัญญากิจการค้าร่วม)","103517011516","3","ห้างหุ้นส่วนจำกัด ห้างหุ้นส่วนจำกัด สิทธิยนต์(สัญญากิจการค้าร่วม) | บริษัทจำกัด บริษัท สุชัยธนา จำกัด(สัญญากิจการค้าร่วม) | ห้างหุ้นส่วนจำกัด ชลธร ซัพพลาย | บริษัท โรลลิ่ง คอนเซปต์ อินโนเวชั่น จำกัด","0103517011516 | 0105555048911 | 0703547000274 | 0105548047000","4","187292400.000000000000000","169995900.000000000000000","169854830.000000000000000","41005881.000000000000000","99.900000000000006","4","mid","2","R1|R9","ราคาตกลง ≥ 95% ของราคากลาง | ราคาผู้ชนะ vs อันดับ 2 < 5%","3","0.000000000000000","ห้างหุ้นส่วนจำกัด สิทธิยนต์","ห้างหุ้นส่วนจำกัด","ยังดำเนินกิจการอยู่","1974","75000000.000000000000000","กรุงเทพมหานคร","เขตพระนคร","การก่อสร้างโครงการสาธารณูปโภคเกี่ยวกับน้ำน้ำมันและก๊าซ","","0.550000000000000","51","1","จ.ลำปาง","ภาค 5","จ.พะเยา","latlong","real","19.394890539999999","99.860958740000001","1","1","0","0","0","0","0","1","0","0","99.860958740315297","19.394890539636467"
"193","68079424183","ซื้ออากาศยานไร้คนขับทางยุทธวิธี พัน.ขกท. ภายใต้โครงการจัดหาอากาศยานไร้คนขับทางยุทธวิธี จำนวน ๑ ระบบ โดยวิธีเฉพาะเจาะจง","ซื้อ","กองทัพบก","เฉพาะเจาะจง","ระหว่างดำเนินการ","","27/2/2026","11/2/2029","บริษัท จันทร์เกษมอินเตอร์เนทชั่นแนล จำกัด","105523000255","3","บริษัท จันทร์เกษมอินเตอร์เนทชั่นแนล จำกัด","0105523000255","1","700000000.000000000000000","700000000.000000000000000","700000000.000000000000000","700000000.000000000000000","100.000000000000000","5","high","2","R1|R4","ราคาตกลง ≥ 95% ของราคากลาง | ใช้วิธีเฉพาะเจาะจง","1","","บริษัท จันทร์เกษมอินเตอร์เนทชั่นแนล จำกัด","บริษัทจำกัด","ยังดำเนินกิจการอยู่","1980","200000000.000000000000000","กรุงเทพมหานคร","เขตหลักสี่","การขายปลีกชิ้นส่วนและอุปกรณ์เสริมใหม่ของยานยนต์","","3.500000000000000","","0","กรุงเทพมหานคร","กทม","กรุงเทพมหานคร","hq","province","13.783853530000000","100.545008930000009","1","1","0","1","0","0","0","0","0","0","100.545008926471937","13.783853531882583"
"194","68079443302","ซื้อยา จำนวน 32 รายการ โดยวิธีเฉพาะเจาะจง","ซื้อ","คณะแพทยศาสตร์ศิริราชพยาบาล มหาวิทยาลัยมหิดล","เฉพาะเจาะจง","ระหว่างดำเนินการ","","1/10/2025","30/9/2026","บริษัท ซิลลิค ฟาร์มา จำกัด","105539106911","27","บริษัท ซิลลิค ฟาร์มา จำกัด","0105539106911","1","199648892.500000000000000","253291333.000000000000000","199648892.500000000000000","199648892.500000000000000","78.799999999999997","4","mid","2","R4|R7","ใช้วิธีเฉพาะเจาะจง | ราคากลาง vs งบ > 20%","1","","บริษัท ซิลลิค ฟาร์มา จำกัด","บริษัทจำกัด","ยังดำเนินกิจการอยู่","1996","628000000.000000000000000","กรุงเทพมหานคร","เขตคลองเตย","การผลิตเครื่องมือและอุปกรณ์ในทางการแพทย์ (ยกเว้นทางทันตกรรม)","","0.320000000000000","","0","กรุงเทพมหานคร","กทม","กรุงเทพมหานคร","hq","province","13.783805780000000","100.545114210000008","1","0","0","1","0","1","0","0","0","0","100.545114210819847","13.783805776849288"
"605","69019500156","ประกวดราคาจ้างก่อสร้างโครงการพัฒนาพื้นที่ชุมชนเมืองแจระแม ตำบลแจระแม อำเภอเมืองอุบลราชธานี จังหวัดอุบลราชธานี ด้วยวิธีประกวดราคาอิเล็กทรอนิกส์ (e-bidding)","จ้าง","กรมโยธาธิการและผังเมือง","ประกวดราคาอิเล็กทรอนิกส์ (e-bidding)","ระหว่างดำเนินการ","12/2/2026","30/4/2026","2/6/2028","ห้างหุ้นส่วนจำกัด อุบลวรสิทธิ์ก่อสร้าง","343523000162","1","ห้างหุ้นส่วนจำกัด อุบลวรสิทธิ์ก่อสร้าง","0343523000162","1","150000000.000000000000000","149240000.000000000000000","147850000.000000000000000","147850000.000000000000000","99.099999999999994","2","low","1","R1","ราคาตกลง ≥ 95% ของราคากลาง","","","","","","","","","","","","","","","กรุงเทพมหานคร","กทม","","","real","15.250136899999999","104.803821520000000","1","1","0","0","0","0","0","0","0","0","104.803821519141877","15.250136900023767"
"195","68079459967","ซื้อระบบสื่อสารและระบบอาวุธสำหรับการปฏิบัติการทางเรือ พร้อมอุปกรณ์สนับสนุนที่เกี่ยวข้อง สำหรับโครงการเพิ่มขีดความสามารถระบบสื่อสารและระบบอาวุธสำหรับการปฏิบัติการทางเรือ โดยวิธีคัดเลือก","ซื้อ","กองทัพเรือ","คัดเลือก","ระหว่างดำเนินการ","","11/3/2026","1/11/2027","บริษัท ฟอร์ท คอร์ปอเรชั่น จำกัด (มหาชน)","107548000471","4","บริษัท ฟอร์ท คอร์ปอเรชั่น จำกัด (มหาชน)","0107548000471","1","461323964.000000000000000","459068490.000000000000000","457800000.000000000000000","457800000.000000000000000","99.700000000000003","5","high","2","R1|R8","ราคาตกลง ≥ 95% ของราคากลาง | ยื่นรายเดียวใน Open Bid","1","","บริษัท ฟอร์ท คอร์ปอเรชั่น จำกัด (มหาชน)","บริษัทมหาชนจำกัด","ยังดำเนินกิจการอยู่","2005","467687350.000000000000000","กรุงเทพมหานคร","เขตพญาไท","การผลิตส่วนประกอบอิเล็กทรอนิกส์อื่นๆซึ่งมิได้จัดประเภทไว้ในที่อื่น","","0.980000000000000","","0","กรุงเทพมหานคร","กทม","กรุงเทพมหานคร","hq","province","13.783776220000000","100.545178079999999","1","1","0","0","0","0","1","0","0","0","100.545178081036539","13.783776216655902"
"196","68079461181","ประกวดราคาเช่าเช่าใช้ระบบประมวลผลแบบคลาวด์ ภายใต้โครงการส่งเสริมการเรียนรู้ขั้นพื้นฐานทุกที่ทุกเวลา สพฐ. กระทรวงศึกษาธิการ ด้วยวิธีประกวดราคาอิเล็กทรอนิกส์ (e-bidding)","เช่า","สำนักงานคณะกรรมการการศึกษาขั้นพื้นฐาน","ประกวดราคาอิเล็กทรอนิกส์ (e-bidding)","ระหว่างดำเนินการ","29/8/2025","20/2/2026","23/8/2031","บริษัทมหาชนจำกัด บริษัท สกาย ไอซีที จำกัด (มหาชน)(สัญญากิจการค้าร่วม)","107553000182","1","บริษัทมหาชนจำกัด บริษัท สกาย ไอซีที จำกัด (มหาชน)(สัญญากิจการค้าร่วม) | บริษัทมหาชนจำกัด บริษัท โปร อินไซด์ จำกัด (มหาชน)(สัญญากิจการค้าร่วม)","0107553000182 | 0107567000023","2","2800158000.000000000000000","2800158000.000000000000000","2758888889.000000000000000","1407033334.000000000000000","98.500000000000000","2","low","1","R1","ราคาตกลง ≥ 95% ของราคากลาง","3","15.000000000000000","","","","","0.000000000000000","","","","","","","","กรุงเทพมหานคร","กทม","กรุงเทพมหานคร","hq","province","13.783758640000000","100.545217529999988","1","1","0","0","0","0","0","0","0","0","100.545217528755629","13.783758642987417"
"197","68079463059","ประกวดราคาซื้อซอฟต์แวร์สำเร็จรูปพร้อมพัฒนาแพลตฟอร์มการจัดการเรียนรู้แห่งชาติ โดยใช้เทคโนโลยีดิจิทัลเป็นฐาน ระยะที่ 2 ภายใต้โครงการส่งเสริมการเรียนรู้ขั้นพื้นฐานทุกที่ทุกเวลา ระยะที่ 2 ด้วยวิธีประกวดราคาอิเล็กทรอนิกส์ (e-bidding)","ซื้อ","สำนักงานคณะกรรมการการศึกษาขั้นพื้นฐาน","ประกวดราคาอิเล็กทรอนิกส์ (e-bidding)","ระหว่างดำเนินการ","29/8/2025","11/12/2025","12/12/2030","บริษัทจำกัด บริษัท ฮิวแมน อินเทลลิเจนท์ จำกัด(สัญญากิจการค้าร่วม)","105560017026","1","บริษัทจำกัด บริษัท ฮิวแมน อินเทลลิเจนท์ จำกัด(สัญญากิจการค้าร่วม) | บริษัทมหาชนจำกัด บริษัท เทิร์นคีย์ คอมมูนิเคชั่น เซอร์วิส จำกัด (มหาชน)(สัญญากิจการค้าร่วม)","0105560017026 | 0107564000219","2","1330085600.000000000000000","1330085600.000000000000000","1287995000.000000000000000","631117550.000000000000000","96.799999999999997","2","low","1","R1","ราคาตกลง ≥ 95% ของราคากลาง","4","5.500000000000000","","","","","0.000000000000000","","","","","","","","กรุงเทพมหานคร","กทม","กรุงเทพมหานคร","hq","province","13.783757000000000","100.545220849999993","1","1","0","0","0","0","0","0","0","0","100.545220847132299","13.783757002789960"
"198","68079463559","ประกวดราคาซื้อท่อเหล็กกล้าสำหรับส่งน้ำ รวม 2 รายการ สำหรับงานสถานีสูบน้ำพร้อมระบบส่งน้ำและอาคารประกอบ โครงการสถานีสูบน้ำ กลอนโด-รางสาลี่ ตำบลกลอนโด อำเภอด่านมะขามเตี้ย จังหวัดกาญจนบุรี ด้วยวิธีประกวดราคาอิเล็กทรอนิกส์ (e-bidding)","ซื้อ","กรมชลประทาน","ประกวดราคาอิเล็กทรอนิกส์ (e-bidding)","ระหว่างดำเนินการ","5/8/2025","16/10/2025","13/2/2026","บริษัท กิจการร่วมค้า อะควอ ออร่า จำกัด","135552005677","6","บริษัท กิจการร่วมค้า อะควอ ออร่า จำกัด","0135552005677","1","134060840.000000000000000","134060838.000000000000000","133766585.000000000000000","133766585.000000000000000","99.799999999999997","2","low","1","R1","ราคาตกลง ≥ 95% ของราคากลาง","4","15.300000000000001","","","","","0.000000000000000","","","","","","","","กรุงเทพมหานคร","กทม","จ.กาญจนบุรี","text","province","14.033756860000000","99.555248309999996","1","1","0","0","0","0","0","0","0","0","99.555248312990415","14.033756861568826"
"199","68079483758","ประกวดราคาจ้างก่อสร้างระบบประปาบาดาล พร้อมอุปกรณ์ โครงการพัฒนาน้ำบาดาลเพื่อความมั่นคงระดับชุมชน จำนวน ๓๐๗ แห่ง งบประมาณรายจ่ายประจำปีงบประมาณ  พ.ศ. ๒๕๖๘ งบกลาง ภายใต้โครงการเพิ่มประสิทธิภาพการบริหารจัดการน้ำอย่างยั่งยืน เป็นกรณีเร่งด่วนและเพื่อการกระตุ้นเศรษฐกิจ ด้วยวิธีประกวดราคาอิเล็กทรอนิกส์ (e-bidding)","จ้างก่อสร้าง","กรมทรัพยากรน้ำบาดาล","ประกวดราคาอิเล็กทรอนิกส์ (e-bidding)","ระหว่างดำเนินการ","4/8/2025","31/10/2025","28/2/2026","บริษัท มินเซนแมชีนเนอรี่ จำกัด","105499000548","3","บริษัท มินเซนแมชีนเนอรี่ จำกัด | บริษัทจำกัด บริษัท สุชัยธนา จำกัด(สัญญากิจการค้าร่วม) | ห้างหุ้นส่วนจำกัด ห้างหุ้นส่วนจำกัด สิทธิยนต์(สัญญากิจการค้าร่วม) | บริษัท ล็อกซเล่ย์ พร็อพเพอร์ตี้ ดีเวลลอปเม้นท์  จำกัด | บริษัทจำกัด บริษัท พีเจ โซลาร์เทค (ประเทศไทย) จำกัด(สัญญากิจการค้าร่วม) | ห้างหุ้นส่วนจำกัด ห้างหุ้นส่วนจำกัด ประจักษ์พิบูล(สัญญากิจการค้าร่วม) | บริษัท รุ่งวิจิตรการช่าง จำกัด | บริษัท โกลบอล วอเตอร์ ไลฟ์ จำกัด | บริษัท ไทยวอเตอร์ เอ็นจิเนียริ่ง จำกัด | บริษัท ฟร้อนท์ไลน์ เอ็นจิเนียริ่ง จำกัด (มหาชน) | บริษัท โรลลิ่ง คอนเซปต์ อินโนเวชั่น จำกัด","0105499000548 | 0105555048911 | 0103517011516 | 0105532033721 | 0345561002101 | 0343533000378 | 0925563000585 | 0105564049721 | 0105546112921 | 0107568000175 | 0105548047000","11","1675299000.000000000000000","1665719000.000000000000000","1663819967.000000000000000","178540949.000000000000000","99.900000000000006","4","mid","2","R1|R9","ราคาตกลง ≥ 95% ของราคากลาง | ราคาผู้ชนะ vs อันดับ 2 < 5%","3","0.000000000000000","บริษัท มินเซนแมชีนเนอรี่ จำกัด","บริษัทจำกัด","ยังดำเนินกิจการอยู่","1956","50000000.000000000000000","กรุงเทพมหานคร","เขตพระนคร","การขายส่งเครื่องจักรและอุปกรณ์อื่นๆซึ่งมิได้จัดประเภทไว้ในที่อื่น","46599","3.570000000000000","69","0","กรุงเทพมหานคร","กทม","จ.เชียงใหม่","latlong","real","19.404647250000000","98.717541830000002","1","1","0","0","0","0","0","1","0","0","98.717541830186079","19.404647250240703"
"200","68079490930","ซื้อยา จำนวน 25 รายการ โดยวิธีเฉพาะเจาะจง","ซื้อ","คณะแพทยศาสตร์ศิริราชพยาบาล มหาวิทยาลัยมหิดล","เฉพาะเจาะจง","ระหว่างดำเนินการ","","1/10/2025","30/9/2026","บริษัท ซิลลิค ฟาร์มา จำกัด","105539106911","27","บริษัท ซิลลิค ฟาร์มา จำกัด","0105539106911","1","199084542.400000005960464","253695468.000000000000000","199084542.400000005960464","199084542.400000005960464","78.500000000000000","4","mid","2","R4|R7","ใช้วิธีเฉพาะเจาะจง | ราคากลาง vs งบ > 20%","1","","บริษัท ซิลลิค ฟาร์มา จำกัด","บริษัทจำกัด","ยังดำเนินกิจการอยู่","1996","628000000.000000000000000","กรุงเทพมหานคร","เขตคลองเตย","การผลิตเครื่องมือและอุปกรณ์ในทางการแพทย์ (ยกเว้นทางทันตกรรม)","","0.320000000000000","","0","กรุงเทพมหานคร","กทม","กรุงเทพมหานคร","hq","province","13.783685390000000","100.545376269999991","1","0","0","1","0","1","0","0","0","0","100.545376270947799","13.783685392454137"
"201","68079493797","ซื้อยา จำนวน 13 รายการ โดยวิธีเฉพาะเจาะจง","ซื้อ","คณะแพทยศาสตร์ศิริราชพยาบาล มหาวิทยาลัยมหิดล","เฉพาะเจาะจง","ระหว่างดำเนินการ","","1/10/2025","30/9/2026","บริษัท ดีเคเอสเอช (ประเทศไทย) จำกัด","105523002118","15","บริษัท ดีเคเอสเอช (ประเทศไทย) จำกัด","0105523002118","1","186767697.500000000000000","186815494.500000000000000","186767697.500000000000000","186767697.500000000000000","100.000000000000000","5","high","2","R1|R4","ราคาตกลง ≥ 95% ของราคากลาง | ใช้วิธีเฉพาะเจาะจง","1","","บริษัท ดีเคเอสเอช (ประเทศไทย) จำกัด","บริษัทจำกัด","ยังดำเนินกิจการอยู่","1980","200000000.000000000000000","กรุงเทพมหานคร","เขตพระโขนง","การซื้อและการขายอสังหาริมทรัพย์ที่เป็นของตนเองที่ไม่ใช่ เพื่อเป็นที่พักอาศัย","","0.930000000000000","","0","กรุงเทพมหานคร","กทม","กรุงเทพมหานคร","hq","province","13.783682910000000","100.545381230000004","1","1","0","1","0","0","0","0","0","0","100.545381231444779","13.783682914708187"
"202","68079494800","ประกวดราคาจ้างก่อสร้างก่อสร้างโครงการโรงเรียนวิยาศาสตร์จุฬาภรณราชวิทยาลัย กำแพงเพชร ด้วยวิธีประกวดราคาอิเล็กทรอนิกส์ (e-bidding)","จ้างก่อสร้าง","สำนักงานคณะกรรมการการศึกษาขั้นพื้นฐาน","ประกวดราคาอิเล็กทรอนิกส์ (e-bidding)","ระหว่างดำเนินการ","5/8/2025","21/11/2025","18/4/2028","บริษัท หรรษนันท์ พร็อบเพอร์ตี้ จำกัด","535560000651","1","บริษัท หรรษนันท์ พร็อบเพอร์ตี้ จำกัด","0535560000651","1","389946900.000000000000000","389945455.500000000000000","372397999.000000000000000","372397999.000000000000000","95.500000000000000","4","mid","2","R1|R9","ราคาตกลง ≥ 95% ของราคากลาง | ราคาผู้ชนะ vs อันดับ 2 < 5%","2","3.700000000000000","","","","","0.000000000000000","","","","","","","","จ.กำแพงเพชร","ภาค 6","จ.กำแพงเพชร","latlong","real","16.534374850000003","99.506392480000002","1","1","0","0","0","0","0","1","0","0","99.506392479557803","16.534374850270908"
"203","68079513509","ซื้อยา จำนวน 36 รายการ โดยวิธีเฉพาะเจาะจง","ซื้อ","คณะแพทยศาสตร์ศิริราชพยาบาล มหาวิทยาลัยมหิดล","เฉพาะเจาะจง","ระหว่างดำเนินการ","","1/10/2025","30/9/2026","บริษัท ซิลลิค ฟาร์มา จำกัด","105539106911","27","บริษัท ซิลลิค ฟาร์มา จำกัด","0105539106911","1","199187743.900000005960464","272022617.899999976158142","199187743.900000005960464","199187743.900000005960464","73.200000000000003","4","mid","2","R4|R7","ใช้วิธีเฉพาะเจาะจง | ราคากลาง vs งบ > 20%","1","","บริษัท ซิลลิค ฟาร์มา จำกัด","บริษัทจำกัด","ยังดำเนินกิจการอยู่","1996","628000000.000000000000000","กรุงเทพมหานคร","เขตคลองเตย","การผลิตเครื่องมือและอุปกรณ์ในทางการแพทย์ (ยกเว้นทางทันตกรรม)","","0.320000000000000","","0","กรุงเทพมหานคร","กทม","กรุงเทพมหานคร","hq","province","13.783142300000000","100.546640379999999","1","0","0","1","0","1","0","0","0","0","100.546640375724024","13.783142296090967"
"204","68079526477","ซื้อยา จำนวน 24 รายการ โดยวิธีเฉพาะเจาะจง","ซื้อ","คณะแพทยศาสตร์ศิริราชพยาบาล มหาวิทยาลัยมหิดล","เฉพาะเจาะจง","ระหว่างดำเนินการ","","1/10/2025","30/9/2026","บริษัท ซิลลิค ฟาร์มา จำกัด","105539106911","27","บริษัท ซิลลิค ฟาร์มา จำกัด","0105539106911","1","199442489.500000000000000","234154222.599999994039536","199442489.500000000000000","199442489.500000000000000","85.200000000000003","3","mid","1","R4","ใช้วิธีเฉพาะเจาะจง","1","","บริษัท ซิลลิค ฟาร์มา จำกัด","บริษัทจำกัด","ยังดำเนินกิจการอยู่","1996","628000000.000000000000000","กรุงเทพมหานคร","เขตคลองเตย","การผลิตเครื่องมือและอุปกรณ์ในทางการแพทย์ (ยกเว้นทางทันตกรรม)","","0.320000000000000","","0","กรุงเทพมหานคร","กทม","กรุงเทพมหานคร","hq","province","13.783112899999999","100.546698089999992","1","0","0","1","0","0","0","0","0","0","100.546698087989441","13.783112898961361"
"205","68079527704","ประกวดราคาซื้อท่อเหล็กกล้าสำหรับส่งน้ำ จำนวน 1 รายการ สำหรับงานสถานีสูบน้ำด้วยไฟฟ้าและระบบส่งน้ำโครงการสถานีสูบน้ำหนองหญ้ากาดอันเนื่องมาจากพระราชดำริ จังหวัดกาญจนบุรี ตำบลห้วยกระเจา อำเภอห้วยกระเจา จังหวัดกาญจนบุรี ด้วยวิธีประกวดราคาอิเล็กทรอนิกส์ (e-bidding)","ซื้อ","กรมชลประทาน","ประกวดราคาอิเล็กทรอนิกส์ (e-bidding)","ระหว่างดำเนินการ","7/8/2025","27/10/2025","24/2/2026","บริษัท แหล่งน้ำไทย จำกัด","145549001356","2","บริษัท แหล่งน้ำไทย จำกัด","0145549001356","1","118811160.000000000000000","118811160.000000000000000","118410480.000000000000000","118410480.000000000000000","99.700000000000003","3","mid","2","R1|R10","ราคาตกลง ≥ 95% ของราคากลาง | ทุนจดทะเบียนต่ำเทียบมูลค่าสัญญา","4","15.400000000000000","บริษัท แหล่งน้ำไทย จำกัด","บริษัทจำกัด","ยังดำเนินกิจการอยู่","2006","5000000.000000000000000","ปทุมธานี","คลองหลวง","การขายส่งเหล็กเหล็กกล้าและโลหะที่นอกกลุ่มเหล็กขั้นมูลฐาน","","23.680000000000000","19","1","กรุงเทพมหานคร","กทม","จ.กาญจนบุรี","text","province","14.033111909999999","99.556728690000000","1","1","0","0","0","0","0","0","1","0","99.556728693459476","14.033111909008930"
"206","68079529809","ประกวดราคาจ้างจัดทำและติดตั้งฝายยางและอุปกรณ์ประกอบครบชุดพร้อมส่วนประกอบอื่น สำหรับงานปรับปรุงฝายยางบ้านส้ม ตำบลท่าช้าง อำเภอเฉลิมพระเกียรติ จังหวัดนครราชสีมา ด้วยวิธีประกวดราคาอิเล็กทรอนิกส์ (e-bidding)","จ้างทำของ/จ้างเหมาบริการ","กรมชลประทาน","ประกวดราคาอิเล็กทรอนิกส์ (e-bidding)","ระหว่างดำเนินการ","14/8/2025","17/10/2025","14/7/2026","บริษัท วัฒนาสุข อินเตอร์เนชั่นแนล จำกัด","105538126705","2","บริษัท วัฒนาสุข อินเตอร์เนชั่นแนล จำกัด","0105538126705","1","106710000.000000000000000","106710268.000000000000000","106570200.000000000000000","106570200.000000000000000","99.900000000000006","4","mid","2","R1|R9","ราคาตกลง ≥ 95% ของราคากลาง | ราคาผู้ชนะ vs อันดับ 2 < 5%","3","0.100000000000000","บริษัท วัฒนาสุข อินเตอร์เนชั่นแนล จำกัด","บริษัทจำกัด","ยังดำเนินกิจการอยู่","1995","300000000.000000000000000","กรุงเทพมหานคร","เขตป้อมปราบศัตรูพ่าย","การขายส่งเครื่องจักรและอุปกรณ์อื่นๆซึ่งมิได้จัดประเภทไว้ในที่อื่น","46599","0.360000000000000","30","0","กรุงเทพมหานคร","กทม","จ.นครราชสีมา","text","province","15.003110070000000","102.126849260000000","1","1","0","0","0","0","0","1","0","0","102.126849256904336","15.003110065318801"
"207","68079531075","ประกวดราคาจ้างก่อสร้างอุโมงค์ส่งน้ำและอาคารประกอบ พร้อมส่วนประกอบอื่น อุโมงค์ส่งน้ำช่วงแม่แตง - แม่งัด สัญญาที่ 2 โครงการเพิ่มปริมาณน้ำในอ่างเก็บน้ำเขื่อนแม่กวงอุดมธารา จังหวัดเชียงใหม่ ด้วยวิธีประกวดราคาอิเล็กทรอนิกส์ (e-bidding)","จ้างก่อสร้าง","กรมชลประทาน","ประกวดราคาอิเล็กทรอนิกส์ (e-bidding)","ระหว่างดำเนินการ","1/9/2025","6/1/2026","","บริษัท ไร้ท์ทันเน็ลลิ่ง จำกัด (มหาชน)","107563000142","1","บริษัท ไร้ท์ทันเน็ลลิ่ง จำกัด (มหาชน)","0107563000142","1","2800000000.000000000000000","2799999087.000000000000000","2798000000.000000000000000","2798000000.000000000000000","99.900000000000006","4","mid","2","R1|R9","ราคาตกลง ≥ 95% ของราคากลาง | ราคาผู้ชนะ vs อันดับ 2 < 5%","2","0.100000000000000","","","","","0.000000000000000","","","","","","","","กรุงเทพมหานคร","กทม","จ.เชียงใหม่","latlong","real","19.160934900000001","99.087161410000007","1","1","0","0","0","0","0","1","0","0","99.087161409891237","19.160934899811799"
"208","68079539268","ซื้อยา จำนวน 42 รายการ โดยวิธีเฉพาะเจาะจง","ซื้อ","คณะแพทยศาสตร์ศิริราชพยาบาล มหาวิทยาลัยมหิดล","เฉพาะเจาะจง","ระหว่างดำเนินการ","","1/10/2025","30/9/2026","บริษัท ซิลลิค ฟาร์มา จำกัด","105539106911","27","บริษัท ซิลลิค ฟาร์มา จำกัด","0105539106911","1","199436786.400000005960464","241676841.199999988079071","199436786.400000005960464","199436786.400000005960464","82.500000000000000","4","mid","2","R4|R7","ใช้วิธีเฉพาะเจาะจง | ราคากลาง vs งบ > 20%","1","","บริษัท ซิลลิค ฟาร์มา จำกัด","บริษัทจำกัด","ยังดำเนินกิจการอยู่","1996","628000000.000000000000000","กรุงเทพมหานคร","เขตคลองเตย","การผลิตเครื่องมือและอุปกรณ์ในทางการแพทย์ (ยกเว้นทางทันตกรรม)","","0.320000000000000","","0","กรุงเทพมหานคร","กทม","กรุงเทพมหานคร","hq","province","13.783083439999999","100.546755700000006","1","0","0","1","0","1","0","0","0","0","100.546755701440190","13.783083445118917"
"209","68079540695","ประกวดราคาเช่าเช่าใช้อุปกรณ์การเรียนการสอน สำหรับครูและนักเรียนภายใต้โครงการส่งเสริมการเรียนรู้ขั้นพื้นฐานทุกที่ทุกเวลา ประจำปีงบประมาณ พ.ศ. 2568 ด้วยวิธีประกวดราคาอิเล็กทรอนิกส์ (e-bidding)","เช่า","สำนักงานคณะกรรมการการศึกษาขั้นพื้นฐาน","ประกวดราคาอิเล็กทรอนิกส์ (e-bidding)","ระหว่างดำเนินการ","18/8/2025","29/10/2025","28/3/2031","บริษัทมหาชนจำกัด บริษัท เอสวีโอเอ จำกัด (มหาชน)(สัญญากิจการค้าร่วม)","107537002001","18","บริษัทมหาชนจำกัด บริษัท เอสวีโอเอ จำกัด (มหาชน)(สัญญากิจการค้าร่วม) | บริษัทมหาชนจำกัด บริษัท อินฟอร์เมชั่น แอนด์ คอมมิวนิเคชั่น เน็ทเวิร์คส จำกัด (มหาชน)(สัญญากิจการค้าร่วม)","0107537002001 | 0107560000184","2","289814490.000000000000000","289814490.000000000000000","289811436.800000011920929","0.000000000000000","100.000000000000000","4","mid","2","R1|R9","ราคาตกลง ≥ 95% ของราคากลาง | ราคาผู้ชนะ vs อันดับ 2 < 5%","2","0.000000000000000","บริษัท เอสวีโอเอ จำกัด (มหาชน)","บริษัทมหาชนจำกัด","ยังดำเนินกิจการอยู่","1994","947000000.000000000000000","กรุงเทพมหานคร","เขตยานนาวา","ร้านขายปลีกคอมพิวเตอร์และอุปกรณ์ต่อพ่วงคอมพิวเตอร์","","","31","1","จ.สกลนคร","ภาค 4","จ.สกลนคร","hq","province","17.193064640000003","104.167238309999988","1","1","0","0","0","0","0","1","0","0","104.167238306309912","17.193064642843716"
"210","68079543357","ซื้อยา จำนวน 32 รายการ โดยวิธีเฉพาะเจาะจง","ซื้อ","คณะแพทยศาสตร์ศิริราชพยาบาล มหาวิทยาลัยมหิดล","เฉพาะเจาะจง","ระหว่างดำเนินการ","","1/10/2025","30/9/2026","บริษัท ซิลลิค ฟาร์มา จำกัด","105539106911","27","บริษัท ซิลลิค ฟาร์มา จำกัด","0105539106911","1","199574634.500000000000000","200896895.500000000000000","199574634.500000000000000","199574634.500000000000000","99.299999999999997","5","high","2","R1|R4","ราคาตกลง ≥ 95% ของราคากลาง | ใช้วิธีเฉพาะเจาะจง","1","","บริษัท ซิลลิค ฟาร์มา จำกัด","บริษัทจำกัด","ยังดำเนินกิจการอยู่","1996","628000000.000000000000000","กรุงเทพมหานคร","เขตคลองเตย","การผลิตเครื่องมือและอุปกรณ์ในทางการแพทย์ (ยกเว้นทางทันตกรรม)","","0.320000000000000","","0","กรุงเทพมหานคร","กทม","กรุงเทพมหานคร","hq","province","13.783062010000000","100.546798460000005","1","1","0","1","0","0","0","0","0","0","100.546798460349407","13.783062005580948"
"211","68079546993","ซื้อยา จำนวน 23 รายการ โดยวิธีเฉพาะเจาะจง","ซื้อ","คณะแพทยศาสตร์ศิริราชพยาบาล มหาวิทยาลัยมหิดล","เฉพาะเจาะจง","ระหว่างดำเนินการ","","1/10/2025","30/9/2026","บริษัท ซิลลิค ฟาร์มา จำกัด","105539106911","27","บริษัท ซิลลิค ฟาร์มา จำกัด","0105539106911","1","199919356.400000005960464","206636601.400000005960464","199919356.400000005960464","199919356.400000005960464","96.700000000000003","5","high","2","R1|R4","ราคาตกลง ≥ 95% ของราคากลาง | ใช้วิธีเฉพาะเจาะจง","1","","บริษัท ซิลลิค ฟาร์มา จำกัด","บริษัทจำกัด","ยังดำเนินกิจการอยู่","1996","628000000.000000000000000","กรุงเทพมหานคร","เขตคลองเตย","การผลิตเครื่องมือและอุปกรณ์ในทางการแพทย์ (ยกเว้นทางทันตกรรม)","","0.320000000000000","","0","กรุงเทพมหานคร","กทม","กรุงเทพมหานคร","hq","province","13.783059090000000","100.546803780000005","1","1","0","1","0","0","0","0","0","0","100.546803776579267","13.783059085497232"
"212","68079548492","ประกวดราคาจ้างก่อสร้างจ้างก่อสร้างอาคารผ่าตัด ผู้ป่วยหนักและผู้ป่วยใน เป็นอาคาร คสล. 5 ชั้นพื้นที่ใช้สอยประมาณ 4,682 ตารางเมตร (โครงสร้างต้านแผ่นดินไหว) โรงพยาบาลขาณุวรลักษบุรี ตำบลแสนตอ อำเภอขาณุวรลักษบุรี จังหวัดกำแพงเพชร 1 หลัง ด้วยวิธีประกวดราคาอิเล็กทรอนิกส์ (e-bidding)","จ้างก่อสร้าง","สำนักงานปลัดกระทรวงสาธารณสุข","ประกวดราคาอิเล็กทรอนิกส์ (e-bidding)","ระหว่างดำเนินการ","26/8/2025","18/12/2025","18/12/2027","บริษัท ซีเอ็นเอ็น การโยธา จำกัด","675545000245","2","บริษัท ซีเอ็นเอ็น การโยธา จำกัด","0675545000245","1","158438400.000000000000000","163122400.000000000000000","155000000.000000000000000","155000000.000000000000000","95.000000000000000","5","high","3","R1|R9|R10","ราคาตกลง ≥ 95% ของราคากลาง | ราคาผู้ชนะ vs อันดับ 2 < 5% | ทุนจดทะเบียนต่ำเทียบมูลค่าสัญญา","4","1.200000000000000","บริษัท ซีเอ็นเอ็น การโยธา จำกัด","บริษัทจำกัด","ยังดำเนินกิจการอยู่","2002","8000000.000000000000000","เพชรบูรณ์","เมืองเพชรบูรณ์","การก่อสร้างอาคารที่ไม่ใช่ที่พักอาศัย","","19.379999999999999","23","1","จ.กำแพงเพชร","ภาค 6","จ.นครสวรรค์","latlong","real","16.048746480000002","99.833438979999997","1","1","0","0","0","0","0","1","1","0","99.833438980045386","16.048746480234570"
"606","69019514383","ประกวดราคาซื้อรถยนต์กู้ภัยและดับเพลิงบันไดเลื่อนอัตโนมัติ พร้อมลิฟท์ลำเลียงผู้ประสบภัย จำนวน ๒ คัน ด้วยวิธีประกวดราคาอิเล็กทรอนิกส์ (e-bidding)","ซื้อ","เทศบาลเมืองบางแก้ว","ประกวดราคาอิเล็กทรอนิกส์ (e-bidding)","ระหว่างดำเนินการ","20/2/2026","21/4/2026","15/7/2027","บริษัท โปรเอ็น คอร์ป จำกัด (มหาชน)","107562000246","1","บริษัท โปรเอ็น คอร์ป จำกัด (มหาชน)","0107562000246","1","196000000.000000000000000","192000000.000000000000000","189900000.000000000000000","189900000.000000000000000","98.900000000000006","2","low","1","R1","ราคาตกลง ≥ 95% ของราคากลาง","","","","","","","","","","","","","","","จ.สมุทรปราการ","ภาค 1","","","province","13.581750880000000","100.561205529999995","1","1","0","0","0","0","0","0","0","0","100.561205530383347","13.581750879142710"
"213","68079551794","ซื้อยา จำนวน 26 รายการ โดยวิธีเฉพาะเจาะจง","ซื้อ","คณะแพทยศาสตร์ศิริราชพยาบาล มหาวิทยาลัยมหิดล","เฉพาะเจาะจง","ระหว่างดำเนินการ","","1/10/2025","30/9/2026","บริษัท ซิลลิค ฟาร์มา จำกัด","105539106911","27","บริษัท ซิลลิค ฟาร์มา จำกัด","0105539106911","1","199137282.699999988079071","201039794.400000005960464","199137282.699999988079071","199137282.699999988079071","99.099999999999994","5","high","2","R1|R4","ราคาตกลง ≥ 95% ของราคากลาง | ใช้วิธีเฉพาะเจาะจง","1","","บริษัท ซิลลิค ฟาร์มา จำกัด","บริษัทจำกัด","ยังดำเนินกิจการอยู่","1996","628000000.000000000000000","กรุงเทพมหานคร","เขตคลองเตย","การผลิตเครื่องมือและอุปกรณ์ในทางการแพทย์ (ยกเว้นทางทันตกรรม)","","0.320000000000000","","0","กรุงเทพมหานคร","กทม","กรุงเทพมหานคร","hq","province","13.783036760000000","100.546848019999999","1","1","0","1","0","0","0","0","0","0","100.546848022200265","13.783036764784336"
"214","68079552022","ซื้อยา จำนวน 34 รายการ โดยวิธีเฉพาะเจาะจง","ซื้อ","คณะแพทยศาสตร์ศิริราชพยาบาล มหาวิทยาลัยมหิดล","เฉพาะเจาะจง","ระหว่างดำเนินการ","","1/10/2025","30/9/2026","บริษัท ซิลลิค ฟาร์มา จำกัด","105539106911","27","บริษัท ซิลลิค ฟาร์มา จำกัด","0105539106911","1","199868563.500000000000000","229503320.500000000000000","199868563.500000000000000","199868563.500000000000000","87.099999999999994","3","mid","1","R4","ใช้วิธีเฉพาะเจาะจง","1","","บริษัท ซิลลิค ฟาร์มา จำกัด","บริษัทจำกัด","ยังดำเนินกิจการอยู่","1996","628000000.000000000000000","กรุงเทพมหานคร","เขตคลองเตย","การผลิตเครื่องมือและอุปกรณ์ในทางการแพทย์ (ยกเว้นทางทันตกรรม)","","0.320000000000000","","0","กรุงเทพมหานคร","กทม","กรุงเทพมหานคร","hq","province","13.783036070000000","100.546849309999999","1","0","0","1","0","0","0","0","0","0","100.546849304994481","13.783036072932934"
"215","68079552461","ประกวดราคาเช่าเช่าใช้อุปกรณ์การเรียนการสอนสำหรับครูและนักเรียนภายใต้โครงการส่งเสริมการเรียนรู้ขั้นพื้นฐานทุกที่ทุกเวลา สำนักงานเขตพื้นที่การศึกษามัธยมศึกษาพะเยา ประจำปีงบประมาณ พ.ศ. 2568 ด้วยวิธีประกวดราคาอิเล็กทรอนิกส์ (e-bidding)","เช่า","สำนักงานคณะกรรมการการศึกษาขั้นพื้นฐาน","ประกวดราคาอิเล็กทรอนิกส์ (e-bidding)","ระหว่างดำเนินการ","26/8/2025","24/10/2025","28/2/2031","บริษัท สุพรีม ดิสทิบิวชั่น จำกัด (มหาชน)","107566000291","16","บริษัท สุพรีม ดิสทิบิวชั่น จำกัด (มหาชน)","0107566000291","1","143922450.000000000000000","143922450.000000000000000","143830000.000000000000000","143830000.000000000000000","99.900000000000006","5","high","3","R1|R9|R11","ราคาตกลง ≥ 95% ของราคากลาง | ราคาผู้ชนะ vs อันดับ 2 < 5% | บริษัทจดทะเบียนใหม่ก่อนชนะโครงการ","2","0.000000000000000","บริษัท สุพรีม ดิสทิบิวชั่น จำกัด (มหาชน)","บริษัทมหาชนจำกัด","ยังดำเนินกิจการอยู่","2023","370000000.000000000000000","กรุงเทพมหานคร","เขตบางเขน","การขายส่งคอมพิวเตอร์อุปกรณ์ต่อพ่วงคอมพิวเตอร์และซอฟต์แวร์","","0.390000000000000","2","1","จ.พะเยา","ภาค 5","จ.พะเยา","text","province","19.193035950000002","99.927609480000001","1","1","0","0","0","0","0","1","0","1","99.927609477280825","19.193035945644699"
"216","68079553696","ซื้อยา จำนวน 29 รายการ โดยวิธีเฉพาะเจาะจง","ซื้อ","คณะแพทยศาสตร์ศิริราชพยาบาล มหาวิทยาลัยมหิดล","เฉพาะเจาะจง","ระหว่างดำเนินการ","","1/10/2025","30/9/2026","บริษัท ซิลลิค ฟาร์มา จำกัด","105539106911","27","บริษัท ซิลลิค ฟาร์มา จำกัด","0105539106911","1","199198601.000000000000000","204459058.000000000000000","199198601.000000000000000","199198601.000000000000000","97.400000000000006","5","high","2","R1|R4","ราคาตกลง ≥ 95% ของราคากลาง | ใช้วิธีเฉพาะเจาะจง","1","","บริษัท ซิลลิค ฟาร์มา จำกัด","บริษัทจำกัด","ยังดำเนินกิจการอยู่","1996","628000000.000000000000000","กรุงเทพมหานคร","เขตคลองเตย","การผลิตเครื่องมือและอุปกรณ์ในทางการแพทย์ (ยกเว้นทางทันตกรรม)","","0.320000000000000","","0","กรุงเทพมหานคร","กทม","กรุงเทพมหานคร","hq","province","13.783034969999999","100.546851300000000","1","1","0","1","0","0","0","0","0","0","100.546851296559481","13.783034968413567"
"217","68079554129","ซื้อยา จำนวน 35 รายการ โดยวิธีเฉพาะเจาะจง","ซื้อ","คณะแพทยศาสตร์ศิริราชพยาบาล มหาวิทยาลัยมหิดล","เฉพาะเจาะจง","ระหว่างดำเนินการ","","1/10/2025","30/9/2026","บริษัท ซิลลิค ฟาร์มา จำกัด","105539106911","27","บริษัท ซิลลิค ฟาร์มา จำกัด","0105539106911","1","199551704.400000005960464","206193626.800000011920929","199551704.400000005960464","199551704.400000005960464","96.799999999999997","5","high","2","R1|R4","ราคาตกลง ≥ 95% ของราคากลาง | ใช้วิธีเฉพาะเจาะจง","1","","บริษัท ซิลลิค ฟาร์มา จำกัด","บริษัทจำกัด","ยังดำเนินกิจการอยู่","1996","628000000.000000000000000","กรุงเทพมหานคร","เขตคลองเตย","การผลิตเครื่องมือและอุปกรณ์ในทางการแพทย์ (ยกเว้นทางทันตกรรม)","","0.320000000000000","","0","กรุงเทพมหานคร","กทม","กรุงเทพมหานคร","hq","province","13.783034210000000","100.546852690000009","1","1","0","1","0","0","0","0","0","0","100.546852685354892","13.783034214618329"
"218","68079555103","ซื้อยา จำนวน 28 รายการ โดยวิธีเฉพาะเจาะจง","ซื้อ","คณะแพทยศาสตร์ศิริราชพยาบาล มหาวิทยาลัยมหิดล","เฉพาะเจาะจง","ระหว่างดำเนินการ","","1/10/2025","30/9/2026","บริษัท ซิลลิค ฟาร์มา จำกัด","105539106911","27","บริษัท ซิลลิค ฟาร์มา จำกัด","0105539106911","1","199114737.800000011920929","199608487.800000011920929","199114737.800000011920929","199114737.800000011920929","99.799999999999997","5","high","2","R1|R4","ราคาตกลง ≥ 95% ของราคากลาง | ใช้วิธีเฉพาะเจาะจง","1","","บริษัท ซิลลิค ฟาร์มา จำกัด","บริษัทจำกัด","ยังดำเนินกิจการอยู่","1996","628000000.000000000000000","กรุงเทพมหานคร","เขตคลองเตย","การผลิตเครื่องมือและอุปกรณ์ในทางการแพทย์ (ยกเว้นทางทันตกรรม)","","0.320000000000000","","0","กรุงเทพมหานคร","กทม","กรุงเทพมหานคร","hq","province","13.783033300000000","100.546854350000004","1","1","0","1","0","0","0","0","0","0","100.546854345441560","13.783033302909976"
"219","68079557217","ประกวดราคาซื้อพร้อมติดตั้งเครื่องสูบน้ำแบบจุ่มใช้มอเตอร์ไฟฟ้า อัตราการสูบน้ำ 6 ลูกบาศก์เมตรต่อวินาที ระยะยกน้ำ 4 เมตร ชุดควบคุมและแสดงผลระยะไกล พร้อมอุปกรณ์ประกอบ และอื่นๆ รวม จำนวน 6 รายการ สำหรับงานโครงการปรับปรุงประตูระบายน้ำคลองชะอวด - แพรกเมือง พร้อมระบบสูบน้ำด้วยไฟฟ้า ตำบลหัวไทร อำเภอหัวไทร จังหวัดนครศรีธรรมราช ด้วยวิธีประกวดราคาอิเล็กทรอนิกส์ (e-bidding)","ซื้อ","กรมชลประทาน","ประกวดราคาอิเล็กทรอนิกส์ (e-bidding)","ระหว่างดำเนินการ","7/8/2025","14/11/2025","12/7/2026","บริษัท ดับบลิวพีไอแอล (ไทยแลนด์) จำกัด","125554007332","4","บริษัท ดับบลิวพีไอแอล (ไทยแลนด์) จำกัด","0125554007332","1","176697900.000000000000000","176697767.000000000000000","175829890.000000000000000","175829890.000000000000000","99.500000000000000","4","mid","2","R1|R9","ราคาตกลง ≥ 95% ของราคากลาง | ราคาผู้ชนะ vs อันดับ 2 < 5%","2","0.500000000000000","","","","","0.000000000000000","","","","","","","","กรุงเทพมหานคร","กทม","จ.นครศรีธรรมราช","text","province","8.463031440000000","99.906372980000000","1","1","0","0","0","0","0","1","0","0","99.906372981469048","8.463031443947683"
"220","68079565412","ประกวดราคาซื้อพร้อมติดตั้งเครื่องสูบน้ำแบบจุ่มใช้มอเตอร์ไฟฟ้า อัตราการสูบน้ำ 6 ลูกบาศก์เมตรต่อวินาที ระยะยกน้ำ 4 เมตร ชุดควบคุมและแสดงผลระยะไกล พร้อมอุปกรณ์ประกอบอื่นๆ รวม 5 รายการ สำหรับงานโครงการปรับปรุงประตูระบายน้ำคลองเสือหึง พร้อมระบบสูบน้ำด้วยไฟฟ้า โครงการส่งน้ำและบำรุงรักษาปากพนังล่าง ตำบลเสือหึง อำเภอเชียรใหญ่ จังหวัดนครศรีธรรมราช ด้วยวิธีประกวดราคาอิเล็กทรอนิกส์ (e-bidding)","ซื้อ","กรมชลประทาน","ประกวดราคาอิเล็กทรอนิกส์ (e-bidding)","ระหว่างดำเนินการ","13/8/2025","22/10/2025","19/6/2026","บริษัท ยูทิลิส จำกัด","105559104891","1","บริษัท ยูทิลิส จำกัด","0105559104891","1","144115000.000000000000000","144114876.000000000000000","143059888.000000000000000","143059888.000000000000000","99.299999999999997","4","mid","2","R1|R9","ราคาตกลง ≥ 95% ของราคากลาง | ราคาผู้ชนะ vs อันดับ 2 < 5%","2","0.600000000000000","","","","","0.000000000000000","","","","","","","","กรุงเทพมหานคร","กทม","จ.นครศรีธรรมราช","text","province","8.463006179999999","99.906421510000001","1","1","0","0","0","0","0","1","0","0","99.906421510257346","8.463006182937933"
"221","68079584828","ประกวดราคาเช่าใช้อุปกรณ์การเรียนการสอนสำหรับครูและนักเรียนภายใต้โครงการส่งเสริมการเรียนรู้ขั้นพื้นฐานทุกทีี่ทุกเวลา ด้วยวิธีประกวดราคาอิเล็กทรอนิกส์ (e-bidding)","เช่า","สำนักงานคณะกรรมการการศึกษาขั้นพื้นฐาน","ประกวดราคาอิเล็กทรอนิกส์ (e-bidding)","ระหว่างดำเนินการ","24/9/2025","25/11/2025","31/3/2031","บริษัท ไวร์เออ แอนด์ ไวร์เลส จำกัด","105538013293","7","บริษัท ไวร์เออ แอนด์ ไวร์เลส จำกัด","0105538013293","1","143851260.000000000000000","187376420.000000000000000","143829436.800000041723251","143829436.800000041723251","76.799999999999997","1","low","1","R7","ราคากลาง vs งบ > 20%","2","10.000000000000000","บริษัท ไวร์เออ แอนด์ ไวร์เลส จำกัด","บริษัทจำกัด","ยังดำเนินกิจการอยู่","1995","6845130000.000000000000000","กรุงเทพมหานคร","เขตห้วยขวาง","กิจกรรมบริการทางการเงินอื่นๆ (ยกเว้นกิจกรรมการประกันภัย และกองทุนบำเหน็จบำนาญ) ซึ่งมิได้จัดประเภทไว้ในที่อื่น","","0.020000000000000","30","1","จ.กาญจนบุรี","ภาค 7","จ.กาญจนบุรี","hq","province","14.032952690000000","99.557040029999996","1","0","0","0","0","1","0","0","0","0","99.557040027977393","14.032952685726023"
"222","68079587655","ประกวดราคาจ้างก่อสร้างโครงการก่อสร้างระบบกระจายน้ำฝายน้ำล้นห้วยแดง ตำบลเหล่าไฮงาม อำเภอกุฉินารายณ์ จังหวัดกาฬสินธุ์ ด้วยวิธีประกวดราคาอิเล็กทรอนิกส์ (e-bidding)","จ้างก่อสร้าง","กรมทรัพยากรน้ำ","ประกวดราคาอิเล็กทรอนิกส์ (e-bidding)","ระหว่างดำเนินการ","15/8/2025","15/10/2025","13/7/2026","ห้างหุ้นส่วนจำกัด ตรีรัตน์การโยธา (1992)","533535000489","1","ห้างหุ้นส่วนจำกัด ตรีรัตน์การโยธา (1992)","0533535000489","1","125000000.000000000000000","125000000.000000000000000","118730000.000000000000000","118730000.000000000000000","95.000000000000000","3","mid","1","R8","ยื่นรายเดียวใน Open Bid","1","","ห้างหุ้นส่วนจำกัด ตรีรัตน์การโยธา (1992)","ห้างหุ้นส่วนจำกัด","ยังดำเนินกิจการอยู่","1992","50000000.000000000000000","กำแพงเพชร","พรานกระต่าย","การก่อสร้างถนนสะพานและอุโมงค์","42101","2.370000000000000","33","1","กรุงเทพมหานคร","กทม","จ.มุกดาหาร","latlong","real","16.439172270000000","104.137387300000000","1","0","0","0","0","0","1","0","0","0","104.137387300198412","16.439172269973767"
"223","68079588793","ประกวดราคาจ้างเจาะและก่อสร้างสถานีสังเกตการณ์น้ำบาดาล จำนวน ๑ งาน โครงการศึกษาการเปลี่ยนแปลงระดับน้ำบาดาลและคุณภาพน้ำบาดาลในพื้นที่เขตวิกฤตการณ์น้ำบาดาล ด้วยวิธีประกวดราคาอิเล็กทรอนิกส์ (e-bidding)","จ้างทำของ/จ้างเหมาบริการ","กรมทรัพยากรน้ำบาดาล","ประกวดราคาอิเล็กทรอนิกส์ (e-bidding)","ระหว่างดำเนินการ","4/8/2025","14/11/2025","4/11/2027","บริษัท จีโอเมคคานิคอล เซอร์วิสเซส จำกัด","105558142382","1","บริษัท จีโอเมคคานิคอล เซอร์วิสเซส จำกัด","0105558142382","1","146555100.000000000000000","146553857.300000041723251","146399990.000000000000000","146399990.000000000000000","99.900000000000006","4","mid","2","R1|R9","ราคาตกลง ≥ 95% ของราคากลาง | ราคาผู้ชนะ vs อันดับ 2 < 5%","2","0.000000000000000","","","","","0.000000000000000","","","","","","","","กรุงเทพมหานคร","กทม","กรุงเทพมหานคร","hq","province","13.782949020000000","100.547017499999995","1","1","0","0","0","0","0","1","0","0","100.547017501056729","13.782949024400454"
"224","68079601775","ประกวดราคาเช่าใช้อุปกรณ์การเรียนการสอน สำหรับครูและนักเรียน ภายใต้โครงการส่งเสริมการเรียนรู้ขั้นพื้นฐานทุกที่ทุกเวลา ประจำปีงบประมาณ พ.ศ.๒๕๖๘ ด้วยวิธีประกวดราคาอิเล็กทรอนิกส์ (e-bidding)","เช่า","สำนักงานคณะกรรมการการศึกษาขั้นพื้นฐาน","ประกวดราคาอิเล็กทรอนิกส์ (e-bidding)","ระหว่างดำเนินการ","25/8/2025","3/11/2025","28/2/2031","บริษัท เอสวีโอเอ จำกัด (มหาชน)","107537002001","18","บริษัท เอสวีโอเอ จำกัด (มหาชน)","0107537002001","1","195131790.000000000000000","195131790.000000000000000","195129734.300000011920929","195129734.300000011920929","100.000000000000000","4","mid","2","R1|R9","ราคาตกลง ≥ 95% ของราคากลาง | ราคาผู้ชนะ vs อันดับ 2 < 5%","2","0.000000000000000","บริษัท เอสวีโอเอ จำกัด (มหาชน)","บริษัทมหาชนจำกัด","ยังดำเนินกิจการอยู่","1994","947000000.000000000000000","กรุงเทพมหานคร","เขตยานนาวา","ร้านขายปลีกคอมพิวเตอร์และอุปกรณ์ต่อพ่วงคอมพิวเตอร์","","0.210000000000000","31","1","จ.นครพนม","ภาค 4","จ.นครพนม","hq","province","17.432356200000001","104.628755429999998","1","1","0","0","0","0","0","1","0","0","104.628755434477597","17.432356195641326"
"225","68079606076","ประกวดราคาจ้างก่อสร้างโครงการก่อสร้างเขื่อนป้องกันตลิ่งริมแม่น้ำโขง พร้อมปรับภูมิทัศน์ บริเวณดอนแตง ตำบลโพนสา อำเภอท่าบ่อ จังหวัดหนองคาย ความยาว ๗๔๐ เมตร ด้วยวิธีประกวดราคาอิเล็กทรอนิกส์ (e-bidding)","จ้างก่อสร้าง","กรมโยธาธิการและผังเมือง","ประกวดราคาอิเล็กทรอนิกส์ (e-bidding)","ระหว่างดำเนินการ","15/8/2025","4/12/2025","26/2/2028","ห้างหุ้นส่วนจำกัด น้ำก่ำก่อสร้าง","483532000161","4","ห้างหุ้นส่วนจำกัด น้ำก่ำก่อสร้าง","0483532000161","1","155000000.000000000000000","154866000.000000000000000","153320000.000000000000000","153320000.000000000000000","99.000000000000000","4","mid","2","R1|R9","ราคาตกลง ≥ 95% ของราคากลาง | ราคาผู้ชนะ vs อันดับ 2 < 5%","4","0.800000000000000","","","","","0.000000000000000","","","","","","","","กรุงเทพมหานคร","กทม","จ.หนองคาย","latlong","real","17.815577170000001","102.627428399999999","1","1","0","0","0","0","0","1","0","0","102.627428399899912","17.815577169806279"
"226","68079631061","ประกวดราคาจ้างงานจ้างเหมาบำรุงรักษาระบบควบคุมการจัดเก็บค่าธรรมเนียมผ่านทาง ระบบอำนวยการจราจร ระบบไฟฟ้าและโครงข่ายสื่อสารข้อมูลหลัก ด้วยวิธีประกวดราคาอิเล็กทรอนิกส์ (e-bidding)","จ้างทำของ/จ้างเหมาบริการ","กรมทางหลวง","ประกวดราคาอิเล็กทรอนิกส์ (e-bidding)","ระหว่างดำเนินการ","8/8/2025","1/10/2025","31/3/2026","กิจการร่วมค้า 4 เอสเอฟ","993000402316","1","กิจการร่วมค้า 4 เอสเอฟ","0993000402316","1","141000000.000000000000000","141000000.000000000000000","140723000.000000000000000","140723000.000000000000000","99.799999999999997","4","mid","2","R1|R9","ราคาตกลง ≥ 95% ของราคากลาง | ราคาผู้ชนะ vs อันดับ 2 < 5%","2","0.200000000000000","","","","","0.000000000000000","","","","","","","","กรุงเทพมหานคร","กทม","กรุงเทพมหานคร","hq","province","13.782268730000000","100.548404509999997","1","1","0","0","0","0","0","1","0","0","100.548404509736869","13.782268730822377"
"227","68079640952","ประกวดราคาซื้อพร้อมติดตั้งเครื่องสูบน้ำแบบจุ่มใช้มอเตอร์ไฟฟ้า อัตราการสูบน้ำ 6 ลูกบาศก์เมตรต่อวินาที ระยะยกน้ำ 4 เมตร ชุดควบคุมและแสดงผลระยะไกล พร้อมอุปกรณ์ประกอบอื่นๆ รวม 5 รายการ สำหรับงานโครงการปรับปรุงประตูระบายน้ำคลองฉุกเฉิน พร้อมระบบสูบน้ำด้วยไฟฟ้า โครงการส่งน้ำและบำรุงรักษาปากพนังล่าง ตำบลบางพระ อำเภอปากพนัง จังหวัดนครศรีธรรมราช ด้วยวิธีประกวดราคาอิเล็กทรอนิกส์ (e-bidding)","ซื้อ","กรมชลประทาน","ประกวดราคาอิเล็กทรอนิกส์ (e-bidding)","ระหว่างดำเนินการ","14/8/2025","12/11/2025","10/7/2026","บริษัทมหาชนจำกัด บริษัท ที.อาร์.วี. รับเบอร์ โปรดักส์ จำกัด (มหาชน)(สัญญากิจการค้าร่วม)","107564000154","2","บริษัทมหาชนจำกัด บริษัท ที.อาร์.วี. รับเบอร์ โปรดักส์ จำกัด (มหาชน)(สัญญากิจการค้าร่วม) | บริษัทจำกัด บริษัท วิรุฬห์ แอนด์ เกวนเนส จำกัด(สัญญากิจการค้าร่วม)","0107564000154 | 0125548000020","2","144115000.000000000000000","144114876.000000000000000","142980000.000000000000000","70060200.000000000000000","99.200000000000003","4","mid","2","R1|R9","ราคาตกลง ≥ 95% ของราคากลาง | ราคาผู้ชนะ vs อันดับ 2 < 5%","2","0.000000000000000","บริษัท ที.อาร์.วี. รับเบอร์ โปรดักส์ จำกัด (มหาชน)","บริษัทมหาชนจำกัด","ยังดำเนินกิจการอยู่","2021","120000000.000000000000000","กรุงเทพมหานคร","เขตบางบอน","การผลิตผลิตภัณฑ์ยางอื่น ๆ ซึ่งมิได้จัดประเภทไว้ในที่อื่น","","0.580000000000000","4","0","กรุงเทพมหานคร","กทม","จ.นครศรีธรรมราช","text","province","8.462240039999999","99.907941600000001","1","1","0","0","0","0","0","1","0","0","99.907941603448506","8.462240035183509"
"228","68089017229","ประกวดราคาเช่าเช่าใช้อุปกรณ์การเรียนการสอนสำหรับครูและนักเรียนภายใต้โครงการส่งเสริมการเรียนรู้ขั้นพื้นฐานทุกที่ทุกเวลา สำนักงานเขตพื้นที่การศึกษามัธยมศึกษาน่าน ประจำปีงบประมาณ พ.ศ. 2568 ด้วยวิธีประกวดราคาอิเล็กทรอนิกส์ (e-bidding)","เช่า","สำนักงานคณะกรรมการการศึกษาขั้นพื้นฐาน","ประกวดราคาอิเล็กทรอนิกส์ (e-bidding)","ระหว่างดำเนินการ","18/8/2025","15/10/2025","28/2/2031","บริษัท สุพรีม ดิสทิบิวชั่น จำกัด (มหาชน)","107566000291","16","บริษัท สุพรีม ดิสทิบิวชั่น จำกัด (มหาชน)","0107566000291","1","156072210.000000000000000","156072210.000000000000000","155920000.000000000000000","155920000.000000000000000","99.900000000000006","5","high","3","R1|R9|R11","ราคาตกลง ≥ 95% ของราคากลาง | ราคาผู้ชนะ vs อันดับ 2 < 5% | บริษัทจดทะเบียนใหม่ก่อนชนะโครงการ","2","0.000000000000000","บริษัท สุพรีม ดิสทิบิวชั่น จำกัด (มหาชน)","บริษัทมหาชนจำกัด","ยังดำเนินกิจการอยู่","2023","370000000.000000000000000","กรุงเทพมหานคร","เขตบางเขน","การขายส่งคอมพิวเตอร์อุปกรณ์ต่อพ่วงคอมพิวเตอร์และซอฟต์แวร์","","0.420000000000000","2","1","จ.น่าน","ภาค 5","จ.น่าน","text","province","18.727822579999998","100.786201800000001","1","1","0","0","0","0","0","1","0","1","100.786201803915660","18.727822575327018"
"229","68089024498","ประกวดราคาจ้างก่อสร้างงานจ้างเหมาโครงการก่อสร้างทางแยกต่างระดับจุดตัดทางหลวงหมายเลข 1 ตัดทางหลวงชนบทหมายเลข ชร.1418 (ทางเข้าสนามบินเชียงราย) จ.เชียงราย 1 แห่ง ด้วยวิธีประกวดราคาอิเล็กทรอนิกส์ (e-bidding)","จ้างก่อสร้าง","กรมทางหลวง","ประกวดราคาอิเล็กทรอนิกส์ (e-bidding)","ระหว่างดำเนินการ","7/8/2025","6/2/2026","21/1/2029","บริษัท อุดมศักดิ์ เชียงใหม่ จำกัด","505529000121","1","บริษัท อุดมศักดิ์ เชียงใหม่ จำกัด","0505529000121","1","650000000.000000000000000","649850105.399999976158142","649500000.000000000000000","649500000.000000000000000","99.900000000000006","4","mid","2","R1|R9","ราคาตกลง ≥ 95% ของราคากลาง | ราคาผู้ชนะ vs อันดับ 2 < 5%","3","0.000000000000000","บริษัท อุดมศักดิ์ เชียงใหม่ จำกัด","บริษัทจำกัด","ยังดำเนินกิจการอยู่","1986","400000000.000000000000000","เชียงใหม่","เมืองเชียงใหม่","การให้สินเชื่อเพื่อการค้าและการลงทุน","64921","1.620000000000000","39","1","กรุงเทพมหานคร","กทม","จ.เชียงราย","latlong","real","19.958989209999999","99.853363040000005","1","1","0","0","0","0","0","1","0","0","99.853363039922016","19.958989209634076"
"230","68089028671","ประกวดราคาเช่าเช่าใช้บริการอุปกรณ์การเรียนการสอนสำหรับครูและนักเรียนภายใต้โครงการส่งเสริมการเรียนรู้ขั้นพื้นฐานทุกที่ทุกเวลา ประจำปีงบประมาณ พ.ศ. 2568 ด้วยวิธีประกวดราคาอิเล็กทรอนิกส์ (e-bidding)","เช่า","สำนักงานคณะกรรมการการศึกษาขั้นพื้นฐาน","ประกวดราคาอิเล็กทรอนิกส์ (e-bidding)","ระหว่างดำเนินการ","5/9/2025","25/2/2026","1/7/2031","บริษัท เอสวีโอเอ จำกัด (มหาชน)","107537002001","18","บริษัท เอสวีโอเอ จำกัด (มหาชน)","0107537002001","1","393324750.000000000000000","394816500.000000000000000","393321435.000000000000000","393321435.000000000000000","99.599999999999994","4","mid","2","R1|R9","ราคาตกลง ≥ 95% ของราคากลาง | ราคาผู้ชนะ vs อันดับ 2 < 5%","2","0.000000000000000","บริษัท เอสวีโอเอ จำกัด (มหาชน)","บริษัทมหาชนจำกัด","ยังดำเนินกิจการอยู่","1994","947000000.000000000000000","กรุงเทพมหานคร","เขตยานนาวา","ร้านขายปลีกคอมพิวเตอร์และอุปกรณ์ต่อพ่วงคอมพิวเตอร์","","0.420000000000000","31","1","จ.นครศรีธรรมราช","ภาค 8","จ.นครศรีธรรมราช","hq","province","8.387803790000000","99.885877870000002","1","1","0","0","0","0","0","1","0","0","99.885877873346104","8.387803786498900"
"231","68089035396","ประกวดราคาจ้างก่อสร้างโครงการก่อสร้างระบบป้องกันน้ำท่วมพื้นที่ชุมชนหัวขวาง อำเภอโกสุมพิสัย จังหวัดมหาสารคาม ด้วยวิธีประกวดราคาอิเล็กทรอนิกส์ (e-bidding)","จ้างก่อสร้าง","กรมโยธาธิการและผังเมือง","ประกวดราคาอิเล็กทรอนิกส์ (e-bidding)","ระหว่างดำเนินการ","22/8/2025","4/12/2025","16/4/2028","ห้างหุ้นส่วนจำกัด ส.บุรินทร์การช่าง","423521000083","1","ห้างหุ้นส่วนจำกัด ส.บุรินทร์การช่าง","0423521000083","1","200000000.000000000000000","199910000.000000000000000","198310000.000000000000000","198310000.000000000000000","99.200000000000003","4","mid","2","R1|R9","ราคาตกลง ≥ 95% ของราคากลาง | ราคาผู้ชนะ vs อันดับ 2 < 5%","3","0.800000000000000","","","","","0.000000000000000","","","","","","","","กรุงเทพมหานคร","กทม","จ.มหาสารคาม","latlong","real","16.246980109999999","103.067174799999989","1","1","0","0","0","0","0","1","0","0","103.067174799664770","16.246980110184616"
"232","68089044368","ประกวดราคาจ้างก่อสร้างโครงการก่อสร้างเขื่อนป้องกันตลิ่งริมคลองโป่งน้ำร้อน หมู่ที่ 1 ตำบลคลองใหญ่ อำเภอโป่งน้ำร้อน จังหวัดจันทบุรี ความยาวไม่น้อยกว่า 1,250 เมตร ด้วยวิธีประกวดราคาอิเล็กทรอนิกส์ (e-bidding)","จ้างก่อสร้าง","กรมโยธาธิการและผังเมือง","ประกวดราคาอิเล็กทรอนิกส์ (e-bidding)","ระหว่างดำเนินการ","22/8/2025","8/12/2025","11/1/2028","ห้างหุ้นส่วนจำกัด ป.ศิริภัณฑ์จันทบุรี","223514000091","1","ห้างหุ้นส่วนจำกัด ป.ศิริภัณฑ์จันทบุรี","0223514000091","1","110000000.000000000000000","109956000.000000000000000","109000000.000000000000000","109000000.000000000000000","99.099999999999994","4","mid","2","R1|R9","ราคาตกลง ≥ 95% ของราคากลาง | ราคาผู้ชนะ vs อันดับ 2 < 5%","4","0.700000000000000","","","","","0.000000000000000","","","","","","","","กรุงเทพมหานคร","กทม","จ.จันทบุรี","latlong","real","12.877590430000000","102.474117900000010","1","1","0","0","0","0","0","1","0","0","102.474117899839385","12.877590430070125"
"233","68089064901","ประกวดราคาจ้างก่อสร้างโครงการก่อสร้างเขื่อนป้องกันตลิ่งริมลำเชียงไกร หมู่ที่ 5 ตำบลจันอัด อำเภอโนนสูง จังหวัดนครราชสีมา ความยาวไม่น้อยกว่า 1,000 เมตร ด้วยวิธีประกวดราคาอิเล็กทรอนิกส์ (e-bidding)","จ้างก่อสร้าง","กรมโยธาธิการและผังเมือง","ประกวดราคาอิเล็กทรอนิกส์ (e-bidding)","ระหว่างดำเนินการ","22/8/2025","26/12/2025","31/1/2028","บริษัท ทีมวิศว์ คอนสตรัคชั่น จำกัด","735537001890","1","บริษัท ทีมวิศว์ คอนสตรัคชั่น จำกัด","0735537001890","1","110000000.000000000000000","109957000.000000000000000","109400000.000000000000000","109400000.000000000000000","99.500000000000000","4","mid","2","R1|R9","ราคาตกลง ≥ 95% ของราคากลาง | ราคาผู้ชนะ vs อันดับ 2 < 5%","4","0.400000000000000","","","","","0.000000000000000","","","","","","","","กรุงเทพมหานคร","กทม","จ.นครราชสีมา","latlong","real","15.156326990000000","102.155765000000002","1","1","0","0","0","0","0","1","0","0","102.155765000024090","15.156326989959158"
"607","69029014446","ประกวดราคาจ้างงานจ้างเหมาบำรุงรักษาระบบควบคุมการจัดเก็บค่าธรรมเนียมผ่านทาง ระบบอำนวยการจราจร ระบบไฟฟ้าและโครงข่ายสื่อสารข้อมูลหลัก ด้วยวิธีประกวดราคาอิเล็กทรอนิกส์ (e-bidding)","จ้าง","กรมทางหลวง","ประกวดราคาอิเล็กทรอนิกส์ (e-bidding)","ระหว่างดำเนินการ","12/2/2026","1/4/2026","30/9/2026","บริษัท สี่แสงการโยธา(1979) จำกัด","105522016581","2","บริษัท สี่แสงการโยธา(1979) จำกัด","0105522016581","1","141000000.000000000000000","141000000.000000000000000","140723000.000000000000000","140723000.000000000000000","99.799999999999997","2","low","1","R1","ราคาตกลง ≥ 95% ของราคากลาง","","","","","","","","","","","","","","","กรุงเทพมหานคร","กทม","","","province","13.776680620000000","100.519573889999990","1","1","0","0","0","0","0","0","0","0","100.519573886481879","13.776680622945955"
"234","68089067026","ประกวดราคาจ้างก่อสร้างเพิ่มประสิทธิภาพท่อส่งน้ำปราณบุรี - หัวหิน ตำบลบึงนคร อำเภอหัวหิน จังหวัดประจวบคีรีขันธ์ ด้วยวิธีประกวดราคาอิเล็กทรอนิกส์ (e-bidding)","จ้างก่อสร้าง","กรมชลประทาน","ประกวดราคาอิเล็กทรอนิกส์ (e-bidding)","ระหว่างดำเนินการ","14/8/2025","17/10/2025","","บริษัท พี พลัส พี ริช จำกัด","105551094919","3","บริษัท พี พลัส พี ริช จำกัด","0105551094919","1","486500000.000000000000000","486673482.699999988079071","486197000.000000000000000","486197000.000000000000000","99.900000000000006","4","mid","2","R1|R9","ราคาตกลง ≥ 95% ของราคากลาง | ราคาผู้ชนะ vs อันดับ 2 < 5%","2","0.000000000000000","บริษัท พี พลัส พี ริช จำกัด","บริษัทจำกัด","ยังดำเนินกิจการอยู่","2008","200000000.000000000000000","กรุงเทพมหานคร","เขตสายไหม","การก่อสร้างโครงการสาธารณูปโภคเกี่ยวกับน้ำน้ำมันและก๊าซ","","2.430000000000000","17","0","กรุงเทพมหานคร","กทม","จ.ประจวบคีรีขันธ์","latlong","real","12.402123880000001","99.654902579999998","1","1","0","0","0","0","0","1","0","0","99.654902580369338","12.402123880302973"
"235","68089067637","ซื้อยา จำนวน 19 รายการ โดยวิธีเฉพาะเจาะจง","ซื้อ","คณะแพทยศาสตร์ศิริราชพยาบาล มหาวิทยาลัยมหิดล","เฉพาะเจาะจง","ระหว่างดำเนินการ","","1/10/2025","30/9/2026","บริษัท ซิลลิค ฟาร์มา จำกัด","105539106911","27","บริษัท ซิลลิค ฟาร์มา จำกัด","0105539106911","1","169912736.500000000000000","291531296.500000000000000","169912736.500000000000000","169912736.500000000000000","58.299999999999997","4","mid","2","R4|R7","ใช้วิธีเฉพาะเจาะจง | ราคากลาง vs งบ > 20%","1","","บริษัท ซิลลิค ฟาร์มา จำกัด","บริษัทจำกัด","ยังดำเนินกิจการอยู่","1996","628000000.000000000000000","กรุงเทพมหานคร","เขตคลองเตย","การผลิตเครื่องมือและอุปกรณ์ในทางการแพทย์ (ยกเว้นทางทันตกรรม)","","0.270000000000000","","0","กรุงเทพมหานคร","กทม","กรุงเทพมหานคร","hq","province","13.707732309999999","100.525758539999998","1","0","0","1","0","1","0","0","0","0","100.525758538379677","13.707732311482395"
"236","68089070886","ประกวดราคาซื้อท่อเหล็กกล้าสำหรับส่งน้ำแบบตะเข็บเกลียว จำนวน 1 รายการ สำหรับงานระบบส่งน้ำและอาคารประกอบ พร้อมส่วนประกอบอื่น โครงการระบบส่งน้ำสถานีสูบน้ำบ้านนาดี 1 (ประตูระบายน้ำบ้านห้วยทรายพร้อมระบบส่งน้ำพัฒนาลุ่มน้ำสงคราม) ตำบลนาดี อำเภอเฝ้าไร่ จังหวัดหนองคาย ด้วยวิธีประกวดราคาอิเล็กทรอนิกส์ (e-bidding)","ซื้อ","กรมชลประทาน","ประกวดราคาอิเล็กทรอนิกส์ (e-bidding)","ระหว่างดำเนินการ","15/8/2025","14/11/2025","14/3/2026","บริษัท กิจการร่วมค้า อะควอ ออร่า จำกัด","135552005677","6","บริษัท กิจการร่วมค้า อะควอ ออร่า จำกัด","0135552005677","1","125282000.000000000000000","125281996.400000005960464","125016232.000000000000000","125016232.000000000000000","99.799999999999997","2","low","1","R1","ราคาตกลง ≥ 95% ของราคากลาง","4","10.199999999999999","","","","","0.000000000000000","","","","","","","","กรุงเทพมหานคร","กทม","จ.หนองคาย","text","province","17.737718099999999","102.605828670000008","1","1","0","0","0","0","0","0","0","0","102.605828666709726","17.737718104302093"
"237","68089102697","ประกวดราคาซื้อพร้อมติดตั้งเครื่องสูบน้ำด้วยไฟฟ้าชนิดเพลาตั้ง (Vertical Pump) อัตราการสูบน้ำ 2.2 ลูกบาศก์เมตรต่อวินาที ระยะยกน้ำ 6 เมตร พร้อมชุดควบคุมและแสดงผลระยะไกล และอุปกรณ์ประกอบ จำนวน 6 รายการ สำหรับงานปรับปรุงเครื่องสูบน้ำและอุปกรณ์ประกอบโรงสูบน้ำทุ่งระโนด โครงการส่งน้ำและบำรุงรักษาระโนด-กระแสสินธุ์ ตำบลบ้านขาว อำเภอระโนด จังหวัดสงขลา ด้วยวิธีประกวดราคาอิเล็กทรอนิกส์ (e-bidding)","ซื้อ","กรมชลประทาน","ประกวดราคาอิเล็กทรอนิกส์ (e-bidding)","ระหว่างดำเนินการ","18/8/2025","12/11/2025","9/8/2026","บริษัทมหาชนจำกัด บริษัท ที.อาร์.วี. รับเบอร์ โปรดักส์ จำกัด (มหาชน)(สัญญากิจการค้าร่วม)","107564000154","2","บริษัทมหาชนจำกัด บริษัท ที.อาร์.วี. รับเบอร์ โปรดักส์ จำกัด (มหาชน)(สัญญากิจการค้าร่วม) | บริษัทจำกัด บริษัท วิรุฬห์ แอนด์ เกวนเนส จำกัด(สัญญากิจการค้าร่วม)","0107564000154 | 0125548000020","2","104959000.000000000000000","104959000.000000000000000","104880000.000000000000000","53488800.000000000000000","99.900000000000006","4","mid","2","R1|R9","ราคาตกลง ≥ 95% ของราคากลาง | ราคาผู้ชนะ vs อันดับ 2 < 5%","2","0.100000000000000","บริษัท ที.อาร์.วี. รับเบอร์ โปรดักส์ จำกัด (มหาชน)","บริษัทมหาชนจำกัด","ยังดำเนินกิจการอยู่","2021","120000000.000000000000000","กรุงเทพมหานคร","เขตบางบอน","การผลิตผลิตภัณฑ์ยางอื่น ๆ ซึ่งมิได้จัดประเภทไว้ในที่อื่น","","0.450000000000000","4","0","กรุงเทพมหานคร","กทม","จ.สงขลา","text","province","6.987250690000000","100.474235280000002","1","1","0","0","0","0","0","1","0","0","100.474235281678375","6.987250685384231"
"608","69029034746","ประกวดราคาจ้างก่อสร้างทาง  จำนวน 25 รายการ เพื่อใช้งานก่อสร้างทางหลวงหมายเลข 2256 ตอน ปางโก - กุดม่วง ระหว่าง กม.62+248 - กม.66+100 เว้นสะพาน 52 ม. รวมระยะทาง 3.800 กิโลเมตร ด้วยวิธีประกวดราคาอิเล็กทรอนิกส์ (e-bidding)","จ้าง","กรมทางหลวง","ประกวดราคาอิเล็กทรอนิกส์ (e-bidding)","ระหว่างดำเนินการ","11/2/2026","21/4/2026","","บริษัท สำราญกิจ 1994  จำกัด","105537032286","1","บริษัท สำราญกิจ 1994  จำกัด","0105537032286","1","112939287.000000000000000","109784523.000000000000000","109765588.980000004172325","109765588.980000004172325","100.000000000000000","2","low","1","R1","ราคาตกลง ≥ 95% ของราคากลาง","","","","","","","","","","","","","","","จ.เพชรบูรณ์","ภาค 6","","","real","15.142407870000000","101.610012960000006","1","1","0","0","0","0","0","0","0","0","101.610012955462366","15.142407872473450"
"238","68089105223","ประกวดราคาซื้อท่อเหล็กกล้าสำหรับส่งน้ำแบบตะเข็บเกลียวและอุปกรณ์ประกอบ จำนวน 129 รายการ สำหรับงานระบบชลประทานด้านเหนือน้ำ พื้นที่ 3,994 ไร่ โครงการระบบชลประทานอ่างเก็บน้ำโปร่งขุนเพชร (ระบบส่งน้ำด้านเหนืออ่าง) ตำบลโป่งนก อำเภอเทพสถิต จังหวัดชัยภูมิ ด้วยวิธีประกวดราคาอิเล็กทรอนิกส์ (e-bidding)","ซื้อ","กรมชลประทาน","ประกวดราคาอิเล็กทรอนิกส์ (e-bidding)","ระหว่างดำเนินการ","22/8/2025","3/12/2025","3/3/2026","บริษัท กิจการร่วมค้า อะควอ ออร่า จำกัด","135552005677","6","บริษัท กิจการร่วมค้า อะควอ ออร่า จำกัด","0135552005677","1","124561500.000000000000000","122611270.000000000000000","122408000.000000000000000","122408000.000000000000000","99.799999999999997","2","low","1","R1","ราคาตกลง ≥ 95% ของราคากลาง","4","15.199999999999999","","","","","0.000000000000000","","","","","","","","กรุงเทพมหานคร","กทม","จ.ชัยภูมิ","text","province","15.757249359999999","102.034363030000009","1","1","0","0","0","0","0","0","0","0","102.034363028961380","15.757249360698271"
"239","68089109630","ประกวดราคาเช่าใช้อุปกรณ์การเรียนการสอนสำหรับครูและนักเรียน ภายใต้โครงการส่งเสริมการเรียนรู้ขั้นพื้นฐานทุกที่ทุกเวลา ประจำปีงบประมาณ พ.ศ.2568 ด้วยวิธีประกวดราคาอิเล็กทรอนิกส์ (e-bidding)","เช่า","สำนักงานคณะกรรมการการศึกษาขั้นพื้นฐาน","ประกวดราคาอิเล็กทรอนิกส์ (e-bidding)","ระหว่างดำเนินการ","22/9/2025","18/11/2025","30/4/2031","บริษัท ไวร์เออ แอนด์ ไวร์เลส จำกัด","105538013293","7","บริษัท ไวร์เออ แอนด์ ไวร์เลส จำกัด","0105538013293","1","398806380.000000000000000","398806380.000000000000000","398695460.000000000000000","398695460.000000000000000","100.000000000000000","4","mid","2","R1|R9","ราคาตกลง ≥ 95% ของราคากลาง | ราคาผู้ชนะ vs อันดับ 2 < 5%","2","0.000000000000000","บริษัท ไวร์เออ แอนด์ ไวร์เลส จำกัด","บริษัทจำกัด","ยังดำเนินกิจการอยู่","1995","6845130000.000000000000000","กรุงเทพมหานคร","เขตห้วยขวาง","กิจกรรมบริการทางการเงินอื่นๆ (ยกเว้นกิจกรรมการประกันภัย และกองทุนบำเหน็จบำนาญ) ซึ่งมิได้จัดประเภทไว้ในที่อื่น","","0.060000000000000","30","1","จ.ชลบุรี","ภาค 2","จ.ชลบุรี","hq","province","13.157247470000000","101.104304329999991","1","1","0","0","0","0","0","1","0","0","101.104304327091569","13.157247466758079"
"240","68089120591","ซื้อซื้อกล้องเล็งจุดแดงพร้อมเลนส์ขยาย 3 เท่า สำหรับปืนเล็กยาว ปืนเล็กสั้นและปืนกลมือพร้อมไฟฉายชนิดความสว่างสูง พร้อมอุปกรณ์ ศปก.ตร.สน. ตำบลสะเตง อำเภอเมืองยะลา จังหวัดยะลา 1,500 ชุด โดยวิธีคัดเลือก โดยวิธีคัดเลือก","ซื้อ","สำนักงานตำรวจแห่งชาติ","คัดเลือก","ระหว่างดำเนินการ","","12/1/2026","8/11/2026","ห้างหุ้นส่วนจำกัด แทคติคอล โซลูชั่น","103556003944","1","ห้างหุ้นส่วนจำกัด แทคติคอล โซลูชั่น","0103556003944","1","134700000.000000000000000","134700000.000000000000000","134250000.000000000000000","134250000.000000000000000","99.700000000000003","4","mid","2","R1|R9","ราคาตกลง ≥ 95% ของราคากลาง | ราคาผู้ชนะ vs อันดับ 2 < 5%","3","0.100000000000000","","","","","0.000000000000000","","","","","","","","จ.ยะลา","ภาค 9","จ.ยะลา","text","province","6.497219890000000","101.284120419999994","1","1","0","0","0","0","0","1","0","0","101.284120424500557","6.497219894411846"
"241","68089136081","ประกวดราคาเช่าการเช่าใช้อุปกรณ์การเรียนการสอนสำหรับครูและนักเรียนภายใต้โครงการส่งเสริมการเรียนรู้ขั้นพื้นฐานทุกที่ทุกเวลา ด้วยวิธีประกวดราคาอิเล็กทรอนิกส์ (e-bidding)","เช่า","สำนักงานคณะกรรมการการศึกษาขั้นพื้นฐาน","ประกวดราคาอิเล็กทรอนิกส์ (e-bidding)","ระหว่างดำเนินการ","15/9/2025","21/11/2025","31/3/2031","บริษัท เอสวีโอเอ จำกัด (มหาชน)","107537002001","18","บริษัท เอสวีโอเอ จำกัด (มหาชน)","0107537002001","1","269288040.000000000000000","269288040.000000000000000","269285203.000000000000000","269285203.000000000000000","100.000000000000000","4","mid","2","R1|R9","ราคาตกลง ≥ 95% ของราคากลาง | ราคาผู้ชนะ vs อันดับ 2 < 5%","2","0.000000000000000","บริษัท เอสวีโอเอ จำกัด (มหาชน)","บริษัทมหาชนจำกัด","ยังดำเนินกิจการอยู่","1994","947000000.000000000000000","กรุงเทพมหานคร","เขตยานนาวา","ร้านขายปลีกคอมพิวเตอร์และอุปกรณ์ต่อพ่วงคอมพิวเตอร์","","0.280000000000000","31","1","จ.เชียงราย","ภาค 5","จ.เชียงราย","hq","province","19.857201499999999","99.834281709999999","1","1","0","0","0","0","0","1","0","0","99.834281711172977","19.857201497544004"
"242","68089138180","ประกวดราคาซื้อท่อเหล็กกล้าสำหรับส่งน้ำและอุปกรณ์ประกอบ จำนวน 43 รายการ สำหรับงานระบบท่อส่งน้ำของสถานีสูบน้ำกลุ่มผู้ใช้น้ำบ้านท่าปก โครงการส่วนต่อขยายระบบท่อส่งน้ำของสถานีสูบน้ำกลุ่มผู้ใช้น้ำบ้านท่าปก (พัฒนาและเพิ่มประสิทธิภาพการใช้น้ำในลุ่มน้ำวังโตนด) ตำบลเขาแก้ว อำเภอท่าใหม่ จังหวัดจันทบุรี ด้วยวิธีประกวดราคาอิเล็กทรอนิกส์ (e-bidding)","ซื้อ","กรมชลประทาน","ประกวดราคาอิเล็กทรอนิกส์ (e-bidding)","ระหว่างดำเนินการ","15/8/2025","21/11/2025","20/4/2026","บริษัท กิจการร่วมค้า อะควอ ออร่า จำกัด","135552005677","6","บริษัท กิจการร่วมค้า อะควอ ออร่า จำกัด","0135552005677","1","199482900.000000000000000","199485523.800000011920929","199341000.000000000000000","199341000.000000000000000","99.900000000000006","2","low","1","R1","ราคาตกลง ≥ 95% ของราคากลาง","3","18.100000000000001","","","","","0.000000000000000","","","","","","","","กรุงเทพมหานคร","กทม","จ.จันทบุรี","text","province","12.567200580000000","102.104121730000003","1","1","0","0","0","0","0","0","0","0","102.104121725705866","12.567200578926284"
"243","68089138407","ประกวดราคาจ้างก่อสร้างโครงการก่อสร้างระบบป้องกันน้ำท่วมพื้นที่ชุมชนแม่จัน ระยะที่ 3 อำเภอแม่จัน จังหวัดเชียงราย ด้วยวิธีประกวดราคาอิเล็กทรอนิกส์ (e-bidding)","จ้างก่อสร้าง","กรมโยธาธิการและผังเมือง","ประกวดราคาอิเล็กทรอนิกส์ (e-bidding)","ระหว่างดำเนินการ","29/8/2025","8/1/2026","10/7/2028","บริษัท ส.ศิริชัยสยามวัสดุ จำกัด","675556000012","3","บริษัท ส.ศิริชัยสยามวัสดุ จำกัด","0675556000012","1","300000000.000000000000000","299990000.000000000000000","298500000.000000000000000","298500000.000000000000000","99.500000000000000","4","mid","2","R1|R9","ราคาตกลง ≥ 95% ของราคากลาง | ราคาผู้ชนะ vs อันดับ 2 < 5%","5","0.300000000000000","บริษัท ส.ศิริชัยสยามวัสดุ จำกัด","บริษัทจำกัด","ยังดำเนินกิจการอยู่","2013","250000000.000000000000000","เพชรบูรณ์","เมืองเพชรบูรณ์","การก่อสร้างอาคารที่ไม่ใช่ที่พักอาศัย","","1.190000000000000","12","1","กรุงเทพมหานคร","กทม","จ.เชียงราย","latlong","real","20.105962729999998","99.823960909999997","1","1","0","0","0","0","0","1","0","0","99.823960910279851","20.105962729730038"
"244","68089139097","ประกวดราคาซื้อท่อเหล็กกล้าสำหรับส่งน้ำและอุปกรณ์ประกอบ จำนวน 31 รายการ สำหรับงานระบบท่อส่งน้ำของสถานีสูบน้ำกลุ่มผู้ใช้น้ำบ้านคลองเรา โครงการส่วนต่อขยายระบบท่อส่งน้ำของสถานีสูบน้ำกลุ่มผู้ใช้น้ำบ้านคลองเรา (พัฒนาและเพิ่มประสิทธิภาพการใช้น้ำในลุ่มน้ำวังโตนด) ตำบลวังใหม่ อำเภอนายายอาม จังหวัดจันทบุรี ด้วยวิธีประกวดราคาอิเล็กทรอนิกส์ (e-bidding)","ซื้อ","กรมชลประทาน","ประกวดราคาอิเล็กทรอนิกส์ (e-bidding)","ระหว่างดำเนินการ","15/8/2025","21/11/2025","20/4/2026","บริษัท กิจการร่วมค้า อะควอ ออร่า จำกัด","135552005677","6","บริษัท กิจการร่วมค้า อะควอ ออร่า จำกัด","0135552005677","1","140000000.000000000000000","140001556.900000005960464","139849000.000000000000000","139849000.000000000000000","99.900000000000006","2","low","1","R1","ราคาตกลง ≥ 95% ของราคากลาง","3","16.100000000000001","","","","","0.000000000000000","","","","","","","","กรุงเทพมหานคร","กทม","จ.จันทบุรี","text","province","12.567200139999999","102.104119900000001","1","1","0","0","0","0","0","0","0","0","102.104119899430898","12.567200139652970"
"245","68089166164","ประกวดราคาจ้างงานจ้างบริหารจัดการระบบจัดเก็บค่าธรรมเนียมผ่านทางอัตโนมัติแบบไม่มีไม้กั้น (M-Flow) บนทางหลวงพิเศษหมายเลข 9 ด้วยวิธีประกวดราคาอิเล็กทรอนิกส์ (e-bidding)","จ้างทำของ/จ้างเหมาบริการ","กรมทางหลวง","ประกวดราคาอิเล็กทรอนิกส์ (e-bidding)","ระหว่างดำเนินการ","22/8/2025","28/10/2025","28/10/2026","บริษัท แอพเวิร์คส์  จำกัด","105542046729","1","บริษัท แอพเวิร์คส์  จำกัด","0105542046729","1","170500000.000000000000000","170498448.000000000000000","168792163.199999988079071","168792163.199999988079071","99.000000000000000","4","mid","2","R1|R9","ราคาตกลง ≥ 95% ของราคากลาง | ราคาผู้ชนะ vs อันดับ 2 < 5%","2","0.600000000000000","","","","","0.000000000000000","","","","","","","","กรุงเทพมหานคร","กทม","กรุงเทพมหานคร","hq","province","13.707154760000000","100.523968999999994","1","1","0","0","0","0","0","1","0","0","100.523968998213988","13.707154758989102"
"246","68089183673","ประกวดราคาเช่าใช้อุปกรณ์การเรียนการสอน สำหรับครูและนักเรียน ด้วยวิธีประกวดราคาอิเล็กทรอนิกส์ (e-bidding)","เช่า","สำนักงานคณะกรรมการการศึกษาขั้นพื้นฐาน","ประกวดราคาอิเล็กทรอนิกส์ (e-bidding)","ระหว่างดำเนินการ","17/9/2025","14/11/2025","31/3/2031","บริษัท เมโทรโปรเฟสชั่นแนลโปรดักส์ จำกัด","105535119244","4","บริษัท เมโทรโปรเฟสชั่นแนลโปรดักส์ จำกัด","0105535119244","1","104079780.000000000000000","104079780.000000000000000","103970000.000000000000000","103970000.000000000000000","99.900000000000006","4","mid","2","R1|R9","ราคาตกลง ≥ 95% ของราคากลาง | ราคาผู้ชนะ vs อันดับ 2 < 5%","2","0.000000000000000","","","","","0.000000000000000","","","","","","","","จ.แพร่","ภาค 5","จ.แพร่","hq","province","18.097125260000002","100.143942440000004","1","1","0","0","0","0","0","1","0","0","100.143942436840661","18.097125254762862"
"247","68089190692","จ้างการจัดจ้างบริการสื่อสารและโทรคมนาคม โครงการระบบเครือข่ายสารสนเทศ ตร. ปีงบประมาณ พ.ศ.2569 โดยวิธีเฉพาะเจาะจง","จ้างทำของ/จ้างเหมาบริการ","สำนักงานตำรวจแห่งชาติ","เฉพาะเจาะจง","ระหว่างดำเนินการ","","31/10/2025","30/9/2026","บริษัท โทรคมนาคมแห่งชาติ จำกัด (มหาชน)","107564000014","5","บริษัท โทรคมนาคมแห่งชาติ จำกัด (มหาชน)","0107564000014","1","328999300.000000000000000","328999080.000000000000000","328999080.000000000000000","328999080.000000000000000","100.000000000000000","5","high","2","R1|R4","ราคาตกลง ≥ 95% ของราคากลาง | ใช้วิธีเฉพาะเจาะจง","1","","บริษัท โทรคมนาคมแห่งชาติ จำกัด (มหาชน)","บริษัทมหาชนจำกัด","ยังดำเนินกิจการอยู่","2021","16000000000.000000000000000","กรุงเทพมหานคร","เขตหลักสี่","กิจกรรมการโทรคมนาคมด้านอื่นๆ","","0.020000000000000","","0","กรุงเทพมหานคร","กทม","กรุงเทพมหานคร","hq","province","13.707111300000001","100.523803989999990","1","1","0","1","0","0","0","0","0","0","100.523803991171022","13.707111297861529"
"248","68089205040","ประกวดราคาจ้างจัดทำและติดตั้งเครื่องกำจัดขยะแบบอัตโนมัติพร้อมระบบควบคุมและส่วนประกอบอื่น สำหรับงานปรับปรุงเพิ่มประสิทธิภาพส่วนกำจัดขยะ ปตร.บ้านหาดสะพานจันทร์ ตำบลป่ากุมเกาะ อำเภอสวรรคโลก จังหวัดสุโขทัย ด้วยวิธีประกวดราคาอิเล็กทรอนิกส์ (e-bidding)","จ้างทำของ/จ้างเหมาบริการ","กรมชลประทาน","ประกวดราคาอิเล็กทรอนิกส์ (e-bidding)","ระหว่างดำเนินการ","21/8/2025","22/10/2025","19/6/2026","บริษัท เจท รีโวลูชั่น จำกัด","135559001871","1","บริษัท เจท รีโวลูชั่น จำกัด","0135559001871","1","176497000.000000000000000","176496500.000000000000000","176450000.000000000000000","176450000.000000000000000","100.000000000000000","6","high","3","R1|R8|R10","ราคาตกลง ≥ 95% ของราคากลาง | ยื่นรายเดียวใน Open Bid | ทุนจดทะเบียนต่ำเทียบมูลค่าสัญญา","1","","บริษัท เจท รีโวลูชั่น จำกัด","บริษัทจำกัด","ยังดำเนินกิจการอยู่","2016","5000000.000000000000000","ปทุมธานี","คลองหลวง","การก่อสร้างอาคารที่ไม่ใช่ที่พักอาศัย","","35.289999999999999","9","1","กรุงเทพมหานคร","กทม","จ.สุโขทัย","text","province","16.966732050000001","99.822536890000009","1","1","0","0","0","0","1","0","1","0","99.822536887416746","16.966732049529295"
"249","68089220855","ประกวดราคาจ้างงานจ้างเหมาบริการระบบการสื่อสารแบบรวมศูนย์ (Unified Communication) ระหว่างปีงบประมาณ 2569-2571 ด้วยวิธีประกวดราคาอิเล็กทรอนิกส์ (e-bidding)","จ้างทำของ/จ้างเหมาบริการ","สำนักงานพัฒนารัฐบาลดิจิทัล (องค์การมหาชน)","ประกวดราคาอิเล็กทรอนิกส์ (e-bidding)","ระหว่างดำเนินการ","22/8/2025","8/12/2025","30/11/2028","บริษัท อินเทอร์เน็ตประเทศไทย จำกัด (มหาชน)","107544000094","1","บริษัท อินเทอร์เน็ตประเทศไทย จำกัด (มหาชน)","0107544000094","1","850000000.000000000000000","850000000.000000000000000","328000624.800000011920929","328000624.800000011920929","38.600000000000001","0","low","0","","","5","107.099999999999994","","","","","0.000000000000000","","","","","","","","กรุงเทพมหานคร","กทม","กรุงเทพมหานคร","hq","province","13.706707050000000","100.522387370000004","1","0","0","0","0","0","0","0","0","0","100.522387365934264","13.706707051127715"
"250","68089225407","ประกวดราคาจ้างก่อสร้างรายการที่ 17. งานตกแต่งภายในและระบบประกอบอาคารศูนย์บริการสุขภาพและบริการสาธารณสุขพร้อมที่จอดรถ จำนวน 1 รายการ ด้วยวิธีประกวดราคาอิเล็กทรอนิกส์ (e-bidding)","จ้างก่อสร้าง","มหาวิทยาลัยเชียงใหม่","ประกวดราคาอิเล็กทรอนิกส์ (e-bidding)","ระหว่างดำเนินการ","15/9/2025","18/2/2026","13/6/2027","บริษัท เพาเวอร์ไลน์ เอ็นจิเนียริ่ง จำกัด (มหาชน)","107545000217","1","บริษัท เพาเวอร์ไลน์ เอ็นจิเนียริ่ง จำกัด (มหาชน)","0107545000217","1","979825290.000000000000000","952390770.299999952316284","895000000.000000000000000","895000000.000000000000000","94.000000000000000","2","low","1","R9","ราคาผู้ชนะ vs อันดับ 2 < 5%","4","0.300000000000000","บริษัท เพาเวอร์ไลน์ เอ็นจิเนียริ่ง จำกัด (มหาชน)","บริษัทมหาชนจำกัด","ยังดำเนินกิจการอยู่","2002","1815757276.000000000000000","กรุงเทพมหานคร","เขตพระโขนง","การติดตั้งไฟฟ้า","","0.490000000000000","23","1","จ.เชียงใหม่","ภาค 5","จ.เชียงใหม่","latlong","real","18.787532430000002","98.971155010000004","1","0","0","0","0","0","0","1","0","0","98.971155009682462","18.787532429846685"
"251","68089233192","ประกวดราคาจ้างทำสายอลูมิเนียมหุ้มฉนวนพีวีซี ขนาด 50 ตร.มม. จำนวน 1,440 กม. และ ขนาด 95 ตร.มม. จำนวน 4,337 กม. เลขที่ กจพ2-สฟ-026-2568 ด้วยวิธีประกวดราคาอิเล็กทรอนิกส์ (e-bidding)","จ้างทำของ/จ้างเหมาบริการ","การไฟฟ้าส่วนภูมิภาค","ประกวดราคาอิเล็กทรอนิกส์ (e-bidding)","ระหว่างดำเนินการ","6/10/2025","23/12/2025","22/1/2026","บริษัท สายไฟฟ้าบางกอกเคเบิ้ล จำกัด","105517002853","2","บริษัท สายไฟฟ้าบางกอกเคเบิ้ล จำกัด | บริษัท ฟูห์เรอร์ ไวร์ แอนด์ เคเบิ้ล  จำกัด","0105517002853 | 0205541003685","2","108994950.799999997019768","105407101.700000002980232","105373113.200000002980232","13559040.000000000000000","100.000000000000000","4","mid","2","R1|R9","ราคาตกลง ≥ 95% ของราคากลาง | ราคาผู้ชนะ vs อันดับ 2 < 5%","5","0.100000000000000","บริษัท สายไฟฟ้าบางกอกเคเบิ้ล จำกัด","บริษัทจำกัด","ยังดำเนินกิจการอยู่","1974","1300000000.000000000000000","กรุงเทพมหานคร","เขตปทุมวัน","การผลิตสายไฟฟ้าและเคเบิลสำหรับงานไฟฟ้าและอิเล็กทรอนิกส์ อื่นๆ","","0.010000000000000","51","0","กรุงเทพมหานคร","กทม","กรุงเทพมหานคร","hq","province","13.706692710000000","100.522322340000002","1","1","0","0","0","0","0","1","0","0","100.522322339585813","13.706692713004813"
"252","68089235237","ประกวดราคาเช่าการเช่าใช้อุปกรณ์การเรียนการสอน สำหรับครูและนักเรียน ภายใต้โครงการส่งเสริมการเรียนรู้ขั้นพื้นฐานทุกที่ทุกเวลา ประจำปีงบประมาณ พ.ศ.2568 และผูกพันงบประมาณรายจ่ายประจำปี พ.ศ. 2569-2573 ด้วยวิธีประกวดราคาอิเล็กทรอนิกส์ ด้วยวิธีประกวดราคาอิเล็กทรอนิกส์ (e-bidding)","เช่า","สำนักงานคณะกรรมการการศึกษาขั้นพื้นฐาน","ประกวดราคาอิเล็กทรอนิกส์ (e-bidding)","ระหว่างดำเนินการ","10/9/2025","19/11/2025","31/12/2030","บริษัท สุพรีม ดิสทิบิวชั่น จำกัด (มหาชน)","107566000291","16","บริษัท สุพรีม ดิสทิบิวชั่น จำกัด (มหาชน)","0107566000291","1","128260650.000000000000000","173946412.500000000000000","128198000.000000000000000","128198000.000000000000000","73.700000000000003","4","mid","3","R7|R9|R11","ราคากลาง vs งบ > 20% | ราคาผู้ชนะ vs อันดับ 2 < 5% | บริษัทจดทะเบียนใหม่ก่อนชนะโครงการ","2","0.000000000000000","บริษัท สุพรีม ดิสทิบิวชั่น จำกัด (มหาชน)","บริษัทมหาชนจำกัด","ยังดำเนินกิจการอยู่","2023","370000000.000000000000000","กรุงเทพมหานคร","เขตบางเขน","การขายส่งคอมพิวเตอร์อุปกรณ์ต่อพ่วงคอมพิวเตอร์และซอฟต์แวร์","","0.350000000000000","2","1","จ.ราชบุรี","ภาค 7","จ.ราชบุรี","hq","province","13.496691960000001","99.822316369999996","1","0","0","0","0","1","0","1","0","1","99.822316369879132","13.496691956877962"
"253","68089247482","ประกวดราคาเช่าใช้อุปกรณ์การเรียนการสอนสำหรับครูและนักเรียนภายใต้การส่งเสริมการเรียนรู้ขั้นพื้นฐานทุกที่ทุกเวลา ประจำปีงบประมาณ พ.ศ.2568 ด้วยวิธีประกวดราคาอิเล็กทรอนิกส์ (e-bidding)","เช่า","สำนักงานคณะกรรมการการศึกษาขั้นพื้นฐาน","ประกวดราคาอิเล็กทรอนิกส์ (e-bidding)","ระหว่างดำเนินการ","27/8/2025","28/10/2025","28/2/2031","บริษัท เอสวีโอเอ จำกัด (มหาชน)","107537002001","18","บริษัท เอสวีโอเอ จำกัด (มหาชน)","0107537002001","1","157211250.000000000000000","157211250.000000000000000","157198000.000000000000000","157198000.000000000000000","100.000000000000000","4","mid","2","R1|R9","ราคาตกลง ≥ 95% ของราคากลาง | ราคาผู้ชนะ vs อันดับ 2 < 5%","2","0.000000000000000","บริษัท เอสวีโอเอ จำกัด (มหาชน)","บริษัทมหาชนจำกัด","ยังดำเนินกิจการอยู่","1994","947000000.000000000000000","กรุงเทพมหานคร","เขตยานนาวา","ร้านขายปลีกคอมพิวเตอร์และอุปกรณ์ต่อพ่วงคอมพิวเตอร์","","0.170000000000000","31","1","จ.นนทบุรี","ภาค 1","จ.นนทบุรี","hq","province","13.816678000000000","100.512255800000005","1","1","0","0","0","0","0","1","0","0","100.512255795155767","13.816677995003920"
"254","68089249723","ประกวดราคาเช่าโครงการเช่าใช้อุปกรณ์การเรียนการสอนภายใต้โครงการส่งเสริมการเรียนรู้ ขั้นพื้นฐานทุกที่ทุกเวลา (Anywhere Anytime) สำนักงานเขตพื้นที่การศึกษามัธยมศึกษาอุทัยธานี ชัยนาท ด้วยวิธีประกวดราคาอิเล็กทรอนิกส์ (e-bidding)","เช่า","สำนักงานคณะกรรมการการศึกษาขั้นพื้นฐาน","ประกวดราคาอิเล็กทรอนิกส์ (e-bidding)","ระหว่างดำเนินการ","20/8/2025","27/10/2025","28/2/2031","บริษัทมหาชนจำกัด บริษัท อินฟอร์เมชั่น แอนด์ คอมมิวนิเคชั่น เน็ทเวิร์คส จำกัด (มหาชน)(สัญญากิจการค้าร่วม)","107560000184","7","บริษัทมหาชนจำกัด บริษัท อินฟอร์เมชั่น แอนด์ คอมมิวนิเคชั่น เน็ทเวิร์คส จำกัด (มหาชน)(สัญญากิจการค้าร่วม)","0107560000184","1","223228110.000000000000000","224074740.000000000000000","223225758.300000011920929","223225758.300000011920929","99.599999999999994","4","mid","2","R1|R9","ราคาตกลง ≥ 95% ของราคากลาง | ราคาผู้ชนะ vs อันดับ 2 < 5%","2","0.000000000000000","บริษัท อินฟอร์เมชั่น แอนด์ คอมมิวนิเคชั่น เน็ทเวิร์คส จำกัด (มหาชน)","บริษัทมหาชนจำกัด","ยังดำเนินกิจการอยู่","2017","336050221.500000000000000","กรุงเทพมหานคร","เขตลาดพร้าว","กิจกรรมการโทรคมนาคมด้านอื่นๆ","","0.660000000000000","8","1","จ.อุทัยธานี","ภาค 6","จ.อุทัยธานี","text","province","15.336677220000000","100.022267400000004","1","1","0","0","0","0","0","1","0","0","100.022267396796181","15.336677224000617"
"255","68089267246","ประกวดราคาจ้างก่อสร้างก่อสร้างอาคารสำนักงานองค์การบริหารส่วนตำบลบางบ่อ หมู่ที่ ๑ ตำบลบางบ่อ อำเภอบางบ่อ จังหวัดสมุทรปราการ ด้วยวิธีประกวดราคาอิเล็กทรอนิกส์ (e-bidding)","จ้างก่อสร้าง","องค์การบริหารส่วนตำบลบางบ่อ","ประกวดราคาอิเล็กทรอนิกส์ (e-bidding)","ระหว่างดำเนินการ","26/8/2025","3/11/2025","16/2/2027","กิจการร่วมค้าเอสเคทีอินเทค-ซีทีซี","993000528883","1","กิจการร่วมค้าเอสเคทีอินเทค-ซีทีซี","0993000528883","1","124000000.000000000000000","124000000.000000000000000","122500000.000000000000000","122500000.000000000000000","98.799999999999997","4","mid","2","R1|R9","ราคาตกลง ≥ 95% ของราคากลาง | ราคาผู้ชนะ vs อันดับ 2 < 5%","2","0.700000000000000","","","","","0.000000000000000","","","","","","","","จ.สมุทรปราการ","ภาค 1","จ.ฉะเชิงเทรา","latlong","real","13.602507559999999","100.857486300000005","1","1","0","0","0","0","0","1","0","0","100.857486299949997","13.602507559812288"
"256","68089281504","ประกวดราคาจ้างก่อสร้างโครงการพัฒนาพื้นที่และปรับปรุงภูมิทัศน์ชุมชน ตำบลแสนตอ อำเภอท่ามะกา จังหวัดกาญจนบุรี ด้วยวิธีประกวดราคาอิเล็กทรอนิกส์ (e-bidding)","จ้างก่อสร้าง","กรมโยธาธิการและผังเมือง","ประกวดราคาอิเล็กทรอนิกส์ (e-bidding)","ระหว่างดำเนินการ","29/8/2025","17/12/2025","24/1/2028","ห้างหุ้นส่วนจำกัด ที.เจ.เอ็น.เทรดดิ้ง","333555000052","2","ห้างหุ้นส่วนจำกัด ที.เจ.เอ็น.เทรดดิ้ง","0333555000052","1","120000000.000000000000000","119990000.000000000000000","119000000.000000000000000","119000000.000000000000000","99.200000000000003","4","mid","2","R1|R9","ราคาตกลง ≥ 95% ของราคากลาง | ราคาผู้ชนะ vs อันดับ 2 < 5%","3","0.700000000000000","ห้างหุ้นส่วนจำกัด ที.เจ.เอ็น.เทรดดิ้ง","ห้างหุ้นส่วนจำกัด","ยังดำเนินกิจการอยู่","2012","110000000.000000000000000","ศรีสะเกษ","เมืองศรีสะเกษ","การก่อสร้างอาคารที่ไม่ใช่ที่พักอาศัย","","1.080000000000000","13","1","กรุงเทพมหานคร","กทม","จ.กาญจนบุรี","latlong","real","13.921130690000000","99.731230280000005","1","1","0","0","0","0","0","1","0","0","99.731230280392523","13.921130690413490"
"257","68089286380","ซื้อยา จำนวน 39 รายการ โดยวิธีเฉพาะเจาะจง","ซื้อ","คณะแพทยศาสตร์ศิริราชพยาบาล มหาวิทยาลัยมหิดล","เฉพาะเจาะจง","ระหว่างดำเนินการ","","1/10/2025","30/9/2026","บริษัท ซิลลิค ฟาร์มา จำกัด","105539106911","27","บริษัท ซิลลิค ฟาร์มา จำกัด","0105539106911","1","199806385.800000011920929","229044516.800000011920929","199806385.800000011920929","199806385.800000011920929","87.200000000000003","3","mid","1","R4","ใช้วิธีเฉพาะเจาะจง","1","","บริษัท ซิลลิค ฟาร์มา จำกัด","บริษัทจำกัด","ยังดำเนินกิจการอยู่","1996","628000000.000000000000000","กรุงเทพมหานคร","เขตคลองเตย","การผลิตเครื่องมือและอุปกรณ์ในทางการแพทย์ (ยกเว้นทางทันตกรรม)","","0.320000000000000","","0","กรุงเทพมหานคร","กทม","กรุงเทพมหานคร","hq","province","13.706626399999999","100.522017560000009","1","0","0","1","0","0","0","0","0","0","100.522017564566099","13.706626400156912"
"258","68089292306","ประกวดราคาจ้างก่อสร้างโครงการก่อสร้างระบบป้องกันน้ำท่วมพื้นที่ชุมชนโผงเผง ระยะที่ 5 อำเภอป่าโมก จังหวัดอ่างทอง ด้วยวิธีประกวดราคาอิเล็กทรอนิกส์ (e-bidding)","จ้างก่อสร้าง","กรมโยธาธิการและผังเมือง","ประกวดราคาอิเล็กทรอนิกส์ (e-bidding)","ระหว่างดำเนินการ","29/8/2025","27/1/2026","29/7/2028","บริษัท อสิตากิจ จำกัด","105536110780","2","บริษัท อสิตากิจ จำกัด","0105536110780","1","250000000.000000000000000","249810000.000000000000000","247320000.000000000000000","247320000.000000000000000","99.000000000000000","4","mid","2","R1|R9","ราคาตกลง ≥ 95% ของราคากลาง | ราคาผู้ชนะ vs อันดับ 2 < 5%","3","0.700000000000000","บริษัท อสิตากิจ จำกัด","บริษัทจำกัด","ยังดำเนินกิจการอยู่","1993","400000000.000000000000000","นนทบุรี","บางกรวย","การก่อสร้างถนนสะพานและอุโมงค์","","0.620000000000000","32","1","กรุงเทพมหานคร","กทม","จ.อ่างทอง","latlong","real","14.452423750000001","100.444233499999996","1","1","0","0","0","0","0","1","0","0","100.444233499634649","14.452423750005128"
"259","68089309743","ประกวดราคาจ้างก่อสร้างก่อสร้างอาคารฝึกปฏิบัติการอาหารแปรรูปด้านการเกษตร ตำบลโคกโคเฒ่า อำเภอเมืองสุพรรณบุรี จังหวัดสุพรรณบุรี จำนวน ๑ รายการ ด้วยวิธีประกวดราคาอิเล็กทรอนิกส์ (e-bidding)","จ้างก่อสร้าง","มหาวิทยาลัยสวนดุสิต","ประกวดราคาอิเล็กทรอนิกส์ (e-bidding)","ระหว่างดำเนินการ","21/8/2025","15/1/2026","19/2/2027","บริษัท เจริญโภคภัณฑ์วิศวกรรม จำกัด","105521020241","1","บริษัท เจริญโภคภัณฑ์วิศวกรรม จำกัด","0105521020241","1","150000000.000000000000000","150000000.000000000000000","149220000.000000000000000","149220000.000000000000000","99.500000000000000","4","mid","2","R1|R9","ราคาตกลง ≥ 95% ของราคากลาง | ราคาผู้ชนะ vs อันดับ 2 < 5%","3","1.000000000000000","","","","","0.000000000000000","","","","","","","","กรุงเทพมหานคร","กทม","จ.สุพรรณบุรี","latlong","real","14.458716540000001","100.211775899999992","1","1","0","0","0","0","0","1","0","0","100.211775900200834","14.458716539798553"
"260","68089326063","ประกวดราคาจ้างก่อสร้างอาคารปฏิบัติการนวัตกรรมอุตสาหกรรมเกษตร มหาวิทยาลัยเทคโนโลยีราชมงคลอีสาน ตำบลหนองระเวียง อำเภอเมืองนครราชสีมา จังหวัดนครราชสีมา  จำนวน 1 รายการ ด้วยวิธีประกวดราคาอิเล็กทรอนิกส์ (e-bidding)","จ้างก่อสร้าง","มหาวิทยาลัยเทคโนโลยีราชมงคลอีสาน","ประกวดราคาอิเล็กทรอนิกส์ (e-bidding)","ระหว่างดำเนินการ","10/9/2025","2/2/2026","6/8/2027","บริษัท พุทธเตชะ จำกัด","305557004847","2","บริษัท พุทธเตชะ จำกัด","0305557004847","1","135000000.000000000000000","135027239.699999988079071","133780000.000000000000000","133780000.000000000000000","99.099999999999994","4","mid","2","R1|R9","ราคาตกลง ≥ 95% ของราคากลาง | ราคาผู้ชนะ vs อันดับ 2 < 5%","2","0.100000000000000","บริษัท พุทธเตชะ จำกัด","บริษัทจำกัด","ยังดำเนินกิจการอยู่","2014","100000000.000000000000000","นครราชสีมา","เมืองนครราชสีมา","การก่อสร้างอาคารที่ไม่ใช่ที่พักอาศัย","","1.340000000000000","11","0","จ.นครราชสีมา","ภาค 3","จ.นครราชสีมา","latlong","real","14.963225070000000","102.172272200000009","1","1","0","0","0","0","0","1","0","0","102.172272200038250","14.963225070062494"
"261","68089328287","ประกวดราคาจ้างก่อสร้างโครงการปรับปรุงต่อเติมและตกแต่งภายในอาคารสำนักงานเทศบาลเมืองแสนสุข (หลังเก่า) ด้วยวิธีประกวดราคาอิเล็กทรอนิกส์ (e-bidding)","จ้างก่อสร้าง","เทศบาลเมืองแสนสุข","ประกวดราคาอิเล็กทรอนิกส์ (e-bidding)","ระหว่างดำเนินการ","22/8/2025","16/10/2025","23/7/2027","บริษัท เจริญโชคนครก่อสร้าง จำกัด","205540004629","1","บริษัท เจริญโชคนครก่อสร้าง จำกัด","0205540004629","1","108246800.000000000000000","106066164.500000000000000","105900000.000000000000000","105900000.000000000000000","99.799999999999997","6","high","3","R1|R8|R10","ราคาตกลง ≥ 95% ของราคากลาง | ยื่นรายเดียวใน Open Bid | ทุนจดทะเบียนต่ำเทียบมูลค่าสัญญา","1","","บริษัท เจริญโชคนครก่อสร้าง จำกัด","บริษัทจำกัด","ยังดำเนินกิจการอยู่","1997","20000000.000000000000000","ชลบุรี","เมืองชลบุรี","การก่อสร้างอาคารที่ไม่ใช่ที่พักอาศัย","","5.290000000000000","28","0","จ.ชลบุรี","ภาค 2","จ.ชลบุรี","latlong","real","13.288179970000000","100.914326899999992","1","1","0","0","0","0","1","0","1","0","100.914326900413670","13.288179970126988"
"262","68089375166","ประกวดราคาจ้างก่อสร้างโครงการก่อสร้างระบบป้องกันน้ำท่วมพื้นที่ชุมชนจอมพระ อำเภอจอมพระ จังหวัดสุรินทร์ ด้วยวิธีประกวดราคาอิเล็กทรอนิกส์ (e-bidding)","จ้างก่อสร้าง","กรมโยธาธิการและผังเมือง","ประกวดราคาอิเล็กทรอนิกส์ (e-bidding)","ระหว่างดำเนินการ","29/8/2025","17/12/2025","3/5/2028","กิจการร่วมค้า ทีเอเอ็นเค","993000529383","1","กิจการร่วมค้า ทีเอเอ็นเค","0993000529383","1","200000000.000000000000000","199930000.000000000000000","198000000.000000000000000","198000000.000000000000000","99.000000000000000","4","mid","2","R1|R9","ราคาตกลง ≥ 95% ของราคากลาง | ราคาผู้ชนะ vs อันดับ 2 < 5%","4","0.600000000000000","","","","","0.000000000000000","","","","","","","","กรุงเทพมหานคร","กทม","จ.สุรินทร์","latlong","real","15.109067970000000","103.608293399999994","1","1","0","0","0","0","0","1","0","0","103.608293399568012","15.109067970316207"
"263","68089378322","ประกวดราคาเช่าเช่าใช้อุปกรณ์การเรียนการสอน สำหรับครูและนักเรียน ภายใต้โครงการส่งเสริมการเรียนรู้ขั้นพื้นฐานทุกที่ทุกเวลา สำนักงานเขตพื้นที่การศึกษามัธยมศึกษาบุรีรัมย์ ปีงบประมาณ พ.ศ.2568 ด้วยวิธีประกวดราคาอิเล็กทรอนิกส์ (e-bidding)","เช่า","สำนักงานคณะกรรมการการศึกษาขั้นพื้นฐาน","ประกวดราคาอิเล็กทรอนิกส์ (e-bidding)","ระหว่างดำเนินการ","25/8/2025","17/10/2025","28/2/2031","บริษัท สุพรีม ดิสทิบิวชั่น จำกัด (มหาชน)","107566000291","16","บริษัท สุพรีม ดิสทิบิวชั่น จำกัด (มหาชน)","0107566000291","1","502340370.000000000000000","654333790.000000000000000","502100000.000000000000000","502100000.000000000000000","76.700000000000003","4","mid","3","R7|R9|R11","ราคากลาง vs งบ > 20% | ราคาผู้ชนะ vs อันดับ 2 < 5% | บริษัทจดทะเบียนใหม่ก่อนชนะโครงการ","2","0.000000000000000","บริษัท สุพรีม ดิสทิบิวชั่น จำกัด (มหาชน)","บริษัทมหาชนจำกัด","ยังดำเนินกิจการอยู่","2023","370000000.000000000000000","กรุงเทพมหานคร","เขตบางเขน","การขายส่งคอมพิวเตอร์อุปกรณ์ต่อพ่วงคอมพิวเตอร์และซอฟต์แวร์","","1.360000000000000","2","1","จ.บุรีรัมย์","ภาค 3","จ.บุรีรัมย์","text","province","14.946216529999999","103.100205520000003","1","0","0","0","0","1","0","1","0","1","103.100205519386861","14.946216526015665"
"264","68089378360","ประกวดราคาจ้างก่อสร้างฝายหัวงานและอาคารประกอบ โครงการฝายยางบ้านหนองคัน จังหวัดเลย ด้วยวิธีประกวดราคาอิเล็กทรอนิกส์ (e-bidding)","จ้างก่อสร้าง","กรมชลประทาน","ประกวดราคาอิเล็กทรอนิกส์ (e-bidding)","ระหว่างดำเนินการ","3/9/2025","13/2/2026","","ห้างหุ้นส่วนจำกัด สยามซีวิลซัพพลาย","403527000697","1","ห้างหุ้นส่วนจำกัด สยามซีวิลซัพพลาย","0403527000697","1","197000000.000000000000000","196921493.300000011920929","196879000.000000000000000","196879000.000000000000000","100.000000000000000","4","mid","2","R1|R9","ราคาตกลง ≥ 95% ของราคากลาง | ราคาผู้ชนะ vs อันดับ 2 < 5%","3","0.000000000000000","ห้างหุ้นส่วนจำกัด สยามซีวิลซัพพลาย","ห้างหุ้นส่วนจำกัด","ยังดำเนินกิจการอยู่","1984","500110000.000000000000000","ขอนแก่น","เมืองขอนแก่น","การก่อสร้างโครงการสาธารณูปโภคเกี่ยวกับสายส่งไฟฟ้ากำลังและสายสัญญาณสื่อสาร","","0.390000000000000","41","1","กรุงเทพมหานคร","กทม","จ.เลย","latlong","real","17.131466509999999","101.691513400000005","1","1","0","0","0","0","0","1","0","0","101.691513400131555","17.131466510428137"
"265","68089387099","ประกวดราคาซื้อและอนุญาตให้ใช้สิทธิในโปรแกรมคอมพิวเตอร์ระบบสำนักงาน Online Service สำหรับพนักงาน ด้วยวิธีประกวดราคาอิเล็กทรอนิกส์ (e-bidding)","ซื้อ","การไฟฟ้าส่วนภูมิภาค","ประกวดราคาอิเล็กทรอนิกส์ (e-bidding)","ระหว่างดำเนินการ","12/9/2025","18/2/2026","1/3/2031","บริษัท เอ็นทีที (ประเทศไทย) จำกัด","105536000402","1","บริษัท เอ็นทีที (ประเทศไทย) จำกัด","0105536000402","1","534996255.000000000000000","534997325.000000000000000","249989611.599999994039536","249989611.599999994039536","46.700000000000003","2","low","1","R9","ราคาผู้ชนะ vs อันดับ 2 < 5%","5","2.000000000000000","","","","","0.000000000000000","","","","","","","","กรุงเทพมหานคร","กทม","กรุงเทพมหานคร","hq","province","13.706206490000001","100.520145659999997","1","0","0","0","0","0","0","1","0","0","100.520145656973682","13.706206488752667"
"266","68089402836","ประกวดราคาเช่าใช้อุปกรณ์การเรียนการสอนสำหรับครูและนักเรียนภายใต้โครงการส่งเสริมการเรียนรู้ขั้นพื้นฐานทุกที่ทุกเวลา ประจำปีงบประมาณ พ.ศ. 2568 ด้วยวิธีประกวดราคาอิเล็กทรอนิกส์ (e-bidding)","เช่า","สำนักงานคณะกรรมการการศึกษาขั้นพื้นฐาน","ประกวดราคาอิเล็กทรอนิกส์ (e-bidding)","ระหว่างดำเนินการ","18/9/2025","25/11/2025","31/3/2031","บริษัท นิยมพานิช จำกัด","505492000034","1","บริษัท นิยมพานิช จำกัด","0505492000034","1","122446800.000000000000000","122446800.000000000000000","121749426.000000000000000","121749426.000000000000000","99.400000000000006","4","mid","2","R1|R9","ราคาตกลง ≥ 95% ของราคากลาง | ราคาผู้ชนะ vs อันดับ 2 < 5%","2","0.500000000000000","บริษัท นิยมพานิช จำกัด","บริษัทจำกัด","ยังดำเนินกิจการอยู่","1949","470000000.000000000000000","เชียงใหม่","เมืองเชียงใหม่","การขายจักรยานยนต์","","0.260000000000000","76","1","จ.แม่ฮ่องสอน","ภาค 5","จ.แม่ฮ่องสอน","hq","province","18.655932210000000","98.198713929999997","1","1","0","0","0","0","0","1","0","0","98.198713932318199","18.655932213548450"
"267","68089408418","ประกวดราคาเช่าการเช่าใช้อุปกรณ์การเรียนการสอนสำหรับครูและนักเรียน ในสังกัดสำนักงานเขตพื้นที่การศึกษามัธยมศึกษาสิงห์บุรี อ่างทอง ภายใต้โครงการส่งเสริมการเรียนรู้ขั้นพื้นฐานทุกที่ทุกเวลา (Anywhere Anytime) ด้วยวิธีประกวดราคาอิเล็กทรอนิกส์ (e-bidding)","เช่า","สำนักงานคณะกรรมการการศึกษาขั้นพื้นฐาน","ประกวดราคาอิเล็กทรอนิกส์ (e-bidding)","ระหว่างดำเนินการ","29/8/2025","27/10/2025","28/10/2030","บริษัท สุพรีม ดิสทิบิวชั่น จำกัด (มหาชน)","107566000291","16","บริษัท สุพรีม ดิสทิบิวชั่น จำกัด (มหาชน)","0107566000291","1","162360660.000000000000000","162360660.000000000000000","162300000.000000000000000","162300000.000000000000000","100.000000000000000","5","high","3","R1|R9|R11","ราคาตกลง ≥ 95% ของราคากลาง | ราคาผู้ชนะ vs อันดับ 2 < 5% | บริษัทจดทะเบียนใหม่ก่อนชนะโครงการ","2","0.000000000000000","บริษัท สุพรีม ดิสทิบิวชั่น จำกัด (มหาชน)","บริษัทมหาชนจำกัด","ยังดำเนินกิจการอยู่","2023","370000000.000000000000000","กรุงเทพมหานคร","เขตบางเขน","การขายส่งคอมพิวเตอร์อุปกรณ์ต่อพ่วงคอมพิวเตอร์และซอฟต์แวร์","","0.440000000000000","2","1","จ.สิงห์บุรี","ภาค 1","จ.สิงห์บุรี","text","province","14.845930930000000","100.398727790000009","1","1","0","0","0","0","0","1","0","1","100.398727787527079","14.845930928556367"
"268","68089412054","ประกวดราคาจ้างก่อสร้างฝายหัวงานและอาคารประกอบ โครงการฝายยางบ้านทัพหมัน ตำบลทัพหลวง อำเภอบ้านไร่ จังหวัดอุทัยธานี ด้วยวิธีประกวดราคาอิเล็กทรอนิกส์ (e-bidding)","จ้างก่อสร้าง","กรมชลประทาน","ประกวดราคาอิเล็กทรอนิกส์ (e-bidding)","ระหว่างดำเนินการ","3/9/2025","2/2/2026","","บริษัท ส.เขมราฐอินดัสตรี้ จำกัด","105529024270","3","บริษัท ส.เขมราฐอินดัสตรี้ จำกัด","0105529024270","1","150000000.000000000000000","149772065.900000005960464","149617000.000000000000000","149617000.000000000000000","99.900000000000006","4","mid","2","R1|R9","ราคาตกลง ≥ 95% ของราคากลาง | ราคาผู้ชนะ vs อันดับ 2 < 5%","3","0.100000000000000","","","","","0.000000000000000","","","","","","","","กรุงเทพมหานคร","กทม","จ.อุทัยธานี","latlong","real","15.054056040000001","99.605122689999988","1","1","0","0","0","0","0","1","0","0","99.605122690428146","15.054056039637713"
"269","68089412746","ประกวดราคาจ้างก่อสร้างฝายหัวงานและอาคารประกอบ โครงการฝายยางบ้านทุ่งนา ตำบลทัพหลวง อำเภอบ้านไร่ จังหวัดอุทัยธานี ด้วยวิธีประกวดราคาอิเล็กทรอนิกส์ (e-bidding)","จ้างก่อสร้าง","กรมชลประทาน","ประกวดราคาอิเล็กทรอนิกส์ (e-bidding)","ระหว่างดำเนินการ","4/9/2025","6/1/2026","","ห้างหุ้นส่วนจำกัด อุบลรุ่งเรืองกลการ","343521000173","1","ห้างหุ้นส่วนจำกัด อุบลรุ่งเรืองกลการ","0343521000173","1","160000000.000000000000000","156535971.699999988079071","156470950.000000000000000","156470950.000000000000000","100.000000000000000","4","mid","2","R1|R9","ราคาตกลง ≥ 95% ของราคากลาง | ราคาผู้ชนะ vs อันดับ 2 < 5%","3","0.100000000000000","ห้างหุ้นส่วนจำกัด อุบลรุ่งเรืองกลการ","ห้างหุ้นส่วนจำกัด","ยังดำเนินกิจการอยู่","1978","400000000.000000000000000","อุบลราชธานี","วารินชำราบ","การผลิตผลิตภัณฑ์คอนกรีตเพื่อใช้ในงานก่อสร้าง","","0.390000000000000","47","1","กรุงเทพมหานคร","กทม","จ.อุทัยธานี","latlong","real","15.054056040000001","99.605122689999988","1","1","0","0","0","0","0","1","0","0","99.605122690428146","15.054056039637713"
"270","68089415715","ประกวดราคาเช่าเช่าใช้อุปกรณ์การเรียนการสอนสำหรับครูและนักเรียน ภายใต้โครงการส่งเสริมการเรียนรู้ขั้นพื้นฐานทุกที่ทุกเวลา ด้วยวิธีประกวดราคาอิเล็กทรอนิกส์ (e-bidding)","เช่า","สำนักงานคณะกรรมการการศึกษาขั้นพื้นฐาน","ประกวดราคาอิเล็กทรอนิกส์ (e-bidding)","ระหว่างดำเนินการ","22/9/2025","1/12/2025","30/11/2030","บริษัท เอสวีโอเอ จำกัด (มหาชน)","107537002001","18","บริษัท เอสวีโอเอ จำกัด (มหาชน)","0107537002001","1","130586190.000000000000000","130586190.000000000000000","130584814.299999997019768","130584814.299999997019768","100.000000000000000","4","mid","2","R1|R9","ราคาตกลง ≥ 95% ของราคากลาง | ราคาผู้ชนะ vs อันดับ 2 < 5%","2","0.000000000000000","บริษัท เอสวีโอเอ จำกัด (มหาชน)","บริษัทมหาชนจำกัด","ยังดำเนินกิจการอยู่","1994","947000000.000000000000000","กรุงเทพมหานคร","เขตยานนาวา","ร้านขายปลีกคอมพิวเตอร์และอุปกรณ์ต่อพ่วงคอมพิวเตอร์","","0.140000000000000","31","1","จ.นราธิวาส","ภาค 9","จ.นราธิวาส","hq","province","6.455923220000000","101.598707969999992","1","1","0","0","0","0","0","1","0","0","101.598707970225448","6.455923222458303"
"271","68089426596","ประกวดราคาจ้างก่อสร้างถนนทางเข้าบริเวณพื้นที่บริการใหม่ และถนนบริการภายในเขตพื้นที่การบินพร้อมองค์ประกอบอื่นๆ ท่าอากาศยานกระบี่ ตำบลเหนือคลอง อำเภอเมืองกระบี่ จังหวัดกระบี่ ๑ แห่ง ด้วยวิธีประกวดราคาอิเล็กทรอนิกส์ (e-bidding)","จ้างก่อสร้าง","กรมท่าอากาศยาน","ประกวดราคาอิเล็กทรอนิกส์ (e-bidding)","ระหว่างดำเนินการ","29/8/2025","21/1/2026","13/9/2027","บริษัทจำกัด บริษัท สยามธรรมนนท์ จำกัด(สัญญากิจการค้าร่วม)","105551128384","1","บริษัทจำกัด บริษัท สยามธรรมนนท์ จำกัด(สัญญากิจการค้าร่วม) | ห้างหุ้นส่วนจำกัด ห้างหุ้นส่วนจำกัด โชคเจริญ วาปีปทุม(สัญญากิจการค้าร่วม)","0105551128384 | 0443553000551","2","175000000.000000000000000","175000000.000000000000000","173003600.000000000000000","88231836.000000000000000","98.900000000000006","4","mid","2","R1|R9","ราคาตกลง ≥ 95% ของราคากลาง | ราคาผู้ชนะ vs อันดับ 2 < 5%","2","0.000000000000000","","","","","0.000000000000000","","","","","","","","กรุงเทพมหานคร","กทม","จ.กระบี่","latlong","real","8.079845200000001","98.992338189999998","1","1","0","0","0","0","0","1","0","0","98.992338189583819","8.079845197585959"
"272","68089431786","ประกวดราคาเช่าเครื่องคอมพิวเตอร์โน้ตบุ๊ก สำหรับงานประมวลผล พร้อมระบบปฏิบัติการ ด้วยวิธีประกวดราคาอิเล็กทรอนิกส์ (e-bidding)","เช่า","การไฟฟ้าส่วนภูมิภาค","ประกวดราคาอิเล็กทรอนิกส์ (e-bidding)","ระหว่างดำเนินการ","26/9/2025","10/2/2026","1/5/2029","บริษัท มิชชั่น อินโฟ เทคโนโลยี  จำกัด","105540100068","1","บริษัท มิชชั่น อินโฟ เทคโนโลยี  จำกัด","0105540100068","1","103754785.500000000000000","103379976.000000000000000","100413955.299999997019768","100413955.299999997019768","97.099999999999994","4","mid","2","R1|R9","ราคาตกลง ≥ 95% ของราคากลาง | ราคาผู้ชนะ vs อันดับ 2 < 5%","4","0.600000000000000","","","","","0.000000000000000","","","","","","","","กรุงเทพมหานคร","กทม","กรุงเทพมหานคร","hq","province","13.705907630000000","100.518563069999999","1","1","0","0","0","0","0","1","0","0","100.518563070683115","13.705907626785942"
"273","68089453782","เช่าเครื่องบินพร้อมเครื่องมือถ่ายภาพทางอากาศและสำรวจความสูงภูมิประเทศ ตามโครงการจัดทำแผนที่ภาพถ่ายทางอากาศประเทศไทย มาตราส่วน ๑ . ๔,๐๐๐ พื้นที่กลุ่มจังหวัดที่ ๑ ประจำปีงบประมาณ พ.ศ. ๒๕๖๘ โดยวิธีคัดเลือก","เช่า","กองบัญชาการกองทัพไทย","คัดเลือก","ระหว่างดำเนินการ","","5/11/2025","30/9/2026","บริษัท ธีออส เอ็นเตอร์ไพรส์ จำกัด","105561150625","1","บริษัท ธีออส เอ็นเตอร์ไพรส์ จำกัด","0105561150625","1","128460000.000000000000000","128460000.000000000000000","128445000.000000000000000","128445000.000000000000000","100.000000000000000","4","mid","2","R1|R9","ราคาตกลง ≥ 95% ของราคากลาง | ราคาผู้ชนะ vs อันดับ 2 < 5%","3","0.000000000000000","","","","","0.000000000000000","","","","","","","","กรุงเทพมหานคร","กทม","กรุงเทพมหานคร","hq","province","13.705891100000001","100.518435729999993","1","1","0","0","0","0","0","1","0","0","100.518435734491618","13.705891095429845"
"274","68089455810","ประกวดราคาเช่าใช้อุปกรณ์การเรียนการสอนสำหรับครูและนักเรียน ภายใต้โครงการส่งเสริมการเรียนรู้ขั้นพื้นฐานทุกที่ทุกเวลา สำนักงานเขตพื้นที่การศึกษามัธยมศึกษาร้อยเอ็ด ปีงบประมาณ พ.ศ. 2568 ด้วยวิธีประกวดราคาอิเล็กทรอนิกส์ (e-bidding)","เช่า","สำนักงานคณะกรรมการการศึกษาขั้นพื้นฐาน","ประกวดราคาอิเล็กทรอนิกส์ (e-bidding)","ระหว่างดำเนินการ","23/9/2025","1/12/2025","31/3/2031","บริษัท ไวร์เออ แอนด์ ไวร์เลส จำกัด","105538013293","7","บริษัท ไวร์เออ แอนด์ ไวร์เลส จำกัด","0105538013293","1","304835580.000000000000000","304835580.000000000000000","304789334.000000000000000","304789334.000000000000000","100.000000000000000","4","mid","2","R1|R9","ราคาตกลง ≥ 95% ของราคากลาง | ราคาผู้ชนะ vs อันดับ 2 < 5%","2","0.000000000000000","บริษัท ไวร์เออ แอนด์ ไวร์เลส จำกัด","บริษัทจำกัด","ยังดำเนินกิจการอยู่","1995","6845130000.000000000000000","กรุงเทพมหานคร","เขตห้วยขวาง","กิจกรรมบริการทางการเงินอื่นๆ (ยกเว้นกิจกรรมการประกันภัย และกองทุนบำเหน็จบำนาญ) ซึ่งมิได้จัดประเภทไว้ในที่อื่น","","0.040000000000000","30","1","จ.ร้อยเอ็ด","ภาค 4","จ.ร้อยเอ็ด","text","province","16.005890680000000","103.648414859999988","1","1","0","0","0","0","0","1","0","0","103.648414864085794","16.005890682016524"
"275","68089465178","ประกวดราคาจ้างก่อสร้างระบบส่งน้ำพร้อมอาคารประกอบ โครงการระบบส่งน้ำอู่ทอง - สระกระโจม (ระยะที่ 2) ตำบลพลับพลาไชย อำเภออู่ทอง จังหวัดสุพรรณบุรี ด้วยวิธีประกวดราคาอิเล็กทรอนิกส์ (e-bidding)","จ้างก่อสร้าง","กรมชลประทาน","ประกวดราคาอิเล็กทรอนิกส์ (e-bidding)","ระหว่างดำเนินการ","3/9/2025","9/1/2026","","บริษัท ตั้งเจริญ จำกัด","725559001141","8","บริษัท ตั้งเจริญ จำกัด","0725559001141","1","660000000.000000000000000","659678244.399999976158142","658672800.000000000000000","658672800.000000000000000","99.799999999999997","4","mid","2","R1|R9","ราคาตกลง ≥ 95% ของราคากลาง | ราคาผู้ชนะ vs อันดับ 2 < 5%","3","0.100000000000000","","","","","0.000000000000000","","","","","","","","กรุงเทพมหานคร","กทม","จ.สุพรรณบุรี","latlong","real","14.515162680000000","99.884383860000000","1","1","0","0","0","0","0","1","0","0","99.884383860044252","14.515162679962291"
"276","68089510348","ประกวดราคาซื้อปัจจัยการผลิตโครงการเพิ่มประสิทธิภาพการผลิตข้าวของเกษตรกรผู้ประสบอุทกภัย ปี 2567 งวดที่ 3 ด้วยวิธีประกวดราคาอิเล็กทรอนิกส์ (e-bidding)","ซื้อ","กรมการข้าว","ประกวดราคาอิเล็กทรอนิกส์ (e-bidding)","ระหว่างดำเนินการ","29/8/2025","16/12/2025","14/2/2026","บริษัท กรีน อินโน ไทย จำกัด","665566000708","2","บริษัท กรีน อินโน ไทย จำกัด","0665566000708","1","528220378.000000000000000","537156507.600000023841858","527990000.000000000000000","527990000.000000000000000","98.299999999999997","6","high","3","R1|R8|R11","ราคาตกลง ≥ 95% ของราคากลาง | ยื่นรายเดียวใน Open Bid | บริษัทจดทะเบียนใหม่ก่อนชนะโครงการ","1","","บริษัท กรีน อินโน ไทย จำกัด","บริษัทจำกัด","ยังดำเนินกิจการอยู่","2023","200000000.000000000000000","พิจิตร","สามง่าม","การขายปลีกทางอินเทอร์เน็ต","","2.640000000000000","2","1","กรุงเทพมหานคร","กทม","กรุงเทพมหานคร","hq","province","13.705647310000000","100.516762909999997","1","1","0","0","0","0","1","0","0","1","100.516762908837521","13.705647307974752"
"277","68089515378","ประกวดราคาจ้างก่อสร้างโครงการก่อสร้างระบบระบายน้ำหลักเพื่อบรรเทาปัญหาน้ำท่วมพื้นที่ชุมชนเมืองบุรีรัมย์ ระยะที่ 2 อำเภอเมืองบุรีรัมย์ จังหวัดบุรีรัมย์ ด้วยวิธีประกวดราคาอิเล็กทรอนิกส์ (e-bidding)","จ้างก่อสร้าง","กรมโยธาธิการและผังเมือง","ประกวดราคาอิเล็กทรอนิกส์ (e-bidding)","ระหว่างดำเนินการ","5/9/2025","8/1/2026","10/7/2028","กิจการร่วมค้า ทีเอส แอนด์ ทีเอ็น","993000464681","1","กิจการร่วมค้า ทีเอส แอนด์ ทีเอ็น","0993000464681","1","260000000.000000000000000","259810000.000000000000000","257700000.000000000000000","257700000.000000000000000","99.200000000000003","4","mid","2","R1|R9","ราคาตกลง ≥ 95% ของราคากลาง | ราคาผู้ชนะ vs อันดับ 2 < 5%","2","0.800000000000000","","","","","0.000000000000000","","","","","","","","กรุงเทพมหานคร","กทม","จ.บุรีรัมย์","latlong","real","15.000748680000001","103.113845400000002","1","1","0","0","0","0","0","1","0","0","103.113845400320400","15.000748679595647"
"278","68089517269","ซื้อจัดซื้อเครื่องบริโภคสำหรับใช้เลี้ยงผู้ต้องขัง ประจำปีงบประมาณ พ.ศ. 2569 โดยวิธีคัดเลือก","ซื้อ","กรมราชทัณฑ์","คัดเลือก","ระหว่างดำเนินการ","","24/10/2025","30/9/2026","สหกรณ์การเกษตรเวียงป่าเป้า จำกัด","994000451288","1","สหกรณ์การเกษตรเวียงป่าเป้า จำกัด | องค์การตลาด กระทรวงมหาดไทย","0994000451288 | 0994000165650","2","125082477.799999997019768","125082477.799999997019768","123568529.599999994039536","105880864.099999994039536","98.799999999999997","4","mid","2","R1|R9","ราคาตกลง ≥ 95% ของราคากลาง | ราคาผู้ชนะ vs อันดับ 2 < 5%","3","0.300000000000000","","","","","0.000000000000000","","","","","","","","จ.เชียงใหม่","ภาค 5","จ.เชียงใหม่","hq","province","18.735646390000003","98.986664489999995","1","1","0","0","0","0","0","1","0","0","98.986664494928021","18.735646393965197"
"279","68089538111","จ้างบริการตรวจซ่อมงานนอกเหนือขอบเขตภาระงานตามสัญญาเลขที่ ๔/๒๕๖๘ จกท.พร้อมอะไหล่ จำนวน ๑ งาน โดยวิธีเฉพาะเจาะจง","จ้างทำของ/จ้างเหมาบริการ","กองทัพอากาศ","เฉพาะเจาะจง","ระหว่างดำเนินการ","","2/10/2025","29/7/2026","บริษัท การบินไทย จำกัด (มหาชน)","107537001757","1","บริษัท การบินไทย จำกัด (มหาชน)","0107537001757","1","149800000.000000000000000","149800000.000000000000000","149800000.000000000000000","149800000.000000000000000","100.000000000000000","5","high","2","R1|R4","ราคาตกลง ≥ 95% ของราคากลาง | ใช้วิธีเฉพาะเจาะจง","1","","บริษัท การบินไทย จำกัด (มหาชน)","บริษัทมหาชนจำกัด","ยังดำเนินกิจการอยู่","1994","36794279037.099998474121094","กรุงเทพมหานคร","เขตจตุจักร","การขนส่งผู้โดยสารทางอากาศที่มีตารางเวลา","51101","0.000000000000000","","0","กรุงเทพมหานคร","กทม","กรุงเทพมหานคร","hq","province","13.705635110000001","100.516622089999998","1","1","0","1","0","0","0","0","0","0","100.516622085340302","13.705635112355299"
"280","68089540257","ประกวดราคาเช่าเช่าใช้อุปกรณ์การเรียนการสอนสำหรับครูและนักเรียนภายใต้โครงการส่งเสริมการเรียนรู้ขั้นพื้นฐานทุกที่ทุกเวลาสำหรับสถานศึกษาในสังกัด ประจำปีงบประมาณ พ.ศ. 2568 ระยะเวลา 5 ปี ด้วยวิธีประกวดราคาอิเล็กทรอนิกส์ (e-bidding)","เช่า","สำนักงานคณะกรรมการการศึกษาขั้นพื้นฐาน","ประกวดราคาอิเล็กทรอนิกส์ (e-bidding)","ระหว่างดำเนินการ","15/10/2025","19/12/2025","30/4/2031","บริษัทมหาชนจำกัด บริษัท เอสวีโอเอ จำกัด (มหาชน)(สัญญากิจการค้าร่วม)","107537002001","18","บริษัทมหาชนจำกัด บริษัท เอสวีโอเอ จำกัด (มหาชน)(สัญญากิจการค้าร่วม) | บริษัทมหาชนจำกัด บริษัท อินฟอร์เมชั่น แอนด์ คอมมิวนิเคชั่น เน็ทเวิร์คส จำกัด (มหาชน)(สัญญากิจการค้าร่วม)","0107537002001 | 0107560000184","2","163950570.000000000000000","163950570.000000000000000","163948842.800000041723251","0.000000000000000","100.000000000000000","4","mid","2","R1|R9","ราคาตกลง ≥ 95% ของราคากลาง | ราคาผู้ชนะ vs อันดับ 2 < 5%","2","0.000000000000000","บริษัท เอสวีโอเอ จำกัด (มหาชน)","บริษัทมหาชนจำกัด","ยังดำเนินกิจการอยู่","1994","947000000.000000000000000","กรุงเทพมหานคร","เขตยานนาวา","ร้านขายปลีกคอมพิวเตอร์และอุปกรณ์ต่อพ่วงคอมพิวเตอร์","","","31","1","จ.สุพรรณบุรี","ภาค 7","จ.สุพรรณบุรี","hq","province","14.425630640000000","100.116564800000006","1","1","0","0","0","0","0","1","0","0","100.116564796336874","14.425630643735989"
"281","68089551547","จ้างงานก่อสร้างถนนเชื่อมระหว่างถนนพระรามที่ 5 กับถนนราชวิถี พื้นที่เขตดุสิต แขวงดุสิต เขตดุสิต กรุงเทพมหานคร 1 แห่ง โดยวิธีเฉพาะเจาะจง","จ้างก่อสร้าง","กรุงเทพมหานคร","เฉพาะเจาะจง","ระหว่างดำเนินการ","","11/3/2026","","บริษัท ที.พี.ซี. คอนกรีตอัดแรง จำกัด","105539121707","1","บริษัท ที.พี.ซี. คอนกรีตอัดแรง จำกัด","0105539121707","1","206000000.000000000000000","206000000.000000000000000","205990000.000000000000000","205990000.000000000000000","100.000000000000000","5","high","2","R1|R4","ราคาตกลง ≥ 95% ของราคากลาง | ใช้วิธีเฉพาะเจาะจง","1","","บริษัท ที.พี.ซี. คอนกรีตอัดแรง จำกัด","บริษัทจำกัด","ยังดำเนินกิจการอยู่","1996","120000000.000000000000000","กรุงเทพมหานคร","เขตลาดพร้าว","การผลิตผลิตภัณฑ์คอนกรีตเพื่อใช้ในงานก่อสร้าง","","1.720000000000000","","0","กรุงเทพมหานคร","กทม","กรุงเทพมหานคร","latlong","real","13.771753089999999","100.515246399999995","1","1","0","1","0","0","0","0","0","0","100.515246399924322","13.771753089606728"
"282","68089562678","ซื้อรายการรถตรวจสอบยานพาหนะด้วยระบบเอกซเรย์แบบสะท้อนกลับ (Z-Backscatter) ทรงรถตู้ จำนวน 1 คัน โดยวิธีคัดเลือก","ซื้อ","สำนักงานตำรวจแห่งชาติ","คัดเลือก","ระหว่างดำเนินการ","","22/10/2025","17/10/2026","บริษัท นุ๊กเทค (ไทยแลนด์) จำกัด","105555040899","1","บริษัท นุ๊กเทค (ไทยแลนด์) จำกัด","0105555040899","1","115000000.000000000000000","115000000.000000000000000","113100000.000000000000000","113100000.000000000000000","98.299999999999997","4","mid","2","R1|R9","ราคาตกลง ≥ 95% ของราคากลาง | ราคาผู้ชนะ vs อันดับ 2 < 5%","3","0.100000000000000","","","","","0.000000000000000","","","","","","","","กรุงเทพมหานคร","กทม","กรุงเทพมหานคร","hq","province","13.705619710000001","100.516446340000002","1","1","0","0","0","0","0","1","0","0","100.516446341633085","13.705619713792057"
"283","68089583637","ประกวดราคาเช่าใช้อุปกรณ์การเรียนการสอนสำหรับครูและนักเรียน ภายใต้โครงการส่งเสริมการเรียนรู้ขั้นพื้นฐานทุกที่ทุกเวลา ประจำปีงบประมาณ พ.ศ.2568 ด้วยวิธีประกวดราคาอิเล็กทรอนิกส์ (e-bidding)","เช่า","สำนักงานคณะกรรมการการศึกษาขั้นพื้นฐาน","ประกวดราคาอิเล็กทรอนิกส์ (e-bidding)","ระหว่างดำเนินการ","2/9/2025","14/11/2025","28/2/2031","บริษัทมหาชนจำกัด บริษัท ไลท์อัพ โทเทิล โซลูชั่น จำกัด (มหาชน)(สัญญากิจการค้าร่วม)","107566000411","1","บริษัทมหาชนจำกัด บริษัท ไลท์อัพ โทเทิล โซลูชั่น จำกัด (มหาชน)(สัญญากิจการค้าร่วม)","0107566000411","1","141240960.000000000000000","141240960.000000000000000","141239472.000000000000000","141239472.000000000000000","100.000000000000000","4","mid","2","R1|R9","ราคาตกลง ≥ 95% ของราคากลาง | ราคาผู้ชนะ vs อันดับ 2 < 5%","2","0.000000000000000","","","","","0.000000000000000","","","","","","","","จ.สุโขทัย","ภาค 6","จ.สุโขทัย","hq","province","16.965609269999998","99.816261169999990","1","1","0","0","0","0","0","1","0","0","99.816261173298571","16.965609268852980"
"284","68089624141","ประกวดราคาจ้างก่อสร้างเขื่อนกันน้ำเซาะท้ายประตูระบายน้ำคลองบางแก้ว ตำบลนครชัยศรี อำเภอนครชัยศรี จังหวัดนครปฐม ด้วยวิธีประกวดราคาอิเล็กทรอนิกส์ (e-bidding)","จ้างก่อสร้าง","กรมชลประทาน","ประกวดราคาอิเล็กทรอนิกส์ (e-bidding)","ระหว่างดำเนินการ","8/9/2025","9/12/2025","","บริษัท พี เอ็น คอนสตรัคชั่น แอนด์ บิวดิ้ง จำกัด","125549008199","6","บริษัท พี เอ็น คอนสตรัคชั่น แอนด์ บิวดิ้ง จำกัด","0125549008199","1","137592200.000000000000000","127518151.099999994039536","126791633.900000005960464","126791633.900000005960464","99.400000000000006","4","mid","2","R1|R9","ราคาตกลง ≥ 95% ของราคากลาง | ราคาผู้ชนะ vs อันดับ 2 < 5%","5","4.100000000000000","บริษัท พี เอ็น คอนสตรัคชั่น แอนด์ บิวดิ้ง จำกัด","บริษัทจำกัด","ยังดำเนินกิจการอยู่","2006","100000000.000000000000000","กรุงเทพมหานคร","เขตประเวศ","ร้านขายปลีกวัสดุก่อสร้างอื่นๆ","47524","1.270000000000000","19","0","กรุงเทพมหานคร","กทม","จ.นครปฐม","latlong","real","13.784554450000000","100.194734299999993","1","1","0","0","0","0","0","1","0","0","100.194734299610658","13.784554449748395"
"285","68089626514","ประกวดราคาจ้างก่อสร้างโครงการก่อสร้างเขื่อนป้องกันตลิ่งริมแม่น้ำท่าจีน หมู่ที่ 1, หมู่ที่ 2 ตำบลอำแพง อำเภอบ้านแพ้ว จังหวัดสมุทรสาคร ความยาว 432 เมตร ด้วยวิธีประกวดราคาอิเล็กทรอนิกส์ (e-bidding)","จ้างก่อสร้าง","กรมโยธาธิการและผังเมือง","ประกวดราคาอิเล็กทรอนิกส์ (e-bidding)","ระหว่างดำเนินการ","5/9/2025","22/12/2025","25/1/2028","บริษัท ว.อมรชัยวิศวกรรม จำกัด","105529041514","1","บริษัท ว.อมรชัยวิศวกรรม จำกัด","0105529041514","1","105000000.000000000000000","104823000.000000000000000","103779000.000000000000000","103779000.000000000000000","99.000000000000000","4","mid","2","R1|R9","ราคาตกลง ≥ 95% ของราคากลาง | ราคาผู้ชนะ vs อันดับ 2 < 5%","3","0.600000000000000","","","","","0.000000000000000","","","","","","","","กรุงเทพมหานคร","กทม","จ.สมุทรสาคร","latlong","real","13.601581229999999","100.193312799999987","1","1","0","0","0","0","0","1","0","0","100.193312800115166","13.601581230255503"
"286","68089634723","ประกวดราคาจ้างก่อสร้างก่อสร้างอาคารกิจกรรมนักศึกษา มหาวิทยาลัยแม่ฟ้าหลวง จำนวน 1 งาน  ด้วยวิธีประกวดราคาอิเล็กทรอนิกส์ (e-bidding)","จ้างก่อสร้าง","มหาวิทยาลัยแม่ฟ้าหลวง","ประกวดราคาอิเล็กทรอนิกส์ (e-bidding)","ระหว่างดำเนินการ","2/10/2025","4/12/2025","22/8/2027","บริษัท บาราน (ไทยแลนด์)  จำกัด","105545032591","1","บริษัท บาราน (ไทยแลนด์)  จำกัด","0105545032591","1","150000000.000000000000000","150061453.199999988079071","141755555.599999994039536","141755555.599999994039536","94.500000000000000","0","low","0","","","3","5.800000000000000","บริษัท บาราน (ไทยแลนด์)  จำกัด","บริษัทจำกัด","ยังดำเนินกิจการอยู่","2002","100000000.000000000000000","กรุงเทพมหานคร","เขตสาทร","การก่อสร้างโครงการสาธารณูปโภคเกี่ยวกับสายส่งไฟฟ้ากำลังและสายสัญญาณสื่อสาร","42202","1.420000000000000","23","1","จ.เชียงราย","ภาค 5","จ.เชียงราย","latlong","real","20.045449570000002","99.894218440000003","1","0","0","0","0","0","0","0","0","0","99.894218439705000","20.045449569710847"
"287","68089661936","ประกวดราคาเช่าอุปกรณ์การเรียนการสอนสำหรับครูและนักเรียนภายใต้โครงการส่งเสริมการเรียนรู้ขั้นพื้นฐานทุกที่ทุกเวลา ประจำปีงบประมาณ พ.ศ.2568 ด้วยวิธีประกวดราคาอิเล็กทรอนิกส์ (e-bidding)","เช่า","สำนักงานคณะกรรมการการศึกษาขั้นพื้นฐาน","ประกวดราคาอิเล็กทรอนิกส์ (e-bidding)","ระหว่างดำเนินการ","19/9/2025","17/11/2025","16/4/2031","บริษัทมหาชนจำกัด บริษัท เอสวีโอเอ จำกัด (มหาชน)(สัญญากิจการค้าร่วม)","107537002001","18","บริษัทมหาชนจำกัด บริษัท เอสวีโอเอ จำกัด (มหาชน)(สัญญากิจการค้าร่วม) | บริษัทมหาชนจำกัด บริษัท อินฟอร์เมชั่น แอนด์ คอมมิวนิเคชั่น เน็ทเวิร์คส จำกัด (มหาชน)(สัญญากิจการค้าร่วม)","0107537002001 | 0107560000184","2","164092950.000000000000000","164092950.000000000000000","164091567.000000000000000","0.000000000000000","100.000000000000000","4","mid","2","R1|R9","ราคาตกลง ≥ 95% ของราคากลาง | ราคาผู้ชนะ vs อันดับ 2 < 5%","2","0.000000000000000","บริษัท เอสวีโอเอ จำกัด (มหาชน)","บริษัทมหาชนจำกัด","ยังดำเนินกิจการอยู่","1994","947000000.000000000000000","กรุงเทพมหานคร","เขตยานนาวา","ร้านขายปลีกคอมพิวเตอร์และอุปกรณ์ต่อพ่วงคอมพิวเตอร์","","","31","1","จ.จันทบุรี","ภาค 2","จ.จันทบุรี","hq","province","12.565439340000001","102.094518899999997","1","1","0","0","0","0","0","1","0","0","102.094518903303594","12.565439343052299"
"288","68089668305","ประกวดราคาจ้างก่อสร้างโครงการก่อสร้างระบบระบายน้ำหลักเพื่อบรรเทาปัญหาน้ำท่วมพื้นที่ชุมชนเมืองสระแก้ว อำเภอเมืองสระแก้ว จังหวัดสระแก้ว ด้วยวิธีประกวดราคาอิเล็กทรอนิกส์ (e-bidding)","จ้างก่อสร้าง","กรมโยธาธิการและผังเมือง","ประกวดราคาอิเล็กทรอนิกส์ (e-bidding)","ระหว่างดำเนินการ","12/9/2025","8/1/2026","21/5/2028","บริษัท ตั้งเจริญ จำกัด","725559001141","8","บริษัท ตั้งเจริญ จำกัด","0725559001141","1","200000000.000000000000000","199700000.000000000000000","198500000.000000000000000","198500000.000000000000000","99.400000000000006","4","mid","2","R1|R9","ราคาตกลง ≥ 95% ของราคากลาง | ราคาผู้ชนะ vs อันดับ 2 < 5%","2","0.600000000000000","","","","","0.000000000000000","","","","","","","","กรุงเทพมหานคร","กทม","จ.สระแก้ว","latlong","real","13.801131770000000","102.078770800000001","1","1","0","0","0","0","0","1","0","0","102.078770800365760","13.801131770089169"
"289","68089698927","จ้างจัดบริการรับส่งผู้โดยสารที่เปลี่ยนถ่ายสายการบินระหว่างท่าอากาศยานสุวรรณภูมิ และท่าอากาศยานดอนเมือง (Airport Bus Link DMK  BKK) โดยวิธีเฉพาะเจาะจง","จ้างทำของ/จ้างเหมาบริการ","บริษัท ท่าอากาศยานไทย จำกัด (มหาชน)","เฉพาะเจาะจง","ระหว่างดำเนินการ","","16/10/2025","31/10/2027","บริษัท วี.อาร์.พี แอดวานซ์  จำกัด","105546153023","3","บริษัท วี.อาร์.พี แอดวานซ์  จำกัด","0105546153023","1","111266009.900000005960464","111266009.900000005960464","111232920.000000000000000","111232920.000000000000000","100.000000000000000","5","high","2","R1|R4","ราคาตกลง ≥ 95% ของราคากลาง | ใช้วิธีเฉพาะเจาะจง","1","","บริษัท วี.อาร์.พี แอดวานซ์  จำกัด","บริษัทจำกัด","ยังดำเนินกิจการอยู่","2003","150000000.000000000000000","กรุงเทพมหานคร","เขตจตุจักร","การให้เช่าและให้เช่าแบบลิสซิ่งยานยนต์ชนิดนั่งส่วนบุคคล รถกระบะรถตู้และรถขนาดเล็กที่คล้ายกัน","","0.740000000000000","","1","จ.สมุทรปราการ","ภาค 1","จ.สมุทรปราการ","hq","province","13.555431870000001","100.574293060000002","1","1","0","1","0","0","0","0","0","0","100.574293064198102","13.555431870735603"
"290","68099012570","จ้าง การจ้างเหมาดำเนินการปฏิบัติงานและบำรุงรักษาระบบ GFMIS (Operation  Maintenance  OM) ประจำปีงบประมาณ พ.ศ. 2569 โดยวิธีเฉพาะเจาะจง","จ้างทำของ/จ้างเหมาบริการ","สำนักงานปลัดกระทรวงการคลัง","เฉพาะเจาะจง","ระหว่างดำเนินการ","","24/10/2025","30/9/2026","บริษัท ธนาคารกรุงไทย จำกัด (มหาชน)","107537000882","2","บริษัท ธนาคารกรุงไทย จำกัด (มหาชน)","0107537000882","1","267156800.000000000000000","267156800.000000000000000","266806800.000000000000000","266806800.000000000000000","99.900000000000006","5","high","2","R1|R4","ราคาตกลง ≥ 95% ของราคากลาง | ใช้วิธีเฉพาะเจาะจง","","","บริษัท ธนาคารกรุงไทย จำกัด (มหาชน)","บริษัทมหาชนจำกัด","ยังดำเนินกิจการอยู่","1994","72005040437.499984741210938","กรุงเทพมหานคร","เขตวัฒนา","ธนาคารพาณิชย์","64191","0.000000000000000","","0","กรุงเทพมหานคร","กทม","กรุงเทพมหานคร","hq","province","13.783494770000001","100.489106459999988","1","1","0","1","0","0","0","0","0","0","100.489106455524080","13.783494774322710"
"292","68099032901","ซื้องานจัดซื้อพร้อมติดตั้งระบบปฏิบัติการย่านความถี่คลื่นแม่เหล็กไฟฟ้าและระบบป้องกันศูนย์บัญชาการร่วม ตามโครงการจัดหาระบบปฏิบัติการย่านความถี่คลื่นแม่เหล็กไฟฟ้าและระบบป้องกันศูนย์บัญชาการร่วม ประจำปีงบประมาณ พ.ศ. ๒๕๖๘  โดยวิธีคัดเลือก","ซื้อ","กองบัญชาการกองทัพไทย","คัดเลือก","ระหว่างดำเนินการ","","30/10/2025","17/4/2028","บริษัท เอ็มโอที  สมาร์ท โซลูชั่นส์ จำกัด","105539127349","1","บริษัท เอ็มโอที  สมาร์ท โซลูชั่นส์ จำกัด","0105539127349","1","800000000.000000000000000","800000000.000000000000000","798500000.000000000000000","798500000.000000000000000","99.799999999999997","5","high","3","R1|R9|R10","ราคาตกลง ≥ 95% ของราคากลาง | ราคาผู้ชนะ vs อันดับ 2 < 5% | ทุนจดทะเบียนต่ำเทียบมูลค่าสัญญา","3","0.100000000000000","บริษัท เอ็มโอที  สมาร์ท โซลูชั่นส์ จำกัด","บริษัทจำกัด","ยังดำเนินกิจการอยู่","1996","100000000.000000000000000","กรุงเทพมหานคร","เขตดอนเมือง","การขายส่งเครื่องจักรและอุปกรณ์อื่นๆซึ่งมิได้จัดประเภทไว้ในที่อื่น","46599","7.990000000000000","","0","กรุงเทพมหานคร","กทม","กรุงเทพมหานคร","hq","province","13.783590610000001","100.489186429999990","1","1","0","0","0","0","0","1","1","0","100.489186427143920","13.783590612546416"
"293","68099037750","ประกวดราคาจ้างก่อสร้างโครงการพัฒนาพื้นที่และปรับปรุงภูมิทัศน์ชุมชนริมแม่น้ำกก ตำบลหนองป่าก่อ อำเภอดอยหลวง จังหวัดเชียงราย ด้วยวิธีประกวดราคาอิเล็กทรอนิกส์ (e-bidding)","จ้างก่อสร้าง","กรมโยธาธิการและผังเมือง","ประกวดราคาอิเล็กทรอนิกส์ (e-bidding)","ระหว่างดำเนินการ","12/9/2025","8/1/2026","1/4/2028","ห้างหุ้นส่วนจำกัด ห้างหุ้นส่วนจำกัด หลิ่มเซ่งพงษ์(สัญญากิจการค้าร่วม)","573516000207","1","ห้างหุ้นส่วนจำกัด ห้างหุ้นส่วนจำกัด หลิ่มเซ่งพงษ์(สัญญากิจการค้าร่วม) | บริษัทจำกัด บริษัท อีคอนเซ็ปต์ คอนสตรัคชั่น จำกัด(สัญญากิจการค้าร่วม)","0573516000207 | 0575564002631","2","160000000.000000000000000","159965000.000000000000000","158600000.000000000000000","80886000.000000000000000","99.099999999999994","4","mid","2","R1|R9","ราคาตกลง ≥ 95% ของราคากลาง | ราคาผู้ชนะ vs อันดับ 2 < 5%","2","0.800000000000000","ห้างหุ้นส่วนจำกัด หลิ่มเซ่งพงษ์","ห้างหุ้นส่วนจำกัด","ยังดำเนินกิจการอยู่","1973","250000000.000000000000000","เชียงราย","พาน","การก่อสร้างอาคารที่ไม่ใช่ที่พักอาศัย","","0.320000000000000","52","1","กรุงเทพมหานคร","กทม","จ.เชียงราย","latlong","real","20.178487120000000","100.130133999999998","1","1","0","0","0","0","0","1","0","0","100.130133999620469","20.178487119615216"
"294","68099064811","ประกวดราคาจ้างก่อสร้างรายการที่ 21. งานก่อสร้างระบบพลังงานสาธารณูปโภคทางการแพทย์และภูมิทัศน์ จำนวน 1 รายการ ด้วยวิธีประกวดราคาอิเล็กทรอนิกส์ (e-bidding)","จ้างก่อสร้าง","มหาวิทยาลัยเชียงใหม่","ประกวดราคาอิเล็กทรอนิกส์ (e-bidding)","ระหว่างดำเนินการ","30/10/2025","13/3/2026","7/5/2027","บริษัท ไอเอสโอ เอ็นจิเนียริ่ง จำกัด","105548082433","3","บริษัท ไอเอสโอ เอ็นจิเนียริ่ง จำกัด","0105548082433","1","378906100.000000000000000","336962918.500000000000000","324400000.000000000000000","324400000.000000000000000","96.299999999999997","4","mid","2","R1|R9","ราคาตกลง ≥ 95% ของราคากลาง | ราคาผู้ชนะ vs อันดับ 2 < 5%","3","3.400000000000000","บริษัท ไอเอสโอ เอ็นจิเนียริ่ง จำกัด","บริษัทจำกัด","ยังดำเนินกิจการอยู่","2005","200000000.000000000000000","นนทบุรี","เมืองนนทบุรี","การก่อสร้างอาคารที่ไม่ใช่ที่พักอาศัย","","1.620000000000000","20","1","จ.เชียงใหม่","ภาค 5","จ.เชียงใหม่","latlong","real","18.787027110000000","98.971527870000003","1","1","0","0","0","0","0","1","0","0","98.971527869814182","18.787027109789378"
"295","68099068214","ประกวดราคาซื้อครุภัณฑ์วิทยาศาสตร์ รายการเครื่องมือตรวจอากาศอัตโนมัติ (AWS) เพื่อยกระดับการเตือนภัยพิบัติจากธรรมชาติ กองเครื่องมืออุตุนิยมวิทยา แขวงบางนาใต้ เขตบางนา กรุงเทพมหานคร 43 สถานี ด้วยวิธีประกวดราคาอิเล็กทรอนิกส์ (e-bidding)","ซื้อ","กรมอุตุนิยมวิทยา","ประกวดราคาอิเล็กทรอนิกส์ (e-bidding)","ระหว่างดำเนินการ","22/9/2025","8/1/2026","3/4/2027","บริษัท ไนท แอคเซ็ส จำกัด","105545062385","1","บริษัท ไนท แอคเซ็ส จำกัด","0105545062385","1","133300000.000000000000000","139048383.300000041723251","130892300.000000000000000","130892300.000000000000000","94.099999999999994","3","mid","2","R9|R10","ราคาผู้ชนะ vs อันดับ 2 < 5% | ทุนจดทะเบียนต่ำเทียบมูลค่าสัญญา","3","0.900000000000000","บริษัท ไนท แอคเซ็ส จำกัด","บริษัทจำกัด","ยังดำเนินกิจการอยู่","2002","5000000.000000000000000","กรุงเทพมหานคร","เขตจตุจักร","กิจกรรมการโทรคมนาคมด้านอื่นๆ","","26.180000000000000","23","0","กรุงเทพมหานคร","กทม","กรุงเทพมหานคร","text","province","13.783742419999999","100.489314410000006","1","0","0","0","0","0","0","1","1","0","100.489314413715718","13.783742419863326"
"296","68099081610","เช่าใช้บริการโครงข่ายสื่อสารสำนักบริหารการทะเบียน กรมการปกครอง ประจำปีงบประมาณ พ.ศ. 2569 โดยวิธีเฉพาะเจาะจง","เช่า","กรมการปกครอง","เฉพาะเจาะจง","ระหว่างดำเนินการ","","21/10/2025","30/9/2026","บริษัท โทรคมนาคมแห่งชาติ จำกัด (มหาชน)","107564000014","5","บริษัท โทรคมนาคมแห่งชาติ จำกัด (มหาชน)","0107564000014","1","186180000.000000000000000","186180000.000000000000000","186180000.000000000000000","186180000.000000000000000","100.000000000000000","5","high","2","R1|R4","ราคาตกลง ≥ 95% ของราคากลาง | ใช้วิธีเฉพาะเจาะจง","1","","บริษัท โทรคมนาคมแห่งชาติ จำกัด (มหาชน)","บริษัทมหาชนจำกัด","ยังดำเนินกิจการอยู่","2021","16000000000.000000000000000","กรุงเทพมหานคร","เขตหลักสี่","กิจกรรมการโทรคมนาคมด้านอื่นๆ","","0.010000000000000","","0","กรุงเทพมหานคร","กทม","กรุงเทพมหานคร","hq","province","13.783827329999999","100.489385839999997","1","1","0","1","0","0","0","0","0","0","100.489385844153844","13.783827327119553"
"297","68099091275","ประกวดราคาจ้างก่อสร้างอาคารกองบัญชาการตำรวจภูธรภาค 5 สูง 5 ชั้น (แห่งใหม่) ตำบลหนองหาร อำเภอสันทราย จังหวัดเชียงใหม่ 1 หลัง ด้วยวิธีประกวดราคาอิเล็กทรอนิกส์ (e-bidding)","จ้างก่อสร้าง","สำนักงานตำรวจแห่งชาติ","ประกวดราคาอิเล็กทรอนิกส์ (e-bidding)","ระหว่างดำเนินการ","12/9/2025","26/2/2026","10/2/2029","บริษัท เอส เอส ไอ ดีเวลลอปเม้นท์ จำกัด","105561134212","4","บริษัท เอส เอส ไอ ดีเวลลอปเม้นท์ จำกัด","0105561134212","1","238200000.000000000000000","238200000.000000000000000","237780000.000000000000000","237780000.000000000000000","99.799999999999997","4","mid","2","R1|R9","ราคาตกลง ≥ 95% ของราคากลาง | ราคาผู้ชนะ vs อันดับ 2 < 5%","2","0.200000000000000","บริษัท เอส เอส ไอ ดีเวลลอปเม้นท์ จำกัด","บริษัทจำกัด","ยังดำเนินกิจการอยู่","2018","120000000.000000000000000","กรุงเทพมหานคร","เขตหลักสี่","การก่อสร้างอาคารที่พักอาศัย","","1.980000000000000","7","0","กรุงเทพมหานคร","กทม","จ.เชียงใหม่","latlong","real","18.930817280000003","99.009829760000002","1","1","0","0","0","0","0","1","0","0","99.009829759893080","18.930817279608672"
"298","68099101453","ประกวดราคาจ้างก่อสร้างโครงการก่อสร้างระบบกระจายน้ำภายในตำบลน้ำพุด้วยพลังงานแสงอาทิตย์และพลังงานลม ตำบลน้ำพุ อำเภอเมืองราชบุรี จังหวัดราชบุรี รหัสโครงการ รบ. ๑๔-๓-๐๒๔ ด้วยวิธีประกวดราคาอิเล็กทรอนิกส์ (e-bidding)","จ้างก่อสร้าง","กรมทรัพยากรน้ำ","ประกวดราคาอิเล็กทรอนิกส์ (e-bidding)","ระหว่างดำเนินการ","10/9/2025","12/11/2025","9/8/2026","ห้างหุ้นส่วนจำกัด เจ วี ซี ก่อสร้าง","703541000523","1","ห้างหุ้นส่วนจำกัด เจ วี ซี ก่อสร้าง","0703541000523","1","102895100.000000000000000","102895162.900000005960464","102800000.000000000000000","102800000.000000000000000","99.900000000000006","4","mid","2","R1|R9","ราคาตกลง ≥ 95% ของราคากลาง | ราคาผู้ชนะ vs อันดับ 2 < 5%","3","0.000000000000000","","","","","0.000000000000000","","","","","","","","จ.ราชบุรี","ภาค 7","จ.ราชบุรี","latlong","real","13.540408800000000","99.642081399999995","1","1","0","0","0","0","0","1","0","0","99.642081399731268","13.540408799588553"
"299","68099126202","ประกวดราคาจ้างก่อสร้างโครงการก่อสร้างศูนย์ปฏิบัติการฝนหลวงจังหวัดพะเยา ตำบลบ้านต๊ำ อำเภอเมืองพะเยา จังหวัดพะเยา จำนวน 1 แห่ง ด้วยวิธีประกวดราคาอิเล็กทรอนิกส์ (e-bidding)","จ้างก่อสร้าง","กรมฝนหลวงและการบินเกษตร","ประกวดราคาอิเล็กทรอนิกส์ (e-bidding)","ระหว่างดำเนินการ","22/9/2025","8/1/2026","31/3/2028","บริษัท ไอเอสโอ เอ็นจิเนียริ่ง จำกัด","105548082433","3","บริษัท ไอเอสโอ เอ็นจิเนียริ่ง จำกัด","0105548082433","1","284800000.000000000000000","284800000.000000000000000","284000000.000000000000000","284000000.000000000000000","99.700000000000003","2","low","1","R1","ราคาตกลง ≥ 95% ของราคากลาง","4","7.300000000000000","บริษัท ไอเอสโอ เอ็นจิเนียริ่ง จำกัด","บริษัทจำกัด","ยังดำเนินกิจการอยู่","2005","200000000.000000000000000","นนทบุรี","เมืองนนทบุรี","การก่อสร้างอาคารที่ไม่ใช่ที่พักอาศัย","","1.420000000000000","20","1","กรุงเทพมหานคร","กทม","จ.พะเยา","latlong","real","19.220703020000002","99.794562549999995","1","1","0","0","0","0","0","0","0","0","99.794562549968646","19.220703019867646"
"611","69029132363","จ้างควบคุมงานโครงการควบคุมงานก่อสร้างศูนย์ราชการกระทรวงมหาดไทย ระยะที่ 2 โดยวิธีเฉพาะเจาะจง","จ้าง","สำนักงานปลัดกระทรวงมหาดไทย","จ้างออกแบบหรือควบคุมงานก่อสร้างโดยวิธีเฉพาะเจาะจง","ระหว่างดำเนินการ","","16/4/2026","27/9/2029","บริษัท สโตนเฮ้นจ์ อินเตอร์ จำกัด (มหาชน)","107561000153","1","บริษัท สโตนเฮ้นจ์ อินเตอร์ จำกัด (มหาชน)","0107561000153","1","128629800.000000000000000","105982965.000000000000000","105000000.000000000000000","105000000.000000000000000","99.099999999999994","5","high","2","R4|R1","ใช้วิธีเฉพาะเจาะจง | ราคาตกลง ≥ 95% ของราคากลาง","","","","","","","","","","","","","","","กรุงเทพมหานคร","กทม","","","province","13.777310850000001","100.520815149999990","1","1","0","1","0","0","0","0","0","0","100.520815152490314","13.777310846069753"
"300","68099131981","ประกวดราคาเช่าเช่าใช้อุปกกรณ์การเรียนการสอนสำหรับครูและนักเรียนภายใต้โครงการส่งเสริมการเรียนรู้ขั้นพื้นฐานทุกที่ทุกเวลา ด้วยวิธีประกวดราคาอิเล็กทรอนิกส์ (e-bidding)","เช่า","สำนักงานคณะกรรมการการศึกษาขั้นพื้นฐาน","ประกวดราคาอิเล็กทรอนิกส์ (e-bidding)","ระหว่างดำเนินการ","9/10/2025","17/12/2025","31/12/2030","บริษัท สุพรีม ดิสทิบิวชั่น จำกัด (มหาชน)","107566000291","16","บริษัท สุพรีม ดิสทิบิวชั่น จำกัด (มหาชน)","0107566000291","1","172801860.000000000000000","172801860.000000000000000","172770000.000000000000000","172770000.000000000000000","100.000000000000000","5","high","3","R1|R9|R11","ราคาตกลง ≥ 95% ของราคากลาง | ราคาผู้ชนะ vs อันดับ 2 < 5% | บริษัทจดทะเบียนใหม่ก่อนชนะโครงการ","2","0.000000000000000","บริษัท สุพรีม ดิสทิบิวชั่น จำกัด (มหาชน)","บริษัทมหาชนจำกัด","ยังดำเนินกิจการอยู่","2023","370000000.000000000000000","กรุงเทพมหานคร","เขตบางเขน","การขายส่งคอมพิวเตอร์อุปกรณ์ต่อพ่วงคอมพิวเตอร์และซอฟต์แวร์","","0.470000000000000","2","1","จ.ปราจีนบุรี","ภาค 2","จ.ปราจีนบุรี","hq","province","14.054083150000000","101.366554289999996","1","1","0","0","0","0","0","1","0","1","101.366554293310116","14.054083153622956"
"301","68099138543","ประกวดราคาซื้อครุภัณฑ์วิทยาศาสตร์ รายการเครื่องเรดาร์ตรวจอากาศแบบ S Band ชนิด Dual Polarization พร้อมอุปกรณ์เชื่อมโยงและหอเรดาร์ ที่สถานีอุตุนิยมวิทยาชุมพร  ตำบลท่าตะเภา อำเภอเมืองชุมพร จังหวัดชุมพร 1 เครื่อง ด้วยวิธีประกวดราคาอิเล็กทรอนิกส์ (e-bidding)","ซื้อ","กรมอุตุนิยมวิทยา","ประกวดราคาอิเล็กทรอนิกส์ (e-bidding)","ระหว่างดำเนินการ","24/10/2025","15/1/2026","9/7/2027","บริษัท จีโนแมทช์ จำกัด","105543029577","3","บริษัท จีโนแมทช์ จำกัด","0105543029577","1","425000000.000000000000000","446166666.699999988079071","410987000.000000000000000","410987000.000000000000000","92.099999999999994","2","low","1","R9","ราคาผู้ชนะ vs อันดับ 2 < 5%","3","4.900000000000000","","","","","0.000000000000000","","","","","","","","กรุงเทพมหานคร","กทม","จ.ชุมพร","text","province","10.704096230000001","99.096589420000001","1","0","0","0","0","0","0","1","0","0","99.096589419240928","10.704096225411721"
"302","68099138641","ประกวดราคาซื้อครุภัณฑ์วิทยาศาสตร์ รายการเครื่องเรดาร์ตรวจอากาศแบบ S Band ชนิด Dual Polarization พร้อมอุปกรณ์เชื่อมโยงและหอเรดาร์ ที่สถานีอุตุนิยมวิทยาบึงกาฬ ตำบลไคสี อำเภอเมืองบึงกาฬ จังหวัดบึงกาฬ 1 เครื่อง ด้วยวิธีประกวดราคาอิเล็กทรอนิกส์ (e-bidding)","ซื้อ","กรมอุตุนิยมวิทยา","ประกวดราคาอิเล็กทรอนิกส์ (e-bidding)","ระหว่างดำเนินการ","25/9/2025","9/1/2026","3/7/2027","บริษัท จีโนแมทช์ จำกัด","105543029577","3","บริษัท จีโนแมทช์ จำกัด","0105543029577","1","425000000.000000000000000","446166666.699999988079071","415160000.000000000000000","415160000.000000000000000","93.099999999999994","0","low","0","","","3","10.500000000000000","","","","","0.000000000000000","","","","","","","","กรุงเทพมหานคร","กทม","จ.บึงกาฬ","text","province","18.384096280000001","103.476468529999991","1","0","0","0","0","0","0","0","0","0","103.476468533181873","18.384096277359383"
"303","68099138724","ประกวดราคาซื้อครุภัณฑ์วิทยาศาสตร์ รายการเครื่องเรดาร์ตรวจอากาศแบบ S Band ชนิด Dual Polarization พร้อมอุปกรณ์เชื่อมโยงและหอเรดาร์ ที่สถานีอุตุนิยมวิทยาพิษณุโลก ตำบลท่าทอง อำเภอเมืองพิษณุโลก จังหวัดพิษณุโลก 1 เครื่อง ด้วยวิธีประกวดราคาอิเล็กทรอนิกส์ (e-bidding)","ซื้อ","กรมอุตุนิยมวิทยา","ประกวดราคาอิเล็กทรอนิกส์ (e-bidding)","ระหว่างดำเนินการ","24/10/2025","15/1/2026","9/7/2027","บริษัท มาร์วิน เทคโนโลยีส์ จำกัด","105551041947","2","บริษัท มาร์วิน เทคโนโลยีส์ จำกัด","0105551041947","1","425000000.000000000000000","446166666.699999988079071","408954000.000000000000000","408954000.000000000000000","91.700000000000003","1","low","1","R10","ทุนจดทะเบียนต่ำเทียบมูลค่าสัญญา","3","5.000000000000000","บริษัท มาร์วิน เทคโนโลยีส์ จำกัด","บริษัทจำกัด","ยังดำเนินกิจการอยู่","2008","70000000.000000000000000","กรุงเทพมหานคร","เขตคลองสาน","การขายส่งเครื่องจักรและอุปกรณ์อื่นๆซึ่งมิได้จัดประเภทไว้ในที่อื่น","","5.840000000000000","17","0","กรุงเทพมหานคร","กทม","จ.พิษณุโลก","text","province","16.824096330000003","100.266498870000007","1","0","0","0","0","0","0","0","1","0","100.266498872400831","16.824096327023039"
"304","68099138830","ประกวดราคาซื้อครุภัณฑ์วิทยาศาสตร์ รายการปรับปรุงเครื่องมือตรวจอากาศการบิน ที่ท่าอากาศยานสุวรรณภูมิ ตำบลราชาเทวะ อำเภอบางพลี จังหวัดสมุทรปราการ 1 ระบบ ด้วยวิธีประกวดราคาอิเล็กทรอนิกส์ (e-bidding)","ซื้อ","กรมอุตุนิยมวิทยา","ประกวดราคาอิเล็กทรอนิกส์ (e-bidding)","ระหว่างดำเนินการ","24/10/2025","2/2/2026","27/7/2027","บริษัท เอเซียเมท จำกัด","105530060373","3","บริษัท เอเซียเมท จำกัด","0105530060373","1","395000000.000000000000000","408486666.699999988079071","385914300.000000000000000","385914300.000000000000000","94.500000000000000","2","low","1","R9","ราคาผู้ชนะ vs อันดับ 2 < 5%","3","1.000000000000000","","","","","0.000000000000000","","","","","","","","กรุงเทพมหานคร","กทม","จ.สมุทรปราการ","text","province","13.604096380000000","100.576551940000002","1","0","0","0","0","0","0","1","0","0","100.576551941760414","13.604096379851896"
"305","68099139127","ประกวดราคาจ้างก่อสร้างระบบประปาบาดาลพร้อมอุปกรณ์ โครงการพัฒนาน้ำบาดาลเพื่อความมั่นคงระดับชุมชน จำนวน ๘๑ แห่ง ประจำปีงบประมาณ พ.ศ. ๒๕๖๙ ด้วยวิธีประกวดราคาอิเล็กทรอนิกส์ (e-bidding)","จ้างก่อสร้าง","กรมทรัพยากรน้ำบาดาล","ประกวดราคาอิเล็กทรอนิกส์ (e-bidding)","ระหว่างดำเนินการ","12/9/2025","25/11/2025","25/3/2026","บริษัท เวิลด์ เอ็นเตอร์ไพรส์ จำกัด","905559005462","1","บริษัท เวิลด์ เอ็นเตอร์ไพรส์ จำกัด | ห้างหุ้นส่วนจำกัด ชลธร ซัพพลาย | บริษัท โกลบอล วอเตอร์ ไลฟ์ จำกัด | บริษัท โซลาร์ตรอน จำกัด (มหาชน) | บริษัท อินเตอร์ วอเตอร์ ทรีทเม้นท์ จำกัด | บริษัท วรรณา จีระ  จำกัด","0905559005462 | 0703547000274 | 0105564049721 | 0107547000877 | 0705534000248 | 0105550118440","6","417069000.000000000000000","427819000.000000000000000","185208596.000000000000000","5140000.000000000000000","43.299999999999997","2","low","1","R9","ราคาผู้ชนะ vs อันดับ 2 < 5%","2","0.000000000000000","","","","","0.000000000000000","","","","","","","","กรุงเทพมหานคร","กทม","จ.เชียงราย","latlong","real","19.605359790000001","99.863566989999995","1","0","0","0","0","0","0","1","0","0","99.863566989759590","19.605359789711596"
"306","68099139489","ประกวดราคาซื้อครุภัณฑ์วิทยาศาสตร์ รายการเครื่องมือตรวจอากาศอัตโนมัติ (AWS) กรมอุตุนิยมวิทยา แขวงบางนาใต้ เขตบางนา กรุงเทพมหานคร  83 สถานี ด้วยวิธีประกวดราคาอิเล็กทรอนิกส์ (e-bidding)","ซื้อ","กรมอุตุนิยมวิทยา","ประกวดราคาอิเล็กทรอนิกส์ (e-bidding)","ระหว่างดำเนินการ","24/10/2025","16/1/2026","8/9/2027","บริษัท เอเซียเมท จำกัด","105530060373","3","บริษัท เอเซียเมท จำกัด","0105530060373","1","257300000.000000000000000","273443333.300000011920929","249759400.000000000000000","249759400.000000000000000","91.299999999999997","2","low","1","R9","ราคาผู้ชนะ vs อันดับ 2 < 5%","3","1.300000000000000","","","","","0.000000000000000","","","","","","","","กรุงเทพมหานคร","กทม","กรุงเทพมหานคร","text","province","13.754098080000000","100.516548589999999","1","0","0","0","0","0","0","1","0","0","100.516548586082095","13.754098074957854"
"307","68099139585","ประกวดราคาซื้อครุภัณฑ์วิทยาศาสตร์ รายการระบบตรวจวัดอุตุนิยมวิทยาเพื่อการเกษตรดิจิทัลของประเทศไทย กรมอุตุนิยมวิทยา แขวงบางนาใต้ เขตบางนา กรุงเทพมหานคร 1 ระบบ ด้วยวิธีประกวดราคาอิเล็กทรอนิกส์ (e-bidding)","ซื้อ","กรมอุตุนิยมวิทยา","ประกวดราคาอิเล็กทรอนิกส์ (e-bidding)","ระหว่างดำเนินการ","24/10/2025","29/1/2026","21/9/2027","บริษัท เอเซียเมท จำกัด","105530060373","3","บริษัท เอเซียเมท จำกัด","0105530060373","1","650000000.000000000000000","661666666.700000166893005","631300000.000000000000000","631300000.000000000000000","95.400000000000006","2","low","1","R1","ราคาตกลง ≥ 95% ของราคากลาง","4","21.899999999999999","","","","","0.000000000000000","","","","","","","","กรุงเทพมหานคร","กทม","กรุงเทพมหานคร","text","province","13.754098129999999","100.516548549999996","1","1","0","0","0","0","0","0","0","0","100.516548552844426","13.754098127311234"
"308","68099143508","ประกวดราคาเช่าการเช่าใช้อุปกรณ์การเรียนการสอน สำหรับครูและนักเรียน ภายใต้โครงการส่งเสริมการเรียนรู้ขั้นพื้นฐานทุกที่ทุกเวลา ด้วยวิธีประกวดราคาอิเล็กทรอนิกส์ (e-bidding)","เช่า","สำนักงานคณะกรรมการการศึกษาขั้นพื้นฐาน","ประกวดราคาอิเล็กทรอนิกส์ (e-bidding)","ระหว่างดำเนินการ","24/9/2025","11/12/2025","28/2/2031","บริษัท เอสวีโอเอ จำกัด (มหาชน)","107537002001","18","บริษัท เอสวีโอเอ จำกัด (มหาชน)","0107537002001","1","138749310.000000000000000","138749310.000000000000000","138747848.300000041723251","138747848.300000041723251","100.000000000000000","4","mid","2","R1|R9","ราคาตกลง ≥ 95% ของราคากลาง | ราคาผู้ชนะ vs อันดับ 2 < 5%","2","0.000000000000000","บริษัท เอสวีโอเอ จำกัด (มหาชน)","บริษัทมหาชนจำกัด","ยังดำเนินกิจการอยู่","1994","947000000.000000000000000","กรุงเทพมหานคร","เขตยานนาวา","ร้านขายปลีกคอมพิวเตอร์และอุปกรณ์ต่อพ่วงคอมพิวเตอร์","","0.150000000000000","31","1","จ.กำแพงเพชร","ภาค 6","จ.กำแพงเพชร","hq","province","16.484155680000001","99.516462610000005","1","1","0","0","0","0","0","1","0","0","99.516462609164122","16.484155681493263"
"309","68099147434","ประกวดราคาจ้างก่อสร้างทำนบดินหัวงานและอาคารประกอบ โครงการอ่างเก็บน้ำห้วยแม่เคียน อันเนื่องมาจากพระราชดำริ ตำบลปงเตา อำเภองาว จังหวัดลำปาง ด้วยวิธีประกวดราคาอิเล็กทรอนิกส์ (e-bidding)","จ้างก่อสร้าง","กรมชลประทาน","ประกวดราคาอิเล็กทรอนิกส์ (e-bidding)","ระหว่างดำเนินการ","25/9/2025","4/3/2026","","ห้างหุ้นส่วนจำกัด พินิจอุดรก่อสร้าง","413524000050","1","ห้างหุ้นส่วนจำกัด พินิจอุดรก่อสร้าง","0413524000050","1","480000000.000000000000000","427355563.100000023841858","427112000.000000000000000","427112000.000000000000000","99.900000000000006","4","mid","2","R1|R9","ราคาตกลง ≥ 95% ของราคากลาง | ราคาผู้ชนะ vs อันดับ 2 < 5%","3","0.000000000000000","","","","","0.000000000000000","","","","","","","","กรุงเทพมหานคร","กทม","จ.พะเยา","latlong","real","18.851165869999999","99.931147640000006","1","1","0","0","0","0","0","1","0","0","99.931147640249364","18.851165869668009"
"310","68099155760","ประกวดราคาเช่าเช่าใช้อุปกรณ์การเรียนการสอนสำหรับครูและนักเรียนภายใต้โครงการส่งเสริมการเรียนรู้ขั้นพื้นฐานทุกที่ทุกเวลา ประจำปีงบประมาณ พ.ศ. ๒๕๖๘ ด้วยวิธีประกวดราคาอิเล็กทรอนิกส์ (e-bidding)","เช่า","สำนักงานคณะกรรมการการศึกษาขั้นพื้นฐาน","ประกวดราคาอิเล็กทรอนิกส์ (e-bidding)","ระหว่างดำเนินการ","22/9/2025","17/11/2025","18/11/2030","บริษัท เอสวีโอเอ จำกัด (มหาชน)","107537002001","18","บริษัท เอสวีโอเอ จำกัด (มหาชน)","0107537002001","1","115897320.000000000000000","115897320.000000000000000","115896099.000000000000000","115896099.000000000000000","100.000000000000000","4","mid","2","R1|R9","ราคาตกลง ≥ 95% ของราคากลาง | ราคาผู้ชนะ vs อันดับ 2 < 5%","2","0.000000000000000","บริษัท เอสวีโอเอ จำกัด (มหาชน)","บริษัทมหาชนจำกัด","ยังดำเนินกิจการอยู่","1994","947000000.000000000000000","กรุงเทพมหานคร","เขตยานนาวา","ร้านขายปลีกคอมพิวเตอร์และอุปกรณ์ต่อพ่วงคอมพิวเตอร์","","0.120000000000000","31","1","จ.ฉะเชิงเทรา","ภาค 2","จ.ฉะเชิงเทรา","hq","province","13.694227590000001","101.076458770000002","1","1","0","0","0","0","0","1","0","0","101.076458765834417","13.694227594368824"
"311","68099156024","ประกวดราคาจ้างก่อสร้างระบบกระจายน้ำบาดาลเพื่อการเกษตร โครงการพัฒนาน้ำบาดาลเพื่อการเกษตรแปลงใหญ่ พื้นที่ ๕๐๐ ไร่ จำนวน  ๓๘ แห่ง ประจำปีงบประมาณ พ.ศ. ๒๕๖๙ ด้วยวิธีประกวดราคาอิเล็กทรอนิกส์ (e-bidding)","จ้างก่อสร้าง","กรมทรัพยากรน้ำบาดาล","ประกวดราคาอิเล็กทรอนิกส์ (e-bidding)","ระหว่างดำเนินการ","15/9/2025","18/12/2025","17/4/2026","บริษัท ศิริพัทธกฤต จำกัด","205564031251","3","บริษัท ศิริพัทธกฤต จำกัด | บริษัท เจทูบี คอนสตรัคชั่น จำกัด | บริษัท วรรณา จีระ  จำกัด | บริษัท ล็อกซเล่ย์ พร็อพเพอร์ตี้ ดีเวลลอปเม้นท์  จำกัด | บริษัท พี.บี.พี คอนสตรัคชั่น จำกัด | บริษัท รุ่งวิจิตรการช่าง จำกัด | บริษัท โรลลิ่ง คอนเซปต์ อินโนเวชั่น จำกัด | บริษัท เอส.พี.ดรากอนดีเวลลอปเมนท์ จำกัด | บริษัท ดี.ดี. วอเตอร์ คอนสตรัคชั่น จำกัด","0205564031251 | 0715567001201 | 0105550118440 | 0105532033721 | 0105564029533 | 0925563000585 | 0105548047000 | 0485539000117 | 0105566050556","9","443634800.000000000000000","439537900.000000000000000","438384800.000000000000000","11649600.000000000000000","99.700000000000003","4","mid","2","R1|R9","ราคาตกลง ≥ 95% ของราคากลาง | ราคาผู้ชนะ vs อันดับ 2 < 5%","3","0.000000000000000","","","","","0.000000000000000","","","","","","","","กรุงเทพมหานคร","กทม","จ.เชียงราย","latlong","real","19.605359790000001","99.863566989999995","1","1","0","0","0","0","0","1","0","0","99.863566989759590","19.605359789711596"
"312","68099166491","ประกวดราคาจ้างก่อสร้างระบบกระจายน้ำบาดาลเพื่อการเกษตร โครงการพัฒนาน้ำบาดาลเพื่อการเกษตรแปลงใหญ่ พื้นที่ ๓๐๐ ไร่ จำนวน ๔๕ แห่ง ประจำปีงบประมาณ พ.ศ. ๒๕๖๙ ด้วยวิธีประกวดราคาอิเล็กทรอนิกส์ (e-bidding)","จ้างก่อสร้าง","กรมทรัพยากรน้ำบาดาล","ประกวดราคาอิเล็กทรอนิกส์ (e-bidding)","ระหว่างดำเนินการ","15/9/2025","17/12/2025","16/4/2026","บริษัท อินเตอร์ วอเตอร์ ทรีทเม้นท์ จำกัด","705534000248","3","บริษัท อินเตอร์ วอเตอร์ ทรีทเม้นท์ จำกัด | บริษัท เจทูบี คอนสตรัคชั่น จำกัด | บริษัท ล็อกซเล่ย์ พร็อพเพอร์ตี้ ดีเวลลอปเม้นท์  จำกัด | บริษัท สหไทยสากล กรุ๊ป จำกัด | บริษัท โรลลิ่ง คอนเซปต์ อินโนเวชั่น จำกัด | บริษัท ศิริพัทธกฤต จำกัด | บริษัท ธรรมมาดี จำกัด | บริษัท เอส.พี.ดรากอนดีเวลลอปเมนท์ จำกัด","0705534000248 | 0715567001201 | 0105532033721 | 0485539000095 | 0105548047000 | 0205564031251 | 0105533138411 | 0485539000117","8","267687000.000000000000000","264416400.000000000000000","263732237.000000000000000","5922557.000000000000000","99.700000000000003","4","mid","2","R1|R9","ราคาตกลง ≥ 95% ของราคากลาง | ราคาผู้ชนะ vs อันดับ 2 < 5%","3","0.000000000000000","บริษัท อินเตอร์ วอเตอร์ ทรีทเม้นท์ จำกัด","บริษัทจำกัด","ยังดำเนินกิจการอยู่","1991","13000000.000000000000000","ขอนแก่น","เมืองขอนแก่น","กิจกรรมการก่อสร้างเฉพาะด้านอื่นๆซึ่งมิได้จัดประเภทไว้ในที่อื่น","","0.460000000000000","34","1","กรุงเทพมหานคร","กทม","จ.ลำพูน","latlong","real","18.554423320000001","98.798992730000009","1","1","0","0","0","0","0","1","0","0","98.798992730072428","18.554423319836907"
"313","68099167926","ประกวดราคาจ้างก่อสร้างระบบกระจายน้ำบาดาลเพื่อการเกษตร โครงการพัฒนาน้ำบาดาลเพื่อการเกษตรด้วยพลังงานแสงอาทิตย์ พื้นที่ ๖๐ ไร่ จำนวน ๑๙๘ แห่ง ประจำปีงบประมาณ พ.ศ. ๒๕๖๙ ด้วยวิธีประกวดราคาอิเล็กทรอนิกส์ (e-bidding)","จ้างก่อสร้าง","กรมทรัพยากรน้ำบาดาล","ประกวดราคาอิเล็กทรอนิกส์ (e-bidding)","ระหว่างดำเนินการ","16/9/2025","18/12/2025","17/4/2026","บริษัท อินเตอร์ วอเตอร์ ทรีทเม้นท์ จำกัด","705534000248","3","บริษัท อินเตอร์ วอเตอร์ ทรีทเม้นท์ จำกัด | บริษัท ไฮโดร เอ็นจิเนียริ่ง จำกัด | บริษัท มินเซนแมชีนเนอรี่ จำกัด | บริษัท ล็อกซเล่ย์ พร็อพเพอร์ตี้ ดีเวลลอปเม้นท์  จำกัด | บริษัท รุ่งวิจิตรการช่าง จำกัด | บริษัทจำกัด บริษัท พีเจ โซลาร์เทค (ประเทศไทย) จำกัด(สัญญากิจการค้าร่วม) | ห้างหุ้นส่วนจำกัด ห้างหุ้นส่วนจำกัด ประจักษ์พิบูล(สัญญากิจการค้าร่วม) | บริษัท พี.บี.พี คอนสตรัคชั่น จำกัด | บริษัท ฟร้อนท์ไลน์ เอ็นจิเนียริ่ง จำกัด (มหาชน) | บริษัท สหชลทิศ  จำกัด","0705534000248 | 0105536144072 | 0105499000548 | 0105532033721 | 0925563000585 | 0345561002101 | 0343533000378 | 0105564029533 | 0107568000175 | 0845536000791","10","306801000.000000000000000","304928100.000000000000000","285357841.000000000000000","26311407.000000000000000","93.599999999999994","2","low","1","R9","ราคาผู้ชนะ vs อันดับ 2 < 5%","4","0.000000000000000","บริษัท อินเตอร์ วอเตอร์ ทรีทเม้นท์ จำกัด","บริษัทจำกัด","ยังดำเนินกิจการอยู่","1991","13000000.000000000000000","ขอนแก่น","เมืองขอนแก่น","กิจกรรมการก่อสร้างเฉพาะด้านอื่นๆซึ่งมิได้จัดประเภทไว้ในที่อื่น","","2.020000000000000","34","1","กรุงเทพมหานคร","กทม","จ.น่าน","latlong","real","18.700462389999998","100.675869899999995","1","0","0","0","0","0","0","1","0","0","100.675869899659915","18.700462390255741"
"314","68099168741","ประกวดราคาเช่าเช่าใช้อุปกรณ์การเรียนการสอนสำหรับครูและนักเรียนสำหรับครูและนักเรียนภายใต้โครงการส่งเสริมการเรียนรู้ขั้นพื้นฐานทุกที่ทุกเวลา  ประจำปีงบประมาณ พ.ศ. 2568 ด้วยวิธีประกวดราคาอิเล็กทรอนิกส์ (e-bidding)","เช่า","สำนักงานคณะกรรมการการศึกษาขั้นพื้นฐาน","ประกวดราคาอิเล็กทรอนิกส์ (e-bidding)","ระหว่างดำเนินการ","24/9/2025","15/12/2025","30/4/2031","บริษัท เอสวีโอเอ จำกัด (มหาชน)","107537002001","18","บริษัท เอสวีโอเอ จำกัด (มหาชน)","0107537002001","1","326643450.000000000000000","327882300.000000000000000","326640008.800000011920929","326640008.800000011920929","99.599999999999994","4","mid","2","R1|R9","ราคาตกลง ≥ 95% ของราคากลาง | ราคาผู้ชนะ vs อันดับ 2 < 5%","2","0.000000000000000","บริษัท เอสวีโอเอ จำกัด (มหาชน)","บริษัทมหาชนจำกัด","ยังดำเนินกิจการอยู่","1994","947000000.000000000000000","กรุงเทพมหานคร","เขตยานนาวา","ร้านขายปลีกคอมพิวเตอร์และอุปกรณ์ต่อพ่วงคอมพิวเตอร์","","0.340000000000000","31","1","จ.ตรัง","ภาค 9","จ.ตรัง","hq","province","7.704300330000000","99.776479009999989","1","1","0","0","0","0","0","1","0","0","99.776479007853496","7.704300328264041"
"315","68099169732","ประกวดราคาจ้างก่อสร้างโครงการก่อสร้างศูนย์ปฏิบัติการพัฒนาฝนหลวงพื้นที่ทุ่งกุลาร้องไห้ ตำบลนางรอง อำเภอนางรอง จังหวัดบุรีรัมย์ จำนวน 1 แห่ง ด้วยวิธีประกวดราคาอิเล็กทรอนิกส์ (e-bidding)","จ้างก่อสร้าง","กรมฝนหลวงและการบินเกษตร","ประกวดราคาอิเล็กทรอนิกส์ (e-bidding)","ระหว่างดำเนินการ","22/9/2025","15/1/2026","1/4/2028","บริษัท ไอเอสโอ เอ็นจิเนียริ่ง จำกัด","105548082433","3","บริษัท ไอเอสโอ เอ็นจิเนียริ่ง จำกัด","0105548082433","1","485000000.000000000000000","485000000.000000000000000","484000000.000000000000000","484000000.000000000000000","99.799999999999997","2","low","1","R1","ราคาตกลง ≥ 95% ของราคากลาง","4","7.800000000000000","บริษัท ไอเอสโอ เอ็นจิเนียริ่ง จำกัด","บริษัทจำกัด","ยังดำเนินกิจการอยู่","2005","200000000.000000000000000","นนทบุรี","เมืองนนทบุรี","การก่อสร้างอาคารที่ไม่ใช่ที่พักอาศัย","","2.420000000000000","20","1","กรุงเทพมหานคร","กทม","จ.บุรีรัมย์","latlong","real","14.660389880000000","102.787362299999998","1","1","0","0","0","0","0","0","0","0","102.787362299822803","14.660389880323214"
"316","68099169831","ประกวดราคาจ้างก่อสร้างระบบประปาบาดาลพร้อมอุปกรณ์ โครงการจัดหาแหล่งน้ำบาดาลระยะไกลเพื่อแก้ปัญหาในพื้นที่ขาดแคลนน้ำหรือน้ำเค็ม จำนวน ๑๗ แห่ง ประจำปีงบประมาณ พ.ศ. ๒๕๖๙ ด้วยวิธีประกวดราคาอิเล็กทรอนิกส์ (e-bidding)","จ้างก่อสร้าง","กรมทรัพยากรน้ำบาดาล","ประกวดราคาอิเล็กทรอนิกส์ (e-bidding)","ระหว่างดำเนินการ","12/9/2025","24/11/2025","24/3/2026","บริษัท พี.บี.พี คอนสตรัคชั่น จำกัด","105564029533","4","บริษัท พี.บี.พี คอนสตรัคชั่น จำกัด | บริษัท โกลบอล วอเตอร์ ไลฟ์ จำกัด | บริษัท สหไทยสากล กรุ๊ป จำกัด | บริษัท สหชลทิศ  จำกัด | บริษัท โรลลิ่ง คอนเซปต์ อินโนเวชั่น จำกัด | บริษัท ฟร้อนท์ไลน์ เอ็นจิเนียริ่ง จำกัด (มหาชน) | บริษัท มินเซนแมชีนเนอรี่ จำกัด","0105564029533 | 0105564049721 | 0485539000095 | 0845536000791 | 0105548047000 | 0107568000175 | 0105499000548","7","168896700.000000000000000","168836600.000000000000000","168366776.000000000000000","39655000.000000000000000","99.700000000000003","4","mid","2","R1|R9","ราคาตกลง ≥ 95% ของราคากลาง | ราคาผู้ชนะ vs อันดับ 2 < 5%","2","0.000000000000000","","","","","0.000000000000000","","","","","","","","กรุงเทพมหานคร","กทม","จ.สุพรรณบุรี","latlong","real","14.241686560000000","100.077225200000001","1","1","0","0","0","0","0","1","0","0","100.077225200289561","14.241686559840552"
"317","68099175903","ประกวดราคาเช่าเช่าใช้อุปกรณ์การเรียนการสอนสำหรับครูและนักเรียนภายใต้โครงการส่งเสริมการเรียนรู้ขั้นพื้นฐานทุกที่ทุกเวลา ประจำปีงบประมาณ พ.ศ.2568 ด้วยวิธีประกวดราคาอิเล็กทรอนิกส์ (e-bidding)","เช่า","สำนักงานคณะกรรมการการศึกษาขั้นพื้นฐาน","ประกวดราคาอิเล็กทรอนิกส์ (e-bidding)","ระหว่างดำเนินการ","23/9/2025","26/12/2025","30/4/2031","บริษัท เมโทรโปรเฟสชั่นแนลโปรดักส์ จำกัด","105535119244","4","บริษัท เมโทรโปรเฟสชั่นแนลโปรดักส์ จำกัด","0105535119244","1","210224070.000000000000000","210224070.000000000000000","209028105.000000000000000","209028105.000000000000000","99.400000000000006","4","mid","2","R1|R9","ราคาตกลง ≥ 95% ของราคากลาง | ราคาผู้ชนะ vs อันดับ 2 < 5%","3","0.100000000000000","","","","","0.000000000000000","","","","","","","","จ.พังงา","ภาค 8","จ.พังงา","hq","province","8.524361400000000","98.516430650000004","1","1","0","0","0","0","0","1","0","0","98.516430646147569","8.524361403230376"
"612","69029157399","ซื้อIR Homing MANPADS with Support Equipment จำนวน 18 Set โดยวิธีเฉพาะเจาะจง","ซื้อ","กองทัพอากาศ","เฉพาะเจาะจง","ระหว่างดำเนินการ","","24/4/2026","19/4/2027","บริษัท สกายไฮ จำกัด","105553073951","1","บริษัท สกายไฮ จำกัด","0105553073951","1","127800000.000000000000000","127400000.000000000000000","127400000.000000000000000","127400000.000000000000000","100.000000000000000","5","high","2","R4|R1","ใช้วิธีเฉพาะเจาะจง | ราคาตกลง ≥ 95% ของราคากลาง","","","","","","","","","","","","","","","กรุงเทพมหานคร","กทม","","","province","13.777342970000001","100.520898389999999","1","1","0","1","0","0","0","0","0","0","100.520898388587909","13.777342973886334"
"318","68099188871","ประกวดราคาจ้างศึกษา สำรวจ และประเมินศักยภาพน้ำบาดาล ประเมินปริมาณน้ำผิวดิน และออกแบบระบบพัฒนาน้ำบาดาลร่วมกับน้ำผิวดิน จำนวน ๑ งาน โครงการศึกษา สำรวจ และประเมินศักยภาพน้ำบาดาล เพื่อการจัดการทรัพยากรน้ำบาดาลร่วมกับน้ำผิวดินสนับสนุนเกษตรแปลงใหญ่ พื้นที่ภาคตะวันออกเฉียงเหนือ ระยะที่ ๑ ด้วยวิธีประกวดราคาอิเล็กทรอนิกส์ (e-bidding)","จ้างทำของ/จ้างเหมาบริการ","กรมทรัพยากรน้ำบาดาล","ประกวดราคาอิเล็กทรอนิกส์ (e-bidding)","ระหว่างดำเนินการ","12/9/2025","24/11/2025","14/11/2027","บริษัท วอเตอร์ ดีเว็ลลัฟเม็นท์ คอนซัลแท็นส์ กรุ๊ป จำกัด","105534097085","1","บริษัท วอเตอร์ ดีเว็ลลัฟเม็นท์ คอนซัลแท็นส์ กรุ๊ป จำกัด","0105534097085","1","162559700.000000000000000","162863144.699999988079071","162475220.000000000000000","162475220.000000000000000","99.799999999999997","4","mid","2","R1|R9","ราคาตกลง ≥ 95% ของราคากลาง | ราคาผู้ชนะ vs อันดับ 2 < 5%","2","0.000000000000000","","","","","0.000000000000000","","","","","","","","กรุงเทพมหานคร","กทม","กรุงเทพมหานคร","hq","province","13.754432470000001","100.516317839999999","1","1","0","0","0","0","0","1","0","0","100.516317841224961","13.754432474011807"
"319","68099189217","จ้างบริการโครงข่ายสื่อสารความเร็วสูงรวมอุปกรณ์ต่อพ่วง สำหรับระบบโทรทัศน์วงจรปิด (CCTV System) และเทคโนโลยีอื่นที่เหมาะสมเพื่อการควบคุมทางศุลกากร รองรับการเข้าสู่ประชาคมเศรษฐกิจอาเซียน (AEC) ประจำปีงบประมาณ พ.ศ. ๒๕๖๙ โดยวิธีเฉพาะเจาะจง","จ้างทำของ/จ้างเหมาบริการ","กรมศุลกากร","เฉพาะเจาะจง","ระหว่างดำเนินการ","","31/10/2025","30/9/2026","บริษัท โทรคมนาคมแห่งชาติ จำกัด (มหาชน)","107564000014","5","บริษัท โทรคมนาคมแห่งชาติ จำกัด (มหาชน)","0107564000014","1","116400000.000000000000000","116400000.000000000000000","111550000.000000000000000","111550000.000000000000000","95.799999999999997","5","high","2","R1|R4","ราคาตกลง ≥ 95% ของราคากลาง | ใช้วิธีเฉพาะเจาะจง","1","","บริษัท โทรคมนาคมแห่งชาติ จำกัด (มหาชน)","บริษัทมหาชนจำกัด","ยังดำเนินกิจการอยู่","2021","16000000000.000000000000000","กรุงเทพมหานคร","เขตหลักสี่","กิจกรรมการโทรคมนาคมด้านอื่นๆ","","0.010000000000000","","0","กรุงเทพมหานคร","กทม","กรุงเทพมหานคร","hq","province","13.754433960000000","100.516316869999997","1","1","0","1","0","0","0","0","0","0","100.516316868349492","13.754433961717913"
"320","68099193683","จ้างซ่อมบำรุงรักษาอากาศยานปีกหมุน (ลำ ๑ - ๒) ประจำปีงบประมาณ พ.ศ. ๒๕๖๘     โดยวิธีเฉพาะเจาะจง","จ้างทำของ/จ้างเหมาบริการ","กรมป้องกันและบรรเทาสาธารณภัย","เฉพาะเจาะจง","ระหว่างดำเนินการ","","18/11/2025","18/11/2026","บริษัท ดาต้าเกท  จำกัด","105543065620","2","บริษัท ดาต้าเกท  จำกัด","0105543065620","1","173345800.000000000000000","173345800.000000000000000","173345800.000000000000000","173345800.000000000000000","100.000000000000000","5","high","2","R1|R4","ราคาตกลง ≥ 95% ของราคากลาง | ใช้วิธีเฉพาะเจาะจง","1","","บริษัท ดาต้าเกท  จำกัด","บริษัทจำกัด","ยังดำเนินกิจการอยู่","2000","500000000.000000000000000","กรุงเทพมหานคร","เขตดุสิต","การผลิตหัวรถจักรและตู้สำหรับขนส่งทางรถไฟหรือรถราง","","0.350000000000000","","0","กรุงเทพมหานคร","กทม","กรุงเทพมหานคร","hq","province","13.754488490000000","100.516279929999996","1","1","0","1","0","0","0","0","0","0","100.516279926930054","13.754488485922213"
"321","68099197501","ประกวดราคาเช่าเช่าใช้อุปกรณ์การเรียนการสอนสำหรับครูและนักเรียน ด้วยวิธีประกวดราคาอิเล็กทรอนิกส์ (e-bidding)","เช่า","สำนักงานคณะกรรมการการศึกษาขั้นพื้นฐาน","ประกวดราคาอิเล็กทรอนิกส์ (e-bidding)","ระหว่างดำเนินการ","2/10/2025","24/12/2025","9/4/2031","บริษัท สุพรีม ดิสทิบิวชั่น จำกัด (มหาชน)","107566000291","16","บริษัท สุพรีม ดิสทิบิวชั่น จำกัด (มหาชน)","0107566000291","1","301584570.000000000000000","301584570.000000000000000","301550000.000000000000000","301550000.000000000000000","100.000000000000000","5","high","3","R1|R9|R11","ราคาตกลง ≥ 95% ของราคากลาง | ราคาผู้ชนะ vs อันดับ 2 < 5% | บริษัทจดทะเบียนใหม่ก่อนชนะโครงการ","2","0.000000000000000","บริษัท สุพรีม ดิสทิบิวชั่น จำกัด (มหาชน)","บริษัทมหาชนจำกัด","ยังดำเนินกิจการอยู่","2023","370000000.000000000000000","กรุงเทพมหานคร","เขตบางเขน","การขายส่งคอมพิวเตอร์อุปกรณ์ต่อพ่วงคอมพิวเตอร์และซอฟต์แวร์","","0.810000000000000","2","1","จ.กาฬสินธุ์","ภาค 4","จ.กาฬสินธุ์","hq","province","16.434495519999999","103.506228130000011","1","1","0","0","0","0","0","1","0","1","103.506228129424983","16.434495522407389"
"322","68099207037","ประกวดราคาเช่าเช่าใช้อุปกรณ์การเรียนการสอนสำหรับครูและนักเรียน ภายใต้โครงการส่งเสริมการเรียนรู้ขั้นพื้นฐานทุกที่ทุกเวลา ประจำปีงบประมาณ พ.ศ. 2568 ด้วยวิธีประกวดราคาอิเล็กทรอนิกส์ (e-bidding)","เช่า","สำนักงานคณะกรรมการการศึกษาขั้นพื้นฐาน","ประกวดราคาอิเล็กทรอนิกส์ (e-bidding)","ระหว่างดำเนินการ","17/9/2025","17/12/2025","30/4/2031","บริษัท เอสวีโอเอ จำกัด (มหาชน)","107537002001","18","บริษัท เอสวีโอเอ จำกัด (มหาชน)","0107537002001","1","164211600.000000000000000","164211600.000000000000000","164209870.000000000000000","164209870.000000000000000","100.000000000000000","4","mid","2","R1|R9","ราคาตกลง ≥ 95% ของราคากลาง | ราคาผู้ชนะ vs อันดับ 2 < 5%","2","0.000000000000000","บริษัท เอสวีโอเอ จำกัด (มหาชน)","บริษัทมหาชนจำกัด","ยังดำเนินกิจการอยู่","1994","947000000.000000000000000","กรุงเทพมหานคร","เขตยานนาวา","ร้านขายปลีกคอมพิวเตอร์และอุปกรณ์ต่อพ่วงคอมพิวเตอร์","","0.170000000000000","31","1","จ.ลำปาง","ภาค 5","จ.ลำปาง","hq","province","18.296076880000001","99.485155450000008","1","1","0","0","0","0","0","1","0","0","99.485155448350113","18.296076878003912"
"323","68099218030","ประกวดราคาเช่ารถโดยสารประจำทางปรับอากาศพลังงานสะอาด (EV) ด้วยวิธีประกวดราคาอิเล็กทรอนิกส์ (e-bidding)","เช่า","องค์การขนส่งมวลชนกรุงเทพ","ประกวดราคาอิเล็กทรอนิกส์ (e-bidding)","ระหว่างดำเนินการ","18/11/2025","29/1/2026","29/1/2033","บริษัท นครชัยแอร์ จำกัด","365529000042","1","บริษัท นครชัยแอร์ จำกัด","0365529000042","1","15355600000.000000000000000","15326737242.000000000000000","14905000000.000000000000000","14905000000.000000000000000","97.200000000000003","5","high","3","R1|R9|R10","ราคาตกลง ≥ 95% ของราคากลาง | ราคาผู้ชนะ vs อันดับ 2 < 5% | ทุนจดทะเบียนต่ำเทียบมูลค่าสัญญา","2","0.900000000000000","บริษัท นครชัยแอร์ จำกัด","บริษัทจำกัด","ยังดำเนินกิจการอยู่","1986","780640000.000000000000000","ชัยภูมิ","เมืองชัยภูมิ","การขายส่งชิ้นส่วนและอุปกรณ์เสริมใหม่ของยานยนต์","","19.090000000000000","39","1","กรุงเทพมหานคร","กทม","กรุงเทพมหานคร","hq","province","13.756130720000000","100.515236359999989","1","1","0","0","0","0","0","1","1","0","100.515236358556066","13.756130718848473"
"324","68099219659","ประกวดราคาเช่าการเช่าใช้อุปกรณ์การเรียนการสอนสำหรับครูและนักเรียน ภายใต้โครงการส่งเสริมการเรียนรู้ขั้นพื้นฐานทุกที่ทุกเวลา ประจำปีงบประมาณ พ.ศ.๒๕๖๘ ด้วยวิธีประกวดราคาอิเล็กทรอนิกส์ (e-bidding)","เช่า","สำนักงานคณะกรรมการการศึกษาขั้นพื้นฐาน","ประกวดราคาอิเล็กทรอนิกส์ (e-bidding)","ระหว่างดำเนินการ","25/9/2025","29/12/2025","23/4/2031","บริษัท เอสวีโอเอ จำกัด (มหาชน)","107537002001","18","บริษัท เอสวีโอเอ จำกัด (มหาชน)","0107537002001","1","192046890.000000000000000","192046890.000000000000000","192044866.800000011920929","192044866.800000011920929","100.000000000000000","4","mid","2","R1|R9","ราคาตกลง ≥ 95% ของราคากลาง | ราคาผู้ชนะ vs อันดับ 2 < 5%","2","0.000000000000000","บริษัท เอสวีโอเอ จำกัด (มหาชน)","บริษัทมหาชนจำกัด","ยังดำเนินกิจการอยู่","1994","947000000.000000000000000","กรุงเทพมหานคร","เขตยานนาวา","ร้านขายปลีกคอมพิวเตอร์และอุปกรณ์ต่อพ่วงคอมพิวเตอร์","","0.200000000000000","31","1","จ.ปทุมธานี","ภาค 1","จ.ปทุมธานี","hq","province","14.026132409999999","100.525230010000001","1","1","0","0","0","0","0","1","0","0","100.525230010090709","14.026132406557776"
"325","68099242291","ประกวดราคาซื้อโครงการยกระดับชุดอุปกรณ์ปฏิบัติหน้าที่ (Smart Patrol) ด้วยวิธีประกวดราคาอิเล็กทรอนิกส์ (e-bidding)","ซื้อ","สำนักงานตำรวจแห่งชาติ","ประกวดราคาอิเล็กทรอนิกส์ (e-bidding)","ระหว่างดำเนินการ","22/9/2025","9/1/2026","6/10/2026","บริษัท โซลูชั่น เอ็กซ์เพิร์ท คอร์เปอเรชั่น จำกัด","105558060467","1","บริษัท โซลูชั่น เอ็กซ์เพิร์ท คอร์เปอเรชั่น จำกัด","0105558060467","1","130329500.000000000000000","130227000.000000000000000","130170000.000000000000000","130170000.000000000000000","100.000000000000000","4","mid","2","R1|R9","ราคาตกลง ≥ 95% ของราคากลาง | ราคาผู้ชนะ vs อันดับ 2 < 5%","2","0.000000000000000","","","","","0.000000000000000","","","","","","","","จ.สมุทรปราการ","ภาค 1","จ.สมุทรปราการ","hq","province","13.606277870000000","100.575163490000008","1","1","0","0","0","0","0","1","0","0","100.575163491284229","13.606277865375093"
"613","69029189972","ซื้อระบบต่อต้านอากาศยานไร้คนขับ (Anti-Drone System) ของฐานบินปฏิบัติการหลัก จำนวน 9 ระบบ โดยวิธีเฉพาะเจาะจง","ซื้อ","กองทัพอากาศ","เฉพาะเจาะจง","ระหว่างดำเนินการ","","30/4/2026","27/8/2026","บริษัท จันทร์เกษมอินเตอร์เนทชั่นแนล จำกัด","105523000255","2","บริษัท จันทร์เกษมอินเตอร์เนทชั่นแนล จำกัด","0105523000255","1","810000000.000000000000000","729000000.000000000000000","728740000.000000000000000","728740000.000000000000000","100.000000000000000","5","high","2","R4|R1","ใช้วิธีเฉพาะเจาะจง | ราคาตกลง ≥ 95% ของราคากลาง","","","","","","","","","","","","","","","กรุงเทพมหานคร","กทม","","","province","13.777388530000000","100.521017000000001","1","1","0","1","0","0","0","0","0","0","100.521016997646427","13.777388534235682"
"326","68099247067","ประกวดราคาซื้อครุภัณฑ์วิทยาศาสตร์ รายการเครื่องเรดาร์ตรวจอากาศแบบ S Band ชนิด Dual Polarization พร้อมอุปกรณ์เชื่อมโยงและหอเรดาร์ ที่สถานีอุตุนิยมวิทยากระบี่  ตำบลเหนือคลอง อำเภอเหนือคลอง จังหวัดกระบี่ 1 เครื่อง ด้วยวิธีประกวดราคาอิเล็กทรอนิกส์ (e-bidding)","ซื้อ","กรมอุตุนิยมวิทยา","ประกวดราคาอิเล็กทรอนิกส์ (e-bidding)","ระหว่างดำเนินการ","25/9/2025","9/1/2026","3/7/2027","บริษัท จีโนแมทช์ จำกัด","105543029577","3","บริษัท จีโนแมทช์ จำกัด","0105543029577","1","425000000.000000000000000","446166666.699999988079071","412699000.000000000000000","412699000.000000000000000","92.500000000000000","0","low","0","","","3","9.900000000000000","","","","","0.000000000000000","","","","","","","","กรุงเทพมหานคร","กทม","จ.กระบี่","text","province","8.076284910000000","98.905248889999996","1","0","0","0","0","0","0","0","0","0","98.905248886255961","8.076284910717796"
"327","68099256682","ประกวดราคาจ้างก่อสร้างโครงการพัฒนาพื้นที่ชุมชนตามผังเมืองรวมเมืองกาญจนบุรี อำเภอเมืองกาญจนบุรี จังหวัดกาญจนบุรี ระยะที่ 2 ด้วยวิธีประกวดราคาอิเล็กทรอนิกส์ (e-bidding)","จ้างก่อสร้าง","กรมโยธาธิการและผังเมือง","ประกวดราคาอิเล็กทรอนิกส์ (e-bidding)","ระหว่างดำเนินการ","19/9/2025","30/1/2026","5/4/2028","บริษัท สามัคคีที่ดินและเคหะ จำกัด","125525000333","2","บริษัท สามัคคีที่ดินและเคหะ จำกัด","0125525000333","1","180000000.000000000000000","179850000.000000000000000","178050000.000000000000000","178050000.000000000000000","99.000000000000000","4","mid","2","R1|R9","ราคาตกลง ≥ 95% ของราคากลาง | ราคาผู้ชนะ vs อันดับ 2 < 5%","3","0.600000000000000","","","","","0.000000000000000","","","","","","","","กรุงเทพมหานคร","กทม","จ.กาญจนบุรี","latlong","real","14.046803819999999","99.552021290000013","1","1","0","0","0","0","0","1","0","0","99.552021289605378","14.046803819935377"
"328","68099264946","ประกวดราคาจ้างก่อสร้างก่อสร้างสะพาน คสล.ข้ามคลองบางน้ำจืด หมู่ที่ ๓  ตำบลหนองปรือ  อำเภอบางพลี  จังหวัดสมุทรปราการ ด้วยวิธีประกวดราคาอิเล็กทรอนิกส์ (e-bidding)","จ้างก่อสร้าง","องค์การบริหารส่วนตำบลหนองปรือ","ประกวดราคาอิเล็กทรอนิกส์ (e-bidding)","ระหว่างดำเนินการ","21/10/2025","16/3/2026","10/5/2027","บริษัท ปาล์ม คอน จำกัด","105538044211","1","บริษัท ปาล์ม คอน จำกัด","0105538044211","1","110000000.000000000000000","108470839.700000002980232","108470839.700000002980232","108470839.700000002980232","100.000000000000000","5","high","2","R1|R8","ราคาตกลง ≥ 95% ของราคากลาง | ยื่นรายเดียวใน Open Bid","1","","บริษัท ปาล์ม คอน จำกัด","บริษัทจำกัด","ยังดำเนินกิจการอยู่","1995","60000000.000000000000000","กรุงเทพมหานคร","เขตทวีวัฒนา","การขายส่งวัสดุก่อสร้างอื่นๆซึ่งมิได้จัดประเภทไว้ในที่อื่น","","1.810000000000000","30","1","จ.สมุทรปราการ","ภาค 1","จ.สมุทรปราการ","latlong","real","13.667067209999999","100.788767300000004","1","1","0","0","0","0","1","0","0","0","100.788767299840615","13.667067209590787"
"329","68099265267","ประกวดราคาจ้างก่อสร้างโครงการพัฒนาพื้นที่เฉพาะชุมชนเมืองชะอำและนายาง อำเภอชะอำ จังหวัดเพชรบุรี ระยะที่ 3 ด้วยวิธีประกวดราคาอิเล็กทรอนิกส์ (e-bidding)","จ้างก่อสร้าง","กรมโยธาธิการและผังเมือง","ประกวดราคาอิเล็กทรอนิกส์ (e-bidding)","ระหว่างดำเนินการ","22/9/2025","2/2/2026","7/3/2028","ห้างหุ้นส่วนจำกัด อลงกตวัสดุภัณฑ์","773538000232","3","ห้างหุ้นส่วนจำกัด อลงกตวัสดุภัณฑ์","0773538000232","1","120000000.000000000000000","119950000.000000000000000","118750000.000000000000000","118750000.000000000000000","99.000000000000000","4","mid","2","R1|R9","ราคาตกลง ≥ 95% ของราคากลาง | ราคาผู้ชนะ vs อันดับ 2 < 5%","5","0.800000000000000","ห้างหุ้นส่วนจำกัด อลงกตวัสดุภัณฑ์","ห้างหุ้นส่วนจำกัด","ยังดำเนินกิจการอยู่","1995","500000000.000000000000000","ประจวบคีรีขันธ์","ปราณบุรี","การก่อสร้างอาคารที่ไม่ใช่ที่พักอาศัย","","0.240000000000000","30","1","กรุงเทพมหานคร","กทม","จ.เพชรบุรี","latlong","real","12.882905650000000","99.950738279999996","1","1","0","0","0","0","0","1","0","0","99.950738279628510","12.882905649651370"
"609","69029037910","ประกวดราคาจ้างก่อสร้างโครงการก่อสร้างอาคารศูนย์นวัตกรรมการเรียนรู้เทคโนโลยีการเกษตร พร้อมสิ่งก่อสร้างประกอบ และโครงการจัดหาครุภัณฑ์พร้อมตกแต่งภายใน ด้วยวิธีประกวดราคาอิเล็กทรอนิกส์ (e-bidding)","จ้าง","สำนักงานพัฒนาการวิจัยการเกษตร (องค์การมหาชน)","ประกวดราคาอิเล็กทรอนิกส์ (e-bidding)","ระหว่างดำเนินการ","23/2/2026","28/4/2026","","บริษัท โรลลิ่ง คอนเซปต์ อินโนเวชั่น จำกัด","105548047000","2","บริษัท โรลลิ่ง คอนเซปต์ อินโนเวชั่น จำกัด","0105548047000","1","321000000.000000000000000","317847134.730000019073486","316790000.000000000000000","316790000.000000000000000","99.700000000000003","2","low","1","R1","ราคาตกลง ≥ 95% ของราคากลาง","","","","","","","","","","","","","","","กรุงเทพมหานคร","กทม","","","real","13.843944880000000","100.572664439999997","1","1","0","0","0","0","0","0","0","0","100.572664439249266","13.843944879289177"
"330","68099278366","ประกวดราคาจ้างก่อสร้างอนุรักษ์ฟื้นฟูห้วยลอง สนับสนุนแผนการพัฒนาหนองหาร (พื้นที่ต้นน้ำ) ตำบลนาแก้ว อำเภอโพนนาแก้ว จังหวัดสกลนคร ด้วยวิธีประกวดราคาอิเล็กทรอนิกส์ (e-bidding)","จ้างก่อสร้าง","กรมทรัพยากรน้ำ","ประกวดราคาอิเล็กทรอนิกส์ (e-bidding)","ระหว่างดำเนินการ","22/9/2025","11/12/2025","7/9/2026","ห้างหุ้นส่วนจำกัด ที.เจ.เอ็น.เทรดดิ้ง","333555000052","2","ห้างหุ้นส่วนจำกัด ที.เจ.เอ็น.เทรดดิ้ง","0333555000052","1","210037600.000000000000000","210032791.300000011920929","210000000.000000000000000","210000000.000000000000000","100.000000000000000","5","high","2","R1|R8","ราคาตกลง ≥ 95% ของราคากลาง | ยื่นรายเดียวใน Open Bid","1","","ห้างหุ้นส่วนจำกัด ที.เจ.เอ็น.เทรดดิ้ง","ห้างหุ้นส่วนจำกัด","ยังดำเนินกิจการอยู่","2012","110000000.000000000000000","ศรีสะเกษ","เมืองศรีสะเกษ","การก่อสร้างอาคารที่ไม่ใช่ที่พักอาศัย","","1.910000000000000","13","1","กรุงเทพมหานคร","กทม","จ.สกลนคร","latlong","real","17.243981800000000","104.226651200000006","1","1","0","0","0","0","1","0","0","0","104.226651200250302","17.243981800347310"
"331","68099285977","เช่าพื้นที่ส่วนบริการอุทยานการเรียนรู้ต้นแบบและบริการ (TK Park) ในอาคารศูนย์การค้าเซ็นทรัลเวิลด์ ชั้น ๘ ประจำปีงบประมาณ พ.ศ. ๒๕๖๙ โดยวิธีเฉพาะเจาะจง","เช่า","สำนักงานบริหารและพัฒนาองค์ความรู้ (องค์การมหาชน)","เฉพาะเจาะจง","ระหว่างดำเนินการ","","1/10/2025","29/9/2028","บริษัท เซ็นทรัลพัฒนา จำกัด(มหาชน)","107537002443","1","บริษัท เซ็นทรัลพัฒนา จำกัด(มหาชน)","0107537002443","1","133869337.000000000000000","133869337.000000000000000","133869336.700000002980232","133869336.700000002980232","100.000000000000000","5","high","2","R1|R4","ราคาตกลง ≥ 95% ของราคากลาง | ใช้วิธีเฉพาะเจาะจง","1","","บริษัท เซ็นทรัลพัฒนา จำกัด (มหาชน)","บริษัทมหาชนจำกัด","ยังดำเนินกิจการอยู่","1994","2244000000.000000000000000","กรุงเทพมหานคร","เขตปทุมวัน","การขายปลีกสินค้าอื่นๆในร้านค้าทั่วไป","","0.060000000000000","","0","กรุงเทพมหานคร","กทม","กรุงเทพมหานคร","hq","province","13.756486570000000","100.515057069999997","1","1","0","1","0","0","0","0","0","0","100.515057066503473","13.756486574426376"
"332","68099288618","ประกวดราคาซื้อSF6 Insulated 24 kV 600 A Pole-Mounted Load Break Switch 3 Phase with Voltage Sensor และ Telecontrol Device จำนวน 560 ชุด ตามรหัสจัดหาเลขที่ MP8-8987-AGZ ด้วยวิธีประกวดราคาอิเล็กทรอนิกส์ (e-bidding)","ซื้อ","การไฟฟ้านครหลวง","ประกวดราคาอิเล็กทรอนิกส์ (e-bidding)","ระหว่างดำเนินการ","6/1/2026","23/3/2026","19/10/2026","บริษัท เจ้อเจียง จงเย่ว อิเล็คทริค จำกัด","745561010569","1","บริษัท เจ้อเจียง จงเย่ว อิเล็คทริค จำกัด","0745561010569","1","197736000.000000000000000","179100880.000000000000000","178741360.000000000000000","178741360.000000000000000","99.799999999999997","2","low","1","R1","ราคาตกลง ≥ 95% ของราคากลาง","4","5.100000000000000","","","","","0.000000000000000","","","","","","","","กรุงเทพมหานคร","กทม","กรุงเทพมหานคร","hq","province","13.756490650000000","100.515055259999997","1","1","0","0","0","0","0","0","0","0","100.515055264482996","13.756490652712182"
"333","68099289591","ประกวดราคาจ้างก่อสร้างโครงการพัฒนาพื้นที่และปรับปรุงภูมิทัศน์ชุมชนริมแม่น้ำงาว ตำบลม่วงยายและตำบลหล่ายงาว อำเภอเวียงแก่น จังหวัดเชียงราย ด้วยวิธีประกวดราคาอิเล็กทรอนิกส์ (e-bidding)","จ้างก่อสร้าง","กรมโยธาธิการและผังเมือง","ประกวดราคาอิเล็กทรอนิกส์ (e-bidding)","ระหว่างดำเนินการ","19/9/2025","25/2/2026","19/5/2028","ห้างหุ้นส่วนจำกัด ห้างหุ้นส่วนจำกัด ณ คอนสตรัคชั่น 168(สัญญากิจการค้าร่วม)","573540000025","2","ห้างหุ้นส่วนจำกัด ห้างหุ้นส่วนจำกัด ณ คอนสตรัคชั่น 168(สัญญากิจการค้าร่วม) | บริษัทจำกัด บริษัท เชียงราย เอส.เอส.พี จำกัด(สัญญากิจการค้าร่วม)","0573540000025 | 0575537001271","2","160000000.000000000000000","159850000.000000000000000","158550000.000000000000000","77689500.000000000000000","99.200000000000003","5","high","3","R1|R9|R10","ราคาตกลง ≥ 95% ของราคากลาง | ราคาผู้ชนะ vs อันดับ 2 < 5% | ทุนจดทะเบียนต่ำเทียบมูลค่าสัญญา","3","0.800000000000000","ห้างหุ้นส่วนจำกัด ณ คอนสตรัคชั่น 168","ห้างหุ้นส่วนจำกัด","ยังดำเนินกิจการอยู่","1997","1000000.000000000000000","เชียงราย","เมืองเชียงราย","การก่อสร้างอาคารที่ไม่ใช่ที่พักอาศัย","","77.689999999999998","28","1","กรุงเทพมหานคร","กทม","จ.เชียงราย","latlong","real","20.112371720000002","100.540861100000001","1","1","0","0","0","0","0","1","1","0","100.540861100276246","20.112371719672932"
"614","69029190070","ซื้อระบบต่อต้านอากาศยานไร้คนขับ (Anti-Drone System) ของฐานบินปฏิบัติการ จำนวน 4 ระบบ โดยวิธีเฉพาะเจาะจง","ซื้อ","กองทัพอากาศ","เฉพาะเจาะจง","ระหว่างดำเนินการ","","30/4/2026","28/8/2026","บริษัท จันทร์เกษมอินเตอร์เนทชั่นแนล จำกัด","105523000255","2","บริษัท จันทร์เกษมอินเตอร์เนทชั่นแนล จำกัด","0105523000255","1","188000000.000000000000000","169200000.000000000000000","169000000.000000000000000","169000000.000000000000000","99.900000000000006","5","high","2","R4|R1","ใช้วิธีเฉพาะเจาะจง | ราคาตกลง ≥ 95% ของราคากลาง","","","","","","","","","","","","","","","กรุงเทพมหานคร","กทม","","","province","13.777399690000001","100.521044140000001","1","1","0","1","0","0","0","0","0","0","100.521044136649479","13.777399693989732"
"334","68099293503","ประกวดราคาจ้างก่อสร้างทำนบดินหัวงานและอาคารประกอบ โครงการอ่างเก็บน้ำพุบอน ตำบลบ้านไร่ อำเภอบ้านไร่ จังหวัดอุทัยธานี ด้วยวิธีประกวดราคาอิเล็กทรอนิกส์ (e-bidding)","จ้างก่อสร้าง","กรมชลประทาน","ประกวดราคาอิเล็กทรอนิกส์ (e-bidding)","ระหว่างดำเนินการ","3/10/2025","13/2/2026","","กิจการร่วมค้า ที แอนด์ ที (2025)","993000531744","1","กิจการร่วมค้า ที แอนด์ ที (2025)","0993000531744","1","549200000.000000000000000","549036196.100000023841858","546967600.000000000000000","546967600.000000000000000","99.599999999999994","4","mid","2","R1|R9","ราคาตกลง ≥ 95% ของราคากลาง | ราคาผู้ชนะ vs อันดับ 2 < 5%","3","0.100000000000000","","","","","0.000000000000000","","","","","","","","กรุงเทพมหานคร","กทม","จ.อุทัยธานี","latlong","real","15.045396259999999","99.474962810000008","1","1","0","0","0","0","0","1","0","0","99.474962810098603","15.045396259951003"
"335","68099306806","จ้างเหมารักษาความปลอดภัยอาคารศาลและสถานที่ ประจำปีงบประมาณ พ.ศ. 2569 โดยวิธีเฉพาะเจาะจง","จ้างทำของ/จ้างเหมาบริการ","สำนักงานศาลยุติธรรม","เฉพาะเจาะจง","ระหว่างดำเนินการ","","29/10/2025","30/9/2026","องค์การสงเคราะห์ทหารผ่านศึก","994000164882","2","องค์การสงเคราะห์ทหารผ่านศึก","0994000164882","1","540000000.000000000000000","532468522.899999976158142","528556239.100000023841858","528556239.100000023841858","99.299999999999997","5","high","2","R1|R4","ราคาตกลง ≥ 95% ของราคากลาง | ใช้วิธีเฉพาะเจาะจง","1","","","","","","0.000000000000000","","","","","","","","กรุงเทพมหานคร","กทม","กรุงเทพมหานคร","hq","province","13.757832909999999","100.514410889999994","1","1","0","1","0","0","0","0","0","0","100.514410891251600","13.757832907468940"
"336","68099318264","จ้างโครงการก่อสร้างเรือนจำจังหวัดอุตรดิตถ์ พร้อมส่ิงก่อสร้างประกอบ 1 แห่ง โดยวิธีคัดเลือก โดยวิธีคัดเลือก","จ้างก่อสร้าง","กรมราชทัณฑ์","คัดเลือก","ระหว่างดำเนินการ","","18/3/2026","12/12/2028","บริษัท กิจการร่วมค้า ซี เอส ซี จำกัด","105547121443","1","บริษัท กิจการร่วมค้า ซี เอส ซี จำกัด","0105547121443","1","1751000000.000000000000000","1750892838.000000000000000","1748788300.000000000000000","1748788300.000000000000000","99.900000000000006","4","mid","2","R1|R9","ราคาตกลง ≥ 95% ของราคากลาง | ราคาผู้ชนะ vs อันดับ 2 < 5%","3","0.000000000000000","","","","","0.000000000000000","","","","","","","","จ.นนทบุรี","ภาค 1","จ.อุตรดิตถ์","latlong","real","17.577480200000000","100.018293799999995","1","1","0","0","0","0","0","1","0","0","100.018293799748179","17.577480200305988"
"337","68099323626","ประกวดราคาซื้อปัจจัยการผลิตโครงการเพิ่มประสิทธิภาพการผลิตข้าวของเกษตรกรผู้ประสบอุทกภัย ปี 2567 งวดที่ 4 (รอบเก็บตก) ด้วยวิธีประกวดราคาอิเล็กทรอนิกส์ (e-bidding)","ซื้อ","กรมการข้าว","ประกวดราคาอิเล็กทรอนิกส์ (e-bidding)","ระหว่างดำเนินการ","22/9/2025","8/1/2026","9/3/2026","บริษัท กรีน อินโน ไทย จำกัด","665566000708","2","บริษัท กรีน อินโน ไทย จำกัด","0665566000708","1","107910811.000000000000000","109736300.700000002980232","107890000.000000000000000","107890000.000000000000000","98.299999999999997","6","high","3","R1|R8|R11","ราคาตกลง ≥ 95% ของราคากลาง | ยื่นรายเดียวใน Open Bid | บริษัทจดทะเบียนใหม่ก่อนชนะโครงการ","1","","บริษัท กรีน อินโน ไทย จำกัด","บริษัทจำกัด","ยังดำเนินกิจการอยู่","2023","200000000.000000000000000","พิจิตร","สามง่าม","การขายปลีกทางอินเทอร์เน็ต","","0.540000000000000","2","1","กรุงเทพมหานคร","กทม","กรุงเทพมหานคร","hq","province","13.757919820000000","100.514379820000002","1","1","0","0","0","0","1","0","0","1","100.514379822119182","13.757919823129345"
"338","68099341082","ประกวดราคาเช่าอุปกรณ์การเรียนการสอนสำหรับครูและนักเรียนภายใต้โครงการส่งเสริมการเรียนรู้ขั้นพื้นฐานทุกที่ทุกเวลา (Anywhere Anytime) ประจำปีงบประมาณ พ.ศ. 2568-2574 สำนักงานเขตพื้นที่การศึกษามัธยมศึกษานครสวรรค์ ด้วยวิธีประกวดราคาอิเล็กทรอนิกส์ (e-bidding)","เช่า","สำนักงานคณะกรรมการการศึกษาขั้นพื้นฐาน","ประกวดราคาอิเล็กทรอนิกส์ (e-bidding)","ระหว่างดำเนินการ","7/10/2025","30/1/2026","30/4/2031","บริษัทมหาชนจำกัด บริษัท เอสวีโอเอ จำกัด (มหาชน)(สัญญากิจการค้าร่วม)","107537002001","18","บริษัทมหาชนจำกัด บริษัท เอสวีโอเอ จำกัด (มหาชน)(สัญญากิจการค้าร่วม) | บริษัทมหาชนจำกัด บริษัท อินฟอร์เมชั่น แอนด์ คอมมิวนิเคชั่น เน็ทเวิร์คส จำกัด (มหาชน)(สัญญากิจการค้าร่วม)","0107537002001 | 0107560000184","2","224367150.000000000000000","225218100.000000000000000","224364786.300000011920929","0.000000000000000","99.599999999999994","4","mid","2","R1|R9","ราคาตกลง ≥ 95% ของราคากลาง | ราคาผู้ชนะ vs อันดับ 2 < 5%","2","0.000000000000000","บริษัท เอสวีโอเอ จำกัด (มหาชน)","บริษัทมหาชนจำกัด","ยังดำเนินกิจการอยู่","1994","947000000.000000000000000","กรุงเทพมหานคร","เขตยานนาวา","ร้านขายปลีกคอมพิวเตอร์และอุปกรณ์ต่อพ่วงคอมพิวเตอร์","","","31","1","จ.นครสวรรค์","ภาค 6","จ.นครสวรรค์","text","province","15.708007400000000","100.134298540000003","1","1","0","0","0","0","0","1","0","0","100.134298544361869","15.708007396616997"
"339","68099350290","ประกวดราคาจ้างก่อสร้างจ้างก่อสร้างระบบประปาบาดาล จำนวน ๑ แห่ง โครงการจัดหาน้ำบาดาลขนาดใหญ่แก้ปัญหาภัยแล้งอันเนื่องมาจากพระราชดำริ บ้านดอนจันทร์ หมู่ที่ ๑๕ ตำบลตูม อำเภอปักธงชัย จังหวัดนครราชสีมา ประจำปีงบประมาณ พ.ศ. ๒๕๖๙ ด้วยวิธีประกวดราคาอิเล็กทรอนิกส์ (e-bidding)","จ้างก่อสร้าง","กรมทรัพยากรน้ำบาดาล","ประกวดราคาอิเล็กทรอนิกส์ (e-bidding)","ระหว่างดำเนินการ","9/10/2025","24/12/2025","22/6/2026","บริษัท ไทยวอเตอร์ เอ็นจิเนียริ่ง จำกัด","105546112921","5","บริษัท ไทยวอเตอร์ เอ็นจิเนียริ่ง จำกัด","0105546112921","1","130797000.000000000000000","130766000.000000000000000","130580000.000000000000000","130580000.000000000000000","99.900000000000006","4","mid","2","R1|R9","ราคาตกลง ≥ 95% ของราคากลาง | ราคาผู้ชนะ vs อันดับ 2 < 5%","2","0.100000000000000","","","","","0.000000000000000","","","","","","","","จ.นครราชสีมา","ภาค 3","จ.นครราชสีมา","latlong","real","14.663379420000000","101.968768400000002","1","1","0","0","0","0","0","1","0","0","101.968768399952893","14.663379420053852"
"340","68099353574","ประกวดราคาจ้างบำรุงรักษาโครงการจ้างงานด้านเทคโนโลยีสารสนเทศและการสื่อสารโครงการก่อสร้างอาคารรัฐสภาแห่งใหม่ พร้อมอาคารประกอบ ประจำปีงบประมาณ พ.ศ. ๒๕๖๙ ด้วยวิธีประกวดราคาอิเล็กทรอนิกส์ (e-bidding)","จ้างทำของ/จ้างเหมาบริการ","สำนักงานเลขาธิการสภาผู้แทนราษฎร","ประกวดราคาอิเล็กทรอนิกส์ (e-bidding)","ระหว่างดำเนินการ","11/11/2025","8/1/2026","30/9/2026","บริษัท แอ็ดวานซ์อินฟอร์เมชั่นเทคโนโลยี จำกัด (มหาชน)","107546000067","2","บริษัท แอ็ดวานซ์อินฟอร์เมชั่นเทคโนโลยี จำกัด (มหาชน)","0107546000067","1","496600000.000000000000000","496600000.000000000000000","360604838.699999988079071","360604838.699999988079071","72.599999999999994","2","low","1","R9","ราคาผู้ชนะ vs อันดับ 2 < 5%","2","0.200000000000000","","","","","0.000000000000000","","","","","","","","กรุงเทพมหานคร","กทม","กรุงเทพมหานคร","hq","province","13.758055039999999","100.514333290000010","1","0","0","0","0","0","0","1","0","0","100.514333292980723","13.758055044399503"
"341","68099359927","ประกวดราคาเช่าการเช่าใช้อุปกรณ์การเรียนการสอนสำหรับครูและนักเรียน ประจำปีงบประมาณ พ.ศ. 2568 (ผูกพันงบประมาณ 2569-2573) ด้วยวิธีประกวดราคาอิเล็กทรอนิกส์ (e-bidding)","เช่า","สำนักงานคณะกรรมการการศึกษาขั้นพื้นฐาน","ประกวดราคาอิเล็กทรอนิกส์ (e-bidding)","ระหว่างดำเนินการ","25/9/2025","9/12/2025","9/12/2030","บริษัท สุพรีม ดิสทิบิวชั่น จำกัด (มหาชน)","107566000291","16","บริษัท สุพรีม ดิสทิบิวชั่น จำกัด (มหาชน)","0107566000291","1","346291890.000000000000000","347824155.000000000000000","346281890.000000000000000","346281890.000000000000000","99.599999999999994","5","high","3","R1|R9|R11","ราคาตกลง ≥ 95% ของราคากลาง | ราคาผู้ชนะ vs อันดับ 2 < 5% | บริษัทจดทะเบียนใหม่ก่อนชนะโครงการ","3","0.300000000000000","บริษัท สุพรีม ดิสทิบิวชั่น จำกัด (มหาชน)","บริษัทมหาชนจำกัด","ยังดำเนินกิจการอยู่","2023","370000000.000000000000000","กรุงเทพมหานคร","เขตบางเขน","การขายส่งคอมพิวเตอร์อุปกรณ์ต่อพ่วงคอมพิวเตอร์และซอฟต์แวร์","","0.940000000000000","2","1","จ.ขอนแก่น","ภาค 4","จ.ขอนแก่น","hq","province","16.438062689999999","102.824259200000000","1","1","0","0","0","0","0","1","0","1","102.824259198746176","16.438062693810412"
"342","68099381089","ซื้อจัดซื้อวัตถุดิบหลักรายการลวดเหล็กกล้าฯ ขนาดต่างๆ ให้แผนกโรงงานผลิตภัณฑ์คอนกรีตพระนครศรีอยุธยา โดยวิธีเฉพาะเจาะจง","ซื้อ","การไฟฟ้าส่วนภูมิภาค","เฉพาะเจาะจง","ระหว่างดำเนินการ","","24/12/2025","22/6/2026","บริษัท พีอีเอ เอ็นคอม อินเตอร์เนชั่นแนล จำกัด","105552111043","3","บริษัท พีอีเอ เอ็นคอม อินเตอร์เนชั่นแนล จำกัด","0105552111043","1","157165623.199999988079071","119720160.000000000000000","119720160.000000000000000","119720160.000000000000000","100.000000000000000","6","high","3","R1|R4|R7","ราคาตกลง ≥ 95% ของราคากลาง | ใช้วิธีเฉพาะเจาะจง | ราคากลาง vs งบ > 20%","1","","บริษัท พีอีเอ เอ็นคอม อินเตอร์เนชั่นแนล จำกัด","บริษัทจำกัด","ยังดำเนินกิจการอยู่","2009","5110621250.000000000000000","กรุงเทพมหานคร","เขตจตุจักร","กิจกรรมของบริษัทโฮลดิ้งที่ไม่ได้ลงทุนในธุรกิจการเงินเป็นหลัก","","0.020000000000000","","0","กรุงเทพมหานคร","กทม","จ.พระนครศรีอยุธยา","text","province","14.358186560000000","100.554274599999999","1","1","0","1","0","1","0","0","0","0","100.554274603063234","14.358186558771207"
"343","68099384563","ประกวดราคาจ้างเหมาบริการ การรักษา การทำหัตถการผู้ป่วยกลุ่มโรคหัวใจ และโรคหัวใจขาดเลือด จำนวน 1 งาน ด้วยวิธีประกวดราคาอิเล็กทรอนิกส์ (e-bidding)","จ้างทำของ/จ้างเหมาบริการ","โรงพยาบาลสมุทรสาคร","ประกวดราคาอิเล็กทรอนิกส์ (e-bidding)","ระหว่างดำเนินการ","12/1/2026","11/3/2026","15/3/2027","บริษัท เซฟฮาร์ท การแพทย์ กรุ๊ปส์ จำกัด","135560022674","1","บริษัท เซฟฮาร์ท การแพทย์ กรุ๊ปส์ จำกัด","0135560022674","1","195000000.000000000000000","195000000.000000000000000","194927100.000000000000000","194927100.000000000000000","100.000000000000000","5","high","2","R1|R8","ราคาตกลง ≥ 95% ของราคากลาง | ยื่นรายเดียวใน Open Bid","1","","บริษัท เซฟฮาร์ท การแพทย์ กรุ๊ปส์ จำกัด","บริษัทจำกัด","ยังดำเนินกิจการอยู่","2017","70000000.000000000000000","นนทบุรี","บางกรวย","กิจกรรมคลินิกโรคทั่วไป","","2.780000000000000","9","1","จ.สมุทรสาคร","ภาค 7","จ.สมุทรสาคร","text","province","13.558190459999999","100.264293400000000","1","1","0","0","0","0","1","0","0","0","100.264293399682160","13.558190461080256"
"344","68099389932","เช่าใช้บริการวงจรสื่อสัญญาณความเร็วสูง โดยวิธีเฉพาะเจาะจง","เช่า","สำนักงานปลัดกระทรวงมหาดไทย","เฉพาะเจาะจง","ระหว่างดำเนินการ","","17/10/2025","30/9/2026","บริษัท ยูไนเต็ด อินฟอร์เมชั่น ไฮเวย์ จำกัด","105539053094","2","บริษัท ยูไนเต็ด อินฟอร์เมชั่น ไฮเวย์ จำกัด","0105539053094","1","133290240.000000000000000","133290240.000000000000000","133290240.000000000000000","133290240.000000000000000","100.000000000000000","5","high","2","R1|R4","ราคาตกลง ≥ 95% ของราคากลาง | ใช้วิธีเฉพาะเจาะจง","1","","บริษัท ยูไนเต็ด อินฟอร์เมชั่น ไฮเวย์ จำกัด","บริษัทจำกัด","ยังดำเนินกิจการอยู่","1996","600000000.000000000000000","กรุงเทพมหานคร","เขตจตุจักร","กิจกรรมการโทรคมนาคมด้านอื่นๆ","61900","0.220000000000000","","0","กรุงเทพมหานคร","กทม","กรุงเทพมหานคร","hq","province","13.758196810000001","100.514286880000000","1","1","0","1","0","0","0","0","0","0","100.514286880623260","13.758196812265767"
"345","68099395495","ประกวดราคาจ้างก่อสร้างโครงการปรับปรุงภูมิทัศน์บริเวณบึงน้ำผุด ตำบลนาตาล่วง อำเภอเมืองตรัง จังหวัดตรัง ระยะที่ 2 ด้วยวิธีประกวดราคาอิเล็กทรอนิกส์ (e-bidding)","จ้างก่อสร้าง","กรมโยธาธิการและผังเมือง","ประกวดราคาอิเล็กทรอนิกส์ (e-bidding)","ระหว่างดำเนินการ","23/9/2025","19/2/2026","24/3/2028","บริษัท ตากใบการโยธา จำกัด","965557000285","3","บริษัท ตากใบการโยธา จำกัด","0965557000285","1","140000000.000000000000000","139958000.000000000000000","137880000.000000000000000","137880000.000000000000000","98.500000000000000","4","mid","2","R1|R9","ราคาตกลง ≥ 95% ของราคากลาง | ราคาผู้ชนะ vs อันดับ 2 < 5%","4","1.500000000000000","","","","","0.000000000000000","","","","","","","","กรุงเทพมหานคร","กทม","จ.ตรัง","latlong","real","7.582592930000000","99.597409739999989","1","1","0","0","0","0","0","1","0","0","99.597409740127333","7.582592933070072"
"346","68099401665","ประกวดราคาซื้อสารละลาย Poly Aluminium Chloride (PACl) จำนวน ๓๐,๑๗๔ ตัน เลขที่ ซค.๒๓-๒๕๖๙ ด้วยวิธีประกวดราคาอิเล็กทรอนิกส์ (e-bidding)","ซื้อ","การประปานครหลวง","ประกวดราคาอิเล็กทรอนิกส์ (e-bidding)","ระหว่างดำเนินการ","15/10/2025","2/12/2025","1/5/2026","บริษัท สยามเอเซีย เคมิคอล อินดัสตรี้ จำกัด","105542093042","1","บริษัท สยามเอเซีย เคมิคอล อินดัสตรี้ จำกัด","0105542093042","1","193491076.699999988079071","193491076.699999988079071","193394218.199999988079071","193394218.199999988079071","99.900000000000006","4","mid","2","R1|R9","ราคาตกลง ≥ 95% ของราคากลาง | ราคาผู้ชนะ vs อันดับ 2 < 5%","3","0.000000000000000","","","","","0.000000000000000","","","","","","","","กรุงเทพมหานคร","กทม","กรุงเทพมหานคร","hq","province","13.759388189999999","100.513880830000005","1","1","0","0","0","0","0","1","0","0","100.513880831335072","13.759388185265585"
"347","68099412044","ประกวดราคาเช่าเช่าใช้อุปกรณ์การเรียนการสอน สำหรับครูและนักเรียน ภายใต้โครงการส่งเสริมการ เรียนรู้ขั้นพื้นฐานทุกที่ทุกเวลา ด้วยวิธีประกวดราคาอิเล็กทรอนิกส์ (e-bidding)","เช่า","สำนักงานคณะกรรมการการศึกษาขั้นพื้นฐาน","ประกวดราคาอิเล็กทรอนิกส์ (e-bidding)","ระหว่างดำเนินการ","24/9/2025","14/1/2026","14/5/2031","บริษัทมหาชนจำกัด บริษัท อินฟอร์เมชั่น แอนด์ คอมมิวนิเคชั่น เน็ทเวิร์คส จำกัด (มหาชน)(สัญญากิจการค้าร่วม)","107560000184","7","บริษัทมหาชนจำกัด บริษัท อินฟอร์เมชั่น แอนด์ คอมมิวนิเคชั่น เน็ทเวิร์คส จำกัด (มหาชน)(สัญญากิจการค้าร่วม)","0107560000184","1","504760830.000000000000000","504760830.000000000000000","504755512.300000011920929","504755512.300000011920929","100.000000000000000","4","mid","2","R1|R9","ราคาตกลง ≥ 95% ของราคากลาง | ราคาผู้ชนะ vs อันดับ 2 < 5%","2","0.000000000000000","บริษัท อินฟอร์เมชั่น แอนด์ คอมมิวนิเคชั่น เน็ทเวิร์คส จำกัด (มหาชน)","บริษัทมหาชนจำกัด","ยังดำเนินกิจการอยู่","2017","336050221.500000000000000","กรุงเทพมหานคร","เขตลาดพร้าว","กิจกรรมการโทรคมนาคมด้านอื่นๆ","","1.500000000000000","8","1","จ.อุบลราชธานี","ภาค 3","จ.อุบลราชธานี","hq","province","15.239430810000000","104.853830840000001","1","1","0","0","0","0","0","1","0","0","104.853830839704955","15.239430805349617"
"348","68099421217","ประกวดราคาจ้างก่อสร้างโครงการก่อสร้างระบบระบายน้ำหลักเพื่อบรรเทาปัญหาน้ำท่วมพื้นที่ชุมชนกระทู้ ระยะที่ 1 อำเภอกระทู้ จังหวัดภูเก็ต ด้วยวิธีประกวดราคาอิเล็กทรอนิกส์ (e-bidding)","จ้างก่อสร้าง","กรมโยธาธิการและผังเมือง","ประกวดราคาอิเล็กทรอนิกส์ (e-bidding)","ระหว่างดำเนินการ","23/9/2025","27/1/2026","9/6/2028","ห้างหุ้นส่วนจำกัด อึ้งแซเฮง","313525000208","3","ห้างหุ้นส่วนจำกัด อึ้งแซเฮง","0313525000208","1","220000000.000000000000000","219860000.000000000000000","217670000.000000000000000","217670000.000000000000000","99.000000000000000","4","mid","2","R1|R9","ราคาตกลง ≥ 95% ของราคากลาง | ราคาผู้ชนะ vs อันดับ 2 < 5%","4","0.800000000000000","","","","","0.000000000000000","","","","","","","","กรุงเทพมหานคร","กทม","จ.ภูเก็ต","latlong","real","7.912369090000000","98.337466190000001","1","1","0","0","0","0","0","1","0","0","98.337466190255526","7.912369091608811"
"349","68099423638","เช่าพื้นที่บริเวณวัดพระราม 9 กาญจนาภิเษก เพื่อใช้เป็นที่ตั้ง ของหน่วยงานในภารกิจพิธีการศพที่ได้รับพระราชทาน ระหว่างปีงบประมาณ พ.ศ. 2569 - 2598 (ระยะเวลา 30 ปี) โดยวิธีเฉพาะเจาะจง","เช่า","สำนักงานปลัดกระทรวงวัฒนธรรม","เฉพาะเจาะจง","ระหว่างดำเนินการ","","2/12/2025","18/4/2053","สำนักงานพระคลังข้างที่","994000015402","1","สำนักงานพระคลังข้างที่","0994000015402","1","168626300.000000000000000","168626300.000000000000000","168624850.000000000000000","168624850.000000000000000","100.000000000000000","5","high","2","R1|R4","ราคาตกลง ≥ 95% ของราคากลาง | ใช้วิธีเฉพาะเจาะจง","1","","","","","","0.000000000000000","","","","","","","","กรุงเทพมหานคร","กทม","กรุงเทพมหานคร","hq","province","13.759473739999999","100.513863110000003","1","1","0","1","0","0","0","0","0","0","100.513863108472805","13.759473737446905"
"350","68099423766","ประกวดราคาจ้างก่อสร้างโครงการพัฒนาพื้นที่และปรับปรุงภูมิทัศน์บริเวณบึงหนองจอก ตำบลวังหว้า อำเภอศรีประจันต์ จังหวัดสุพรรณบุรี ด้วยวิธีประกวดราคาอิเล็กทรอนิกส์ (e-bidding)","จ้างก่อสร้าง","กรมโยธาธิการและผังเมือง","ประกวดราคาอิเล็กทรอนิกส์ (e-bidding)","ระหว่างดำเนินการ","24/9/2025","25/2/2026","8/7/2028","บริษัท เอส.เค.วาย.คอนสตรัคชั่น จำกัด","105526003948","4","บริษัท เอส.เค.วาย.คอนสตรัคชั่น จำกัด","0105526003948","1","220000000.000000000000000","219890000.000000000000000","218000000.000000000000000","218000000.000000000000000","99.099999999999994","4","mid","2","R1|R9","ราคาตกลง ≥ 95% ของราคากลาง | ราคาผู้ชนะ vs อันดับ 2 < 5%","4","0.700000000000000","","","","","0.000000000000000","","","","","","","","กรุงเทพมหานคร","กทม","จ.สุพรรณบุรี","latlong","real","14.646256170000001","100.083107299999995","1","1","0","0","0","0","0","1","0","0","100.083107299599703","14.646256169783502"
"351","68099423942","ประกวดราคาจ้างก่อสร้างโครงการพัฒนาพื้นที่บริเวณชายหาดสามร้อยยอด อำเภอสามร้อยยอด จังหวัดประจวบคีรีขันธ์ ด้วยวิธีประกวดราคาอิเล็กทรอนิกส์ (e-bidding)","จ้างก่อสร้าง","กรมโยธาธิการและผังเมือง","ประกวดราคาอิเล็กทรอนิกส์ (e-bidding)","ระหว่างดำเนินการ","24/9/2025","16/3/2026","18/4/2028","ห้างหุ้นส่วนจำกัด อลงกตวัสดุภัณฑ์","773538000232","3","ห้างหุ้นส่วนจำกัด อลงกตวัสดุภัณฑ์","0773538000232","1","140000000.000000000000000","139780000.000000000000000","138335000.000000000000000","138335000.000000000000000","99.000000000000000","4","mid","2","R1|R9","ราคาตกลง ≥ 95% ของราคากลาง | ราคาผู้ชนะ vs อันดับ 2 < 5%","4","0.800000000000000","ห้างหุ้นส่วนจำกัด อลงกตวัสดุภัณฑ์","ห้างหุ้นส่วนจำกัด","ยังดำเนินกิจการอยู่","1995","500000000.000000000000000","ประจวบคีรีขันธ์","ปราณบุรี","การก่อสร้างอาคารที่ไม่ใช่ที่พักอาศัย","","0.280000000000000","30","1","กรุงเทพมหานคร","กทม","จ.ประจวบคีรีขันธ์","latlong","real","12.255971470000000","99.966881960000009","1","1","0","0","0","0","0","1","0","0","99.966881960193291","12.255971470072494"
"352","68099436311","ประกวดราคาเช่าใช้อุปกรณ์การเรียนการสอน สำหรับครูและนักเรียน ภายใต้โครงการส่งเสริมการเรียนรู้ขั้นพื้นฐานทุกที่ทุกเวลา ด้วยวิธีประกวดราคาอิเล็กทรอนิกส์ (e-bidding)","เช่า","สำนักงานคณะกรรมการการศึกษาขั้นพื้นฐาน","ประกวดราคาอิเล็กทรอนิกส์ (e-bidding)","ระหว่างดำเนินการ","3/11/2025","14/1/2026","1/1/2031","บริษัท สุพรีม ดิสทิบิวชั่น จำกัด (มหาชน)","107566000291","16","บริษัท สุพรีม ดิสทิบิวชั่น จำกัด (มหาชน)","0107566000291","1","160438530.000000000000000","160438530.000000000000000","160400000.000000000000000","160400000.000000000000000","100.000000000000000","5","high","3","R1|R9|R11","ราคาตกลง ≥ 95% ของราคากลาง | ราคาผู้ชนะ vs อันดับ 2 < 5% | บริษัทจดทะเบียนใหม่ก่อนชนะโครงการ","2","0.000000000000000","บริษัท สุพรีม ดิสทิบิวชั่น จำกัด (มหาชน)","บริษัทมหาชนจำกัด","ยังดำเนินกิจการอยู่","2023","370000000.000000000000000","กรุงเทพมหานคร","เขตบางเขน","การขายส่งคอมพิวเตอร์อุปกรณ์ต่อพ่วงคอมพิวเตอร์และซอฟต์แวร์","","0.430000000000000","2","1","จ.ตาก","ภาค 6","จ.ตาก","hq","province","16.879518610000002","99.113761900000000","1","1","0","0","0","0","0","1","0","1","99.113761901673030","16.879518614195028"
"353","68099439880","ประกวดราคาจ้างโครงการติดตั้งระบบผลิตไฟฟ้าด้วยพลังงานแสงอาทิตย์ มหาวิทยาลัยอุบลราชธานี จำนวน 1 รายการ ด้วยวิธีประกวดราคาอิเล็กทรอนิกส์ (e-bidding)","จ้างทำของ/จ้างเหมาบริการ","มหาวิทยาลัยอุบลราชธานี","ประกวดราคาอิเล็กทรอนิกส์ (e-bidding)","ระหว่างดำเนินการ","25/9/2025","1/12/2025","2/12/2046","บริษัท ซิโนพาวเวอร์ จำกัด","135565014513","1","บริษัท ซิโนพาวเวอร์ จำกัด","0135565014513","1","197135500.000000000000000","181840700.000000000000000","106304476.400000005960464","106304476.400000005960464","58.500000000000000","0","low","0","","","5","13.300000000000001","","","","","0.000000000000000","","","","","","","","จ.อุบลราชธานี","ภาค 3","จ.อุบลราชธานี","text","province","15.239522270000000","104.853812590000004","1","0","0","0","0","0","0","0","0","0","104.853812585040075","15.239522271872579"
"354","68099448153","ประกวดราคาเช่าโครงการเช่าใช้อุปกรณ์การเรียนการสอนสำหรับครูและนักเรียน ภายใต้โครงการส่งเสริมการเรียนรู้ขั้นพื้นฐานทุกที่ทุกเวลา ประจำปีงบประมาณ พ.ศ.2568 ให้กับโรงเรียนที่ได้รับจัดสรร  ด้วยวิธีประกวดราคาอิเล็กทรอนิกส์ (e-bidding)","เช่า","สำนักงานคณะกรรมการการศึกษาขั้นพื้นฐาน","ประกวดราคาอิเล็กทรอนิกส์ (e-bidding)","ระหว่างดำเนินการ","1/10/2025","8/12/2025","30/4/2031","บริษัทจำกัด บริษัท ไวร์เออ แอนด์ ไวร์เลส จำกัด(สัญญากิจการค้าร่วม)","105538013293","7","บริษัทจำกัด บริษัท ไวร์เออ แอนด์ ไวร์เลส จำกัด(สัญญากิจการค้าร่วม) | บริษัทมหาชนจำกัด บริษัท เอสวีโอเอ จำกัด (มหาชน)(สัญญากิจการค้าร่วม)","0105538013293 | 0107537002001","2","176883420.000000000000000","176883420.000000000000000","176800000.000000000000000","176800000.000000000000000","100.000000000000000","5","high","2","R1|R8","ราคาตกลง ≥ 95% ของราคากลาง | ยื่นรายเดียวใน Open Bid","1","","บริษัท ไวร์เออ แอนด์ ไวร์เลส จำกัด","บริษัทจำกัด","ยังดำเนินกิจการอยู่","1995","6845130000.000000000000000","กรุงเทพมหานคร","เขตห้วยขวาง","กิจกรรมบริการทางการเงินอื่นๆ (ยกเว้นกิจกรรมการประกันภัย และกองทุนบำเหน็จบำนาญ) ซึ่งมิได้จัดประเภทไว้ในที่อื่น","","0.030000000000000","30","1","จ.บึงกาฬ","ภาค 4","จ.บึงกาฬ","hq","province","18.389562280000003","103.473700729999990","1","1","0","0","0","0","1","0","0","0","103.473700728570066","18.389562280080447"
"355","68099451662","ประกวดราคาจ้างก่อสร้างระบบประปาบาดาล จำนวน ๑ แห่ง โครงการจัดหาน้ำบาดาลขนาดใหญ่แก้ปัญหาภัยแล้งอันเนื่องมาจากพระราชดำริ บ้านบ่อทอง หมู่ที่ ๔ ตำบลหนองบัว อำเภอปะคำ จังหวัดบุรีรัมย์ ประจำปีงบประมาณ พ.ศ. ๒๕๖๙ ด้วยวิธีประกวดราคาอิเล็กทรอนิกส์ (e-bidding)","จ้างก่อสร้าง","กรมทรัพยากรน้ำบาดาล","ประกวดราคาอิเล็กทรอนิกส์ (e-bidding)","ระหว่างดำเนินการ","10/10/2025","25/12/2025","23/6/2026","บริษัท ไทยวอเตอร์ เอ็นจิเนียริ่ง จำกัด","105546112921","5","บริษัท ไทยวอเตอร์ เอ็นจิเนียริ่ง จำกัด","0105546112921","1","107638000.000000000000000","107620953.000000000000000","107460000.000000000000000","107460000.000000000000000","99.900000000000006","4","mid","2","R1|R9","ราคาตกลง ≥ 95% ของราคากลาง | ราคาผู้ชนะ vs อันดับ 2 < 5%","2","0.100000000000000","","","","","0.000000000000000","","","","","","","","จ.นครราชสีมา","ภาค 3","จ.บุรีรัมย์","latlong","real","14.432282389999999","102.659850200000008","1","1","0","0","0","0","0","1","0","0","102.659850200199941","14.432282390206716"
"356","68099455824","ซื้อกระสุนปืนเล็ก ขนาด ๕.๕๖ มิลลิเมตร ชนิดธรรมดามีแกนเหล็ก (CARTRIDGE, 5.56 MM. BALL WITH STEEL CORE) จำนวน ๒๕,๐๐๐,๐๐๐ นัด โดยวิธีคัดเลือก","ซื้อ","กองทัพบก","คัดเลือก","ระหว่างดำเนินการ","","8/1/2026","6/8/2026","บริษัท ไพบูลย์เศรษฐกิจ จำกัด","105558192819","1","บริษัท ไพบูลย์เศรษฐกิจ จำกัด","0105558192819","1","387500000.000000000000000","387500000.000000000000000","296750000.000000000000000","296750000.000000000000000","76.599999999999994","0","low","0","","","3","17.899999999999999","","","","","0.000000000000000","","","","","","","","กรุงเทพมหานคร","กทม","กรุงเทพมหานคร","hq","province","13.759600360000000","100.513838100000001","1","0","0","0","0","0","0","0","0","0","100.513838098476981","13.759600356362901"
"357","68099459888","ประกวดราคาซื้อร่วมยาระดับกรม ประจำปีงบประมาณ พ.ศ. 2569 กลุ่มที่ 3 กลุ่มยารักษาโรคจอประสาทตาเสื่อมและน้ำตาเทียม จำนวน 5 รายการ ด้วยวิธีประกวดราคาอิเล็กทรอนิกส์ (e-bidding)","ซื้อ","กรมการแพทย์","ประกวดราคาอิเล็กทรอนิกส์ (e-bidding)","ระหว่างดำเนินการ","2/10/2025","28/1/2026","30/9/2026","บริษัท ดีเคเอสเอช (ประเทศไทย) จำกัด","105523002118","15","บริษัท ดีเคเอสเอช (ประเทศไทย) จำกัด | บริษัท ฟาร์ม่า อินโนวา จำกัด","0105523002118 | 0105547101744","2","124259248.000000000000000","124259248.000000000000000","124259248.000000000000000","105067152.000000000000000","100.000000000000000","2","low","1","R1","ราคาตกลง ≥ 95% ของราคากลาง","2","8.600000000000000","บริษัท ดีเคเอสเอช (ประเทศไทย) จำกัด","บริษัทจำกัด","ยังดำเนินกิจการอยู่","1980","200000000.000000000000000","กรุงเทพมหานคร","เขตพระโขนง","การซื้อและการขายอสังหาริมทรัพย์ที่เป็นของตนเองที่ไม่ใช่ เพื่อเป็นที่พักอาศัย","","0.530000000000000","45","0","กรุงเทพมหานคร","กทม","กรุงเทพมหานคร","hq","province","13.759604990000001","100.513837520000010","1","1","0","0","0","0","0","0","0","0","100.513837519063628","13.759604994762325"
"358","68099469421","ประกวดราคาจ้างเหมาเอกชนอ่านมาตรพร้อมพิมพ์ใบแจ้งหนี้ด้วยเครื่องมืออ่านมาตรให้กับ กปภ.สาขาในสังกัด กปภ.ข.10 จำนวน 26 สาขา (ครั้งที่ 2) ด้วยวิธีประกวดราคาอิเล็กทรอนิกส์ (e-bidding)","จ้างทำของ/จ้างเหมาบริการ","การประปาส่วนภูมิภาค","ประกวดราคาอิเล็กทรอนิกส์ (e-bidding)","ระหว่างดำเนินการ","20/10/2025","19/1/2026","31/1/2029","บริษัทจำกัด บริษัท อีทีอี เมเนจเมนท์ จำกัด(สัญญากิจการค้าร่วม)","105550107880","2","บริษัทจำกัด บริษัท อีทีอี เมเนจเมนท์ จำกัด(สัญญากิจการค้าร่วม) | บริษัทมหาชนจำกัด บริษัท สยามราชธานี จำกัด (มหาชน)(สัญญากิจการค้าร่วม)","0105550107880 | 0107562000297","2","122642700.200000002980232","121653968.200000002980232","121500360.599999994039536","89740484.540000021457672","99.900000000000006","2","low","1","R1","ราคาตกลง ≥ 95% ของราคากลาง","2","12.500000000000000","","","","","0.000000000000000","","","","","","","","กรุงเทพมหานคร","กทม","กรุงเทพมหานคร","hq","province","13.759646100000001","100.513829670000007","1","1","0","0","0","0","0","0","0","0","100.513829674076263","13.759646105147034"
"359","68099488404","ประกวดราคาเช่าการเช่าใช้อุปกรณ์การเรียนการสอนสำหรับครูและนักเรียนภายใต้โครงการส่งเสริมการเรียนรู้ขั้นพื้นฐานทุกที่ทุกเวลา ประจำปีงบประมาณ พ.ศ. 2568 ด้วยวิธีประกวดราคาอิเล็กทรอนิกส์ (e-bidding)","เช่า","สำนักงานคณะกรรมการการศึกษาขั้นพื้นฐาน","ประกวดราคาอิเล็กทรอนิกส์ (e-bidding)","ระหว่างดำเนินการ","30/12/2025","6/3/2026","5/7/2031","บริษัท สุพรีม ดิสทิบิวชั่น จำกัด (มหาชน)","107566000291","16","บริษัท สุพรีม ดิสทิบิวชั่น จำกัด (มหาชน)","0107566000291","1","289506000.000000000000000","289506000.000000000000000","289470000.000000000000000","289470000.000000000000000","100.000000000000000","5","high","3","R1|R9|R11","ราคาตกลง ≥ 95% ของราคากลาง | ราคาผู้ชนะ vs อันดับ 2 < 5% | บริษัทจดทะเบียนใหม่ก่อนชนะโครงการ","2","0.000000000000000","บริษัท สุพรีม ดิสทิบิวชั่น จำกัด (มหาชน)","บริษัทมหาชนจำกัด","ยังดำเนินกิจการอยู่","2023","370000000.000000000000000","กรุงเทพมหานคร","เขตบางเขน","การขายส่งคอมพิวเตอร์อุปกรณ์ต่อพ่วงคอมพิวเตอร์และซอฟต์แวร์","","0.780000000000000","2","1","จ.สงขลา","ภาค 9","จ.สงขลา","hq","province","7.039727220000000","100.463946379999996","1","1","0","0","0","0","0","1","0","1","100.463946376367758","7.039727218404577"
"360","68099490137","ประกวดราคาจ้างก่อสร้างโครงการพัฒนาพื้นที่ชุมชนเทศบาลเมืองหล่มสักและชุมชนต่อเนื่อง อำเภอหล่มสัก จังหวัดเพชรบูรณ์ ด้วยวิธีประกวดราคาอิเล็กทรอนิกส์ (e-bidding)","จ้างก่อสร้าง","กรมโยธาธิการและผังเมือง","ประกวดราคาอิเล็กทรอนิกส์ (e-bidding)","ระหว่างดำเนินการ","25/9/2025","27/1/2026","31/1/2028","ห้างหุ้นส่วนจำกัด ณัฐติรัตน์ก่อสร้าง","673523000054","1","ห้างหุ้นส่วนจำกัด ณัฐติรัตน์ก่อสร้าง","0673523000054","1","150000000.000000000000000","149855000.000000000000000","148199900.000000000000000","148199900.000000000000000","98.900000000000006","4","mid","2","R1|R9","ราคาตกลง ≥ 95% ของราคากลาง | ราคาผู้ชนะ vs อันดับ 2 < 5%","4","0.800000000000000","ห้างหุ้นส่วนจำกัด ณัฐติรัตน์ก่อสร้าง","ห้างหุ้นส่วนจำกัด","ยังดำเนินกิจการอยู่","1980","60000000.000000000000000","เพชรบูรณ์","หล่มสัก","การก่อสร้างอาคารที่ไม่ใช่ที่พักอาศัย","41002","2.470000000000000","45","1","กรุงเทพมหานคร","กทม","จ.เพชรบูรณ์","latlong","real","16.791907609999999","101.233611099999990","1","1","0","0","0","0","0","1","0","0","101.233611099853690","16.791907609617585"
"361","68099492820","จ้างเหมาจัดเก็บขยะมูลฝอย ปีงบประมาณ พ.ศ. ๒๕๖๙ (ตั้งแต่วันที่ ๑ ตุลาคม ๒๕๖๘ ถึงวันที่ ๓๐ กันยายน ๒๕๖๙) โดยวิธีเฉพาะเจาะจง","จ้างทำของ/จ้างเหมาบริการ","เทศบาลตำบลบางปู","เฉพาะเจาะจง","ระหว่างดำเนินการ","","1/10/2025","30/9/2026","บริษัท เมืองสะอาด จำกัด","125540008480","2","บริษัท เมืองสะอาด จำกัด","0125540008480","1","111836000.000000000000000","111836000.000000000000000","111836000.000000000000000","111836000.000000000000000","100.000000000000000","5","high","2","R1|R4","ราคาตกลง ≥ 95% ของราคากลาง | ใช้วิธีเฉพาะเจาะจง","1","","บริษัท เมืองสะอาด จำกัด","บริษัทจำกัด","ยังดำเนินกิจการอยู่","1997","85719400.000000000000000","กรุงเทพมหานคร","เขตคันนายาว","การบำบัดและการกำจัดของเสียที่ไม่เป็นอันตรายโดยการเผาด้วยเตาเผาขยะ","38212","1.300000000000000","","1","จ.สมุทรปราการ","ภาค 1","จ.สมุทรปราการ","hq","province","13.609761470000000","100.573811980000002","1","1","0","1","0","0","0","0","0","0","100.573811984024118","13.609761470782068"
"362","68099502638","ประกวดราคาซื้อเครื่องสูบน้ำด้วยไฟฟ้าชนิดเพลาตั้ง พร้อมติดตั้ง และอื่นๆ รวม 10 รายการ สำหรับงานประตูระบายน้ำพร้อมสถานีสูบน้ำปลายคลอง 19 ตำบลโยธะกา อำเภอบางน้ำเปรี้ยว จังหวัดฉะเชิงเทรา ด้วยวิธีประกวดราคาอิเล็กทรอนิกส์ (e-bidding)","ซื้อ","กรมชลประทาน","ประกวดราคาอิเล็กทรอนิกส์ (e-bidding)","ระหว่างดำเนินการ","6/10/2025","23/12/2025","19/9/2026","บริษัท ดับบลิวพีไอแอล (ไทยแลนด์) จำกัด","125554007332","4","บริษัท ดับบลิวพีไอแอล (ไทยแลนด์) จำกัด","0125554007332","1","119694800.000000000000000","119694890.000000000000000","119540400.000000000000000","119540400.000000000000000","99.900000000000006","4","mid","2","R1|R9","ราคาตกลง ≥ 95% ของราคากลาง | ราคาผู้ชนะ vs อันดับ 2 < 5%","2","0.100000000000000","","","","","0.000000000000000","","","","","","","","กรุงเทพมหานคร","กทม","จ.ฉะเชิงเทรา","text","province","13.700832269999999","101.073579609999996","1","1","0","0","0","0","0","1","0","0","101.073579610551590","13.700832273900547"
"363","68099515955","ประกวดราคาจ้างก่อสร้างโครงการพัฒนาพื้นที่ชุมชนหนองกินเพล อำเภอวารินชำราบ จังหวัดอุบลราชธานี ระยะที่ 2 ด้วยวิธีประกวดราคาอิเล็กทรอนิกส์ (e-bidding)","จ้างก่อสร้าง","กรมโยธาธิการและผังเมือง","ประกวดราคาอิเล็กทรอนิกส์ (e-bidding)","ระหว่างดำเนินการ","25/9/2025","29/1/2026","3/3/2028","ห้างหุ้นส่วนจำกัด อุบลมนตรีก่อสร้าง","343535001070","2","ห้างหุ้นส่วนจำกัด อุบลมนตรีก่อสร้าง","0343535001070","1","120000000.000000000000000","119941000.000000000000000","118950000.000000000000000","118950000.000000000000000","99.200000000000003","4","mid","2","R1|R9","ราคาตกลง ≥ 95% ของราคากลาง | ราคาผู้ชนะ vs อันดับ 2 < 5%","4","0.800000000000000","ห้างหุ้นส่วนจำกัด อุบลมนตรีก่อสร้าง","ห้างหุ้นส่วนจำกัด","ยังดำเนินกิจการอยู่","1992","250000000.000000000000000","อุบลราชธานี","เมืองอุบลราชธานี","การก่อสร้างอาคารที่ไม่ใช่ที่พักอาศัย","41002","0.480000000000000","33","1","กรุงเทพมหานคร","กทม","จ.อุบลราชธานี","latlong","real","15.200932990000000","104.791676400000000","1","1","0","0","0","0","0","1","0","0","104.791676399806846","15.200932990227932"
"364","68099516324","ประกวดราคาจ้างก่อสร้างโครงการปรับปรุงภูมิทัศน์และโครงสร้างพื้นฐานเมืองเก่า ตำบลรอบเวียง อำเภอเมืองเชียงราย จังหวัดเชียงราย ระยะที่ 2 ด้วยวิธีประกวดราคาอิเล็กทรอนิกส์ (e-bidding)","จ้างก่อสร้าง","กรมโยธาธิการและผังเมือง","ประกวดราคาอิเล็กทรอนิกส์ (e-bidding)","ระหว่างดำเนินการ","26/9/2025","25/2/2026","28/6/2028","ห้างหุ้นส่วนจำกัด ห้างหุ้นส่วนจำกัด ณ คอนสตรัคชั่น 168(สัญญากิจการค้าร่วม)","573540000025","2","ห้างหุ้นส่วนจำกัด ห้างหุ้นส่วนจำกัด ณ คอนสตรัคชั่น 168(สัญญากิจการค้าร่วม) | บริษัทจำกัด บริษัท เชียงราย เอส.เอส.พี จำกัด(สัญญากิจการค้าร่วม)","0573540000025 | 0575537001271","2","180000000.000000000000000","179820000.000000000000000","178020000.000000000000000","87229800.000000000000000","99.000000000000000","5","high","3","R1|R9|R10","ราคาตกลง ≥ 95% ของราคากลาง | ราคาผู้ชนะ vs อันดับ 2 < 5% | ทุนจดทะเบียนต่ำเทียบมูลค่าสัญญา","4","0.800000000000000","ห้างหุ้นส่วนจำกัด ณ คอนสตรัคชั่น 168","ห้างหุ้นส่วนจำกัด","ยังดำเนินกิจการอยู่","1997","1000000.000000000000000","เชียงราย","เมืองเชียงราย","การก่อสร้างอาคารที่ไม่ใช่ที่พักอาศัย","","87.230000000000004","28","1","กรุงเทพมหานคร","กทม","จ.เชียงราย","latlong","real","19.901120020000000","99.833796469999996","1","1","0","0","0","0","0","1","1","0","99.833796470002568","19.901120020121610"
"365","68099516979","ประกวดราคาเช่าเช่าใช้อุปกรณ์การเรียนการสอนสำหรับครูและนักเรียน ด้วยวิธีประกวดราคาอิเล็กทรอนิกส์ (e-bidding)","เช่า","สำนักงานคณะกรรมการการศึกษาขั้นพื้นฐาน","ประกวดราคาอิเล็กทรอนิกส์ (e-bidding)","ระหว่างดำเนินการ","25/9/2025","31/3/2026","31/7/2031","บริษัท เมโทรโปรเฟสชั่นแนลโปรดักส์ จำกัด","105535119244","4","บริษัท เมโทรโปรเฟสชั่นแนลโปรดักส์ จำกัด","0105535119244","1","154672140.000000000000000","154672140.000000000000000","154567852.000000000000000","154567852.000000000000000","99.900000000000006","4","mid","2","R1|R9","ราคาตกลง ≥ 95% ของราคากลาง | ราคาผู้ชนะ vs อันดับ 2 < 5%","3","0.600000000000000","","","","","0.000000000000000","","","","","","","","จ.ประจวบคีรีขันธ์","ภาค 7","จ.ประจวบคีรีขันธ์","hq","province","12.110875860000000","99.713617240000005","1","1","0","0","0","0","0","1","0","0","99.713617242585485","12.110875858736554"
"610","69029109942","ประกวดราคาจ้างก่อสร้างฝายพับได้บริเวณปากคลองผันน้ำ (คลองลัดคลองบางสะพาน) ตำบลพงศ์ประศาสน์ อำเภอบางสะพาน จังหวัดประจวบคีรีขันธ์ ด้วยวิธีประกวดราคาอิเล็กทรอนิกส์ (e-bidding)","จ้าง","กรมชลประทาน","ประกวดราคาอิเล็กทรอนิกส์ (e-bidding)","ระหว่างดำเนินการ","26/2/2026","28/4/2026","","บริษัท สามเพชร จำกัด","625565000569","2","บริษัท สามเพชร จำกัด","0625565000569","1","117937000.000000000000000","117928721.909999996423721","117695000.000000000000000","117695000.000000000000000","99.799999999999997","2","low","1","R1","ราคาตกลง ≥ 95% ของราคากลาง","","","","","","","","","","","","","","","กรุงเทพมหานคร","กทม","","","real","11.182944380000000","99.466859610000000","1","1","0","0","0","0","0","0","0","0","99.466859608282149","11.182944377529275"
"366","68099537668","ประกวดราคาจ้างก่อสร้างอาคารพิพิธภัณฑ์นวัตกรรมการเกษตรพร้อมครุภัณฑ์ ตำบลหนองหาร อำเภอสันทราย จังหวัดเชียงใหม่ ด้วยวิธีประกวดราคาอิเล็กทรอนิกส์ (e-bidding)","จ้างก่อสร้าง","มหาวิทยาลัยแม่โจ้","ประกวดราคาอิเล็กทรอนิกส์ (e-bidding)","ระหว่างดำเนินการ","8/10/2025","26/3/2026","4/4/2028","บริษัท ศักดิ์ทองพูน จำกัด","515529000024","1","บริษัท ศักดิ์ทองพูน จำกัด","0515529000024","1","217600000.000000000000000","216979361.599999994039536","216700000.000000000000000","216700000.000000000000000","99.900000000000006","4","mid","2","R1|R9","ราคาตกลง ≥ 95% ของราคากลาง | ราคาผู้ชนะ vs อันดับ 2 < 5%","9","1.500000000000000","","","","","0.000000000000000","","","","","","","","จ.เชียงใหม่","ภาค 5","จ.เชียงใหม่","latlong","real","18.929857590000001","99.020083619999994","1","1","0","0","0","0","0","1","0","0","99.020083620127835","18.929857590012205"
"367","68099542004","ประกวดราคาเช่าโครงการเช่าบริการระบบกล้องโทรทัศน์วงจรปิด (CCTV System) และเทคโนโลยีอื่นเพื่อการควบคุมทางศุลกากร ประจำปีงบประมาณ พ.ศ. ๒๕๖๙ - พ.ศ. ๒๕๗๔ ด้วยวิธีประกวดราคาอิเล็กทรอนิกส์ (e-bidding)","เช่า","กรมศุลกากร","ประกวดราคาอิเล็กทรอนิกส์ (e-bidding)","ระหว่างดำเนินการ","24/12/2025","25/3/2026","31/12/2031","บริษัทจำกัด บริษัท ยิบอินซอย จำกัด(สัญญากิจการค้าร่วม)","105473000036","2","บริษัทจำกัด บริษัท ยิบอินซอย จำกัด(สัญญากิจการค้าร่วม) | บริษัทจำกัด บริษัท สกายไฮ จำกัด(สัญญากิจการค้าร่วม)","0105473000036 | 0105553073951","2","1449211100.000000000000000","1449211080.000000000000000","1432518890.000000000000000","701934256.100000023841858","98.799999999999997","4","mid","2","R1|R9","ราคาตกลง ≥ 95% ของราคากลาง | ราคาผู้ชนะ vs อันดับ 2 < 5%","3","0.300000000000000","บริษัท ยิบอินซอย จำกัด","บริษัทจำกัด","ยังดำเนินกิจการอยู่","1930","220000000.000000000000000","กรุงเทพมหานคร","เขตบางรัก","กิจกรรมการจัดการสิ่งอำนวยความสะดวกด้านคอมพิวเตอร์","62023","3.190000000000000","95","0","กรุงเทพมหานคร","กทม","กรุงเทพมหานคร","hq","province","13.760988090000000","100.513566619999992","1","1","0","0","0","0","0","1","0","0","100.513566616818338","13.760988090514653"
"368","68099577062","ประกวดราคาเช่าใช้อุปกรณ์การเรียนการสอนสำหรับครูและนักเรียน ด้วยวิธีประกวดราคาอิเล็กทรอนิกส์ (e-bidding)","เช่า","สำนักงานคณะกรรมการการศึกษาขั้นพื้นฐาน","ประกวดราคาอิเล็กทรอนิกส์ (e-bidding)","ระหว่างดำเนินการ","2/10/2025","18/12/2025","30/4/2031","บริษัท เมโทรโปรเฟสชั่นแนลโปรดักส์ จำกัด","105535119244","4","บริษัท เมโทรโปรเฟสชั่นแนลโปรดักส์ จำกัด","0105535119244","1","100733850.000000000000000","118477950.000000000000000","100657440.000000000000000","100657440.000000000000000","85.000000000000000","2","low","1","R9","ราคาผู้ชนะ vs อันดับ 2 < 5%","3","0.500000000000000","","","","","0.000000000000000","","","","","","","","จ.พัทลุง","ภาค 9","จ.พัทลุง","hq","province","7.631109950000000","100.073688599999997","1","0","0","0","0","0","0","1","0","0","100.073688599491305","7.631109947992316"
"369","68099587169","ประกวดราคาจ้างก่อสร้างโครงการก่อสร้างอาคาร ค.ส.ล. ๗ ชั้น ใช้เป็นสำนักงานพร้อมส่วนประกอบและที่จอดรถยนต์ บช.ปส. จำนวน ๑ อาคาร ด้วยวิธีประกวดราคาอิเล็กทรอนิกส์ (e-bidding)","จ้างก่อสร้าง","สำนักงานตำรวจแห่งชาติ","ประกวดราคาอิเล็กทรอนิกส์ (e-bidding)","ระหว่างดำเนินการ","8/1/2026","18/3/2026","7/3/2028","บริษัท เอส เอส ไอ ดีเวลลอปเม้นท์ จำกัด","105561134212","4","บริษัท เอส เอส ไอ ดีเวลลอปเม้นท์ จำกัด","0105561134212","1","147943000.000000000000000","147934000.000000000000000","147400000.000000000000000","147400000.000000000000000","99.599999999999994","4","mid","2","R1|R9","ราคาตกลง ≥ 95% ของราคากลาง | ราคาผู้ชนะ vs อันดับ 2 < 5%","3","0.200000000000000","บริษัท เอส เอส ไอ ดีเวลลอปเม้นท์ จำกัด","บริษัทจำกัด","ยังดำเนินกิจการอยู่","2018","120000000.000000000000000","กรุงเทพมหานคร","เขตหลักสี่","การก่อสร้างอาคารที่พักอาศัย","","1.230000000000000","8","0","กรุงเทพมหานคร","กทม","จ.นนทบุรี","latlong","real","13.868983810000000","100.577980600000004","1","1","0","0","0","0","0","1","0","0","100.577980599930399","13.868983810034036"
"370","68099612306","ประกวดราคาซื้อลูกถ้วยไลน์โพสท์ไทพ์ 22 เควี แบบ 57-2L ชนิดทนเพาเวอร์อาร์ค จำนวน 140,000 ชุด เลขที่ กจพ2-ลถ-020.1-2568 ด้วยวิธีประกวดราคาอิเล็กทรอนิกส์ (e-bidding)","ซื้อ","การไฟฟ้าส่วนภูมิภาค","ประกวดราคาอิเล็กทรอนิกส์ (e-bidding)","ระหว่างดำเนินการ","17/11/2025","4/3/2026","30/10/2026","บริษัท ลูกถ้วย จำกัด","105555030044","1","บริษัท ลูกถ้วย จำกัด","0105555030044","1","119690200.000000000000000","119690200.000000000000000","118941200.000000000000000","118941200.000000000000000","99.400000000000006","4","mid","2","R1|R9","ราคาตกลง ≥ 95% ของราคากลาง | ราคาผู้ชนะ vs อันดับ 2 < 5%","5","0.100000000000000","","","","","0.000000000000000","","","","","","","","กรุงเทพมหานคร","กทม","กรุงเทพมหานคร","hq","province","13.762227680000001","100.513458170000007","1","1","0","0","0","0","0","1","0","0","100.513458165010718","13.762227678172065"
"371","68099635992","ซื้อน้ำมันเชื้อเพลิง จำนวน 6 รายการ โดยวิธีเฉพาะเจาะจง","ซื้อ","กองทัพบก","เฉพาะเจาะจง","ระหว่างดำเนินการ","","8/10/2025","5/2/2026","บริษัท ปตท. จำกัด(มหาชน)","107544000108","8","บริษัท ปตท. จำกัด(มหาชน)","0107544000108","1","249326000.000000000000000","249326000.000000000000000","249326000.000000000000000","249326000.000000000000000","100.000000000000000","5","high","2","R1|R4","ราคาตกลง ≥ 95% ของราคากลาง | ใช้วิธีเฉพาะเจาะจง","1","","บริษัท ปตท. จำกัด (มหาชน)","บริษัทมหาชนจำกัด","ยังดำเนินกิจการอยู่","2001","28562996250.000000000000000","กรุงเทพมหานคร","เขตจตุจักร","การทดสอบและวิเคราะห์ทางเทคนิคอื่นๆซึ่งมิได้จัดประเภท ไว้ในที่อื่น","71209","0.010000000000000","","1","จ.นนทบุรี","ภาค 1","จ.นนทบุรี","hq","province","13.872305079999999","100.503459320000005","1","1","0","1","0","0","0","0","0","0","100.503459321213754","13.872305083329650"
"372","68099656151","ประกวดราคาซื้อ12 kV SF6 Insulated Load Break Switch for Network Transformer (Code 5925-390-40300) จำนวน 100 ชุด ตามรหัสจัดหาเลขที่ MP6-8975-PGZ ด้วยวิธีประกวดราคาอิเล็กทรอนิกส์ (e-bidding)","ซื้อ","การไฟฟ้านครหลวง","ประกวดราคาอิเล็กทรอนิกส์ (e-bidding)","ระหว่างดำเนินการ","18/11/2025","9/3/2026","6/8/2026","บริษัท จี.เค.พาวเวอร์ โปรดักส์ จำกัด","105535099111","1","บริษัท จี.เค.พาวเวอร์ โปรดักส์ จำกัด","0105535099111","1","117700000.000000000000000","117486000.000000000000000","108605000.000000000000000","108605000.000000000000000","92.400000000000006","2","low","1","R9","ราคาผู้ชนะ vs อันดับ 2 < 5%","2","4.600000000000000","บริษัท จี.เค.พาวเวอร์ โปรดักส์ จำกัด","บริษัทจำกัด","ยังดำเนินกิจการอยู่","1992","100000000.000000000000000","กรุงเทพมหานคร","เขตดุสิต","การผลิตอุปกรณ์ไฟฟ้าอื่นๆซึ่งมิได้จัดประเภทไว้ในที่อื่น การผลิตเครื่องจักรและเครื่องมือซึ่งมิได้จัดประเภทไว้ในที่อื่น","27909","1.090000000000000","33","0","กรุงเทพมหานคร","กทม","กรุงเทพมหานคร","hq","province","13.762379769999999","100.513466790000010","1","0","0","0","0","0","0","1","0","0","100.513466793329044","13.762379768101857"
"373","68109011796","ซื้อน้ำมันดีเซลหมุนเร็ว ไม่ผสมไบโอดีเชล (ทางเรือ) จัดซื้อที่อุณหภูมิ 86 องศาฟาเรนไฮท์ จำนวน 4,000,000 ลิตร โดยวิธีเฉพาะเจาะจง","ซื้อ","กองทัพเรือ","เฉพาะเจาะจง","ระหว่างดำเนินการ","","21/10/2025","31/3/2026","บริษัท ปตท. จำกัด(มหาชน)","107544000108","8","บริษัท ปตท. จำกัด(มหาชน)","0107544000108","1","130069200.000000000000000","130069200.000000000000000","130069200.000000000000000","130069200.000000000000000","100.000000000000000","5","high","2","R1|R4","ราคาตกลง ≥ 95% ของราคากลาง | ใช้วิธีเฉพาะเจาะจง","1","","บริษัท ปตท. จำกัด (มหาชน)","บริษัทมหาชนจำกัด","ยังดำเนินกิจการอยู่","2001","28562996250.000000000000000","กรุงเทพมหานคร","เขตจตุจักร","การทดสอบและวิเคราะห์ทางเทคนิคอื่นๆซึ่งมิได้จัดประเภท ไว้ในที่อื่น","71209","0.000000000000000","","0","กรุงเทพมหานคร","กทม","กรุงเทพมหานคร","hq","province","13.765790190000001","100.479592640000007","1","1","0","1","0","0","0","0","0","0","100.479592642691728","13.765790187136639"
"374","68109021784","ประกวดราคาเช่าเช่ารถยนต์บรรทุกผู้ต้องขังพร้อมอุปกรณ์ จำนวน 82 คัน ด้วยวิธีประกวดราคาอิเล็กทรอนิกส์ (e-bidding)","เช่า","กรมราชทัณฑ์","ประกวดราคาอิเล็กทรอนิกส์ (e-bidding)","ระหว่างดำเนินการ","15/10/2025","25/12/2025","13/10/2030","บริษัท เอ็ม.แซท.ดี. คาร์เซ็นเตอร์ จำกัด","105546121351","1","บริษัท เอ็ม.แซท.ดี. คาร์เซ็นเตอร์ จำกัด","0105546121351","1","192303900.000000000000000","178282890.000000000000000","175759500.000000000000000","175759500.000000000000000","98.599999999999994","4","mid","2","R1|R9","ราคาตกลง ≥ 95% ของราคากลาง | ราคาผู้ชนะ vs อันดับ 2 < 5%","3","0.900000000000000","","","","","0.000000000000000","","","","","","","","จ.นนทบุรี","ภาค 1","จ.นนทบุรี","hq","province","13.875847120000000","100.469585589999994","1","1","0","0","0","0","0","1","0","0","100.469585593682950","13.875847116271022"
"375","68109027219","ประกวดราคาจ้างโครงการจ้างเหมาเอกชนจัดเก็บขนขยะมูลฝอยในเขตองค์การบริหารส่วนตำบลมาบยางพร อำเภอปลวกแดง จังหวัดระยอง ประจำปีงบประมาณ พ.ศ. 2569 - พศ. 2573 ด้วยวิธีประกวดราคาอิเล็กทรอนิกส์ (e-bidding)","จ้างทำของ/จ้างเหมาบริการ","องค์การบริหารส่วนตำบลมาบยางพร","ประกวดราคาอิเล็กทรอนิกส์ (e-bidding)","ระหว่างดำเนินการ","10/10/2025","30/1/2026","30/9/2030","บริษัท เจแอนด์ซี เซอร์วิส กรุ๊ป จำกัด","205556035154","1","บริษัท เจแอนด์ซี เซอร์วิส กรุ๊ป จำกัด","0205556035154","1","375534274.600000023841858","375534274.600000023841858","302447819.800000011920929","302447819.800000011920929","80.500000000000000","0","low","0","","","2","15.900000000000000","","","","","0.000000000000000","","","","","","","","จ.ระยอง","ภาค 2","จ.ระยอง","text","province","12.965857710000000","100.959740839999995","1","0","0","0","0","0","0","0","0","0","100.959740842428445","12.965857708964975"
"376","68109046419","ประกวดราคาจ้างก่อสร้างระบบส่งน้ำพร้อมอาคารประกอบ ฝั่งซ้าย โครงการระบบส่งน้ำอ่างเก็บน้ำกุดตาเพชร จังหวัดลพบุรี ด้วยวิธีประกวดราคาอิเล็กทรอนิกส์ (e-bidding)","จ้างก่อสร้าง","กรมชลประทาน","ประกวดราคาอิเล็กทรอนิกส์ (e-bidding)","ระหว่างดำเนินการ","31/10/2025","31/3/2026","","บริษัท ทองมาคอนแทรคเตอร์ จำกัด","165518000013","1","บริษัท ทองมาคอนแทรคเตอร์ จำกัด","0165518000013","1","475000000.000000000000000","303415920.000000000000000","303354200.000000000000000","303354200.000000000000000","100.000000000000000","5","high","3","R1|R7|R9","ราคาตกลง ≥ 95% ของราคากลาง | ราคากลาง vs งบ > 20% | ราคาผู้ชนะ vs อันดับ 2 < 5%","3","0.000000000000000","บริษัท ทองมาคอนแทรคเตอร์ จำกัด","บริษัทจำกัด","ยังดำเนินกิจการอยู่","1975","400000000.000000000000000","ลพบุรี","ชัยบาดาล","การขายส่งผลิตภัณฑ์ที่ได้จากการกลั่นปิโตรเลียม","","0.760000000000000","50","1","กรุงเทพมหานคร","กทม","จ.ชัยภูมิ","latlong","real","15.549076209999999","101.348665300000008","1","1","0","0","0","1","0","1","0","0","101.348665300234330","15.549076210180415"
"377","68109058938","ประกวดราคาจ้างก่อสร้างงานปรับปรุงฐานรากคลองระบายน้ำหลากพร้อมอาคารประกอบ กม.20+100 - กม.22+500 โครงการคลองระบายน้ำหลากบางบาล-บางไทร จังหวัดพระนครศรีอยุธยา ด้วยวิธีประกวดราคาอิเล็กทรอนิกส์ (e-bidding)","จ้างก่อสร้าง","กรมชลประทาน","ประกวดราคาอิเล็กทรอนิกส์ (e-bidding)","ระหว่างดำเนินการ","21/10/2025","12/1/2026","","บริษัท ไทยซีเมนต์คอลัมน์ จำกัด","135558001576","1","บริษัท ไทยซีเมนต์คอลัมน์ จำกัด","0135558001576","1","167076000.000000000000000","168863283.699999988079071","165989725.699999988079071","165989725.699999988079071","98.299999999999997","6","high","3","R1|R8|R10","ราคาตกลง ≥ 95% ของราคากลาง | ยื่นรายเดียวใน Open Bid | ทุนจดทะเบียนต่ำเทียบมูลค่าสัญญา","1","","บริษัท ไทยซีเมนต์คอลัมน์ จำกัด","บริษัทจำกัด","ยังดำเนินกิจการอยู่","2015","20000000.000000000000000","ปทุมธานี","คลองหลวง","การก่อสร้างอาคารที่ไม่ใช่ที่พักอาศัย","","8.300000000000001","10","1","กรุงเทพมหานคร","กทม","จ.พระนครศรีอยุธยา","latlong","real","14.211372449999999","100.519168399999998","1","1","0","0","0","0","1","0","1","0","100.519168400437337","14.211372450337395"
"378","68109059992","ประกวดราคาจ้างก่อสร้างฝายพร้อมอาคารประกอบ โครงการฝายบ้านคลองสีฟัน 2 ตำบลลานบ่า อำเภอหล่มสัก จังหวัดเพชรบูรณ์ ด้วยวิธีประกวดราคาอิเล็กทรอนิกส์ (e-bidding)","จ้างก่อสร้าง","กรมชลประทาน","ประกวดราคาอิเล็กทรอนิกส์ (e-bidding)","ระหว่างดำเนินการ","31/10/2025","26/2/2026","","บริษัท วัฒนาสุข อินเตอร์เนชั่นแนล จำกัด","105538126705","2","บริษัท วัฒนาสุข อินเตอร์เนชั่นแนล จำกัด","0105538126705","1","550000000.000000000000000","482674570.800000011920929","481618100.000000000000000","481618100.000000000000000","99.799999999999997","4","mid","2","R1|R9","ราคาตกลง ≥ 95% ของราคากลาง | ราคาผู้ชนะ vs อันดับ 2 < 5%","3","0.000000000000000","บริษัท วัฒนาสุข อินเตอร์เนชั่นแนล จำกัด","บริษัทจำกัด","ยังดำเนินกิจการอยู่","1995","300000000.000000000000000","กรุงเทพมหานคร","เขตป้อมปราบศัตรูพ่าย","การขายส่งเครื่องจักรและอุปกรณ์อื่นๆซึ่งมิได้จัดประเภทไว้ในที่อื่น","46599","1.610000000000000","30","0","กรุงเทพมหานคร","กทม","จ.เพชรบูรณ์","latlong","real","16.685568250000003","101.209176600000006","1","1","0","0","0","0","0","1","0","0","101.209176599833839","16.685568250324806"
"379","68109094457","ประกวดราคาจ้างเหมาบริการจัดการศูนย์เฝ้าระวังและควบคุมคุณภาพสิ่งแวดล้อม ของสำนักงานนิคมอุตสาหกรรมมาบตาพุด ระยะเวลา 60 เดือน ด้วยวิธีประกวดราคาอิเล็กทรอนิกส์ (e-bidding)","จ้างทำของ/จ้างเหมาบริการ","การนิคมอุตสาหกรรมแห่งประเทศไทย","ประกวดราคาอิเล็กทรอนิกส์ (e-bidding)","ระหว่างดำเนินการ","21/10/2025","7/1/2026","31/1/2031","บริษัท สิทธิพรแอสโซซิเอส จำกัด","105519011337","2","บริษัท สิทธิพรแอสโซซิเอส จำกัด","0105519011337","1","179600000.000000000000000","140200000.000000000000000","140170000.000000000000000","140170000.000000000000000","100.000000000000000","6","high","4","R1|R7|R9|R10","ราคาตกลง ≥ 95% ของราคากลาง | ราคากลาง vs งบ > 20% | ราคาผู้ชนะ vs อันดับ 2 < 5% | ทุนจดทะเบียนต่ำเทียบมูลค่าสัญญา","2","2.200000000000000","บริษัท สิทธิพรแอสโซซิเอส จำกัด","บริษัทจำกัด","ยังดำเนินกิจการอยู่","1976","25000000.000000000000000","กรุงเทพมหานคร","เขตบางพลัด","การผลิตยานยนต์อื่นๆซึ่งมิได้จัดประเภทไว้ในที่อื่น","","5.610000000000000","49","0","กรุงเทพมหานคร","กทม","กรุงเทพมหานคร","hq","province","13.766250789999999","100.479692510000007","1","1","0","0","0","1","0","1","1","0","100.479692506605218","13.766250787803791"
"380","68109106108","เช่าโครงการบริการด้านซอฟต์แวร์ (SaaS) ภายใต้ระบบคลาวด์กลางภาครัฐ (Government Data Center and Cloud service  GDCC) โดยวิธีเฉพาะเจาะจง","เช่า","สำนักงานคณะกรรมการดิจิทัลเพื่อเศรษฐกิจและสังคมแห่งชาติ (สดช.)","เฉพาะเจาะจง","ระหว่างดำเนินการ","","27/2/2026","27/2/2027","บริษัท โทรคมนาคมแห่งชาติ จำกัด (มหาชน)","107564000014","5","บริษัท โทรคมนาคมแห่งชาติ จำกัด (มหาชน)","0107564000014","1","692466700.000000000000000","692465790.000000000000000","691516790.000000000000000","691516790.000000000000000","99.900000000000006","5","high","2","R1|R4","ราคาตกลง ≥ 95% ของราคากลาง | ใช้วิธีเฉพาะเจาะจง","1","","บริษัท โทรคมนาคมแห่งชาติ จำกัด (มหาชน)","บริษัทมหาชนจำกัด","ยังดำเนินกิจการอยู่","2021","16000000000.000000000000000","กรุงเทพมหานคร","เขตหลักสี่","กิจกรรมการโทรคมนาคมด้านอื่นๆ","","0.040000000000000","","0","กรุงเทพมหานคร","กทม","กรุงเทพมหานคร","hq","province","13.767530260000001","100.479934950000001","1","1","0","1","0","0","0","0","0","0","100.479934946629044","13.767530258618839"
"381","68109106718","ซื้อยา เวชภัณฑ์และอุปกรณ์ทางการแพทย์ที่จำเป็นตามโครงการพิเศษ โครงการอุปกรณ์และอวัยวะเทียม จำนวน 4 รายการ โดยวิธีเฉพาะเจาะจง","ซื้อ","โรงพยาบาลราชวิถี","เฉพาะเจาะจง","ระหว่างดำเนินการ","","1/10/2025","31/1/2027","องค์การเภสัชกรรม","994000165315","7","องค์การเภสัชกรรม","0994000165315","1","380070600.000000000000000","383287500.000000000000000","380070600.000000000000000","380070600.000000000000000","99.200000000000003","5","high","2","R1|R4","ราคาตกลง ≥ 95% ของราคากลาง | ใช้วิธีเฉพาะเจาะจง","1","","","","","","0.000000000000000","","","","","","","","กรุงเทพมหานคร","กทม","กรุงเทพมหานคร","hq","province","13.767530610000000","100.479935060000003","1","1","0","1","0","0","0","0","0","0","100.479935057121821","13.767530607621245"
"382","68109108126","ประกวดราคาเช่าเช่าใช้อุปกรณ์การเรียนการสอนสำหรับครูและนักเรียน  ของสำนักงานเขตพื้นที่การศึกษามัธยมศึกษาสุรินทร์ จำนวน 1 งาน ด้วยวิธีประกวดราคาอิเล็กทรอนิกส์ (e-bidding)","เช่า","สำนักงานคณะกรรมการการศึกษาขั้นพื้นฐาน","ประกวดราคาอิเล็กทรอนิกส์ (e-bidding)","ระหว่างดำเนินการ","28/10/2025","9/1/2026","9/2/2030","บริษัท สุพรีม ดิสทิบิวชั่น จำกัด (มหาชน)","107566000291","16","บริษัท สุพรีม ดิสทิบิวชั่น จำกัด (มหาชน)","0107566000291","1","322395780.000000000000000","322395780.000000000000000","322365780.000000000000000","322365780.000000000000000","100.000000000000000","5","high","3","R1|R9|R11","ราคาตกลง ≥ 95% ของราคากลาง | ราคาผู้ชนะ vs อันดับ 2 < 5% | บริษัทจดทะเบียนใหม่ก่อนชนะโครงการ","2","0.000000000000000","บริษัท สุพรีม ดิสทิบิวชั่น จำกัด (มหาชน)","บริษัทมหาชนจำกัด","ยังดำเนินกิจการอยู่","2023","370000000.000000000000000","กรุงเทพมหานคร","เขตบางเขน","การขายส่งคอมพิวเตอร์อุปกรณ์ต่อพ่วงคอมพิวเตอร์และซอฟต์แวร์","","0.870000000000000","2","1","จ.สุรินทร์","ภาค 3","จ.สุรินทร์","text","province","14.897533880000001","103.449733850000001","1","1","0","0","0","0","0","1","0","1","103.449733852859552","14.897533884746707"
"383","68109118729","ประกวดราคาจ้างก่อสร้างระบบท่อส่งน้ำและอาคารประกอบ  โครงการระบบส่งน้ำอ่างเก็บน้ำคลองพะวาใหญ่ ตำบลพวา อำเภอแก่งหางแมว จังหวัดจันทบุรี ด้วยวิธีประกวดราคาอิเล็กทรอนิกส์ (e-bidding)","จ้างก่อสร้าง","กรมชลประทาน","ประกวดราคาอิเล็กทรอนิกส์ (e-bidding)","ระหว่างดำเนินการ","31/10/2025","3/2/2026","","บริษัท วิรุฬห์ แอนด์ เกวนเนส จำกัด","125548000020","7","บริษัท วิรุฬห์ แอนด์ เกวนเนส จำกัด","0125548000020","1","950000000.000000000000000","949953064.399999976158142","946997500.000000000000000","946997500.000000000000000","99.700000000000003","2","low","1","R1","ราคาตกลง ≥ 95% ของราคากลาง","3","7.800000000000000","","","","","0.000000000000000","","","","","","","","กรุงเทพมหานคร","กทม","จ.จันทบุรี","latlong","real","13.102859270000000","101.778392400000001","1","1","0","0","0","0","0","0","0","0","101.778392399766560","13.102859270186206"
"384","68109132203","จ้างดูแลและบำรุงรักษา ระบบติดตามและตรวจนับความหนาแน่นของผู้โดยสารแบบเรียลไทม์ โดยวิธีเฉพาะเจาะจง","จ้างทำของ/จ้างเหมาบริการ","บริษัท ท่าอากาศยานไทย จำกัด (มหาชน)","เฉพาะเจาะจง","ระหว่างดำเนินการ","","29/10/2025","31/10/2028","บริษัท เทิร์นคีย์ คอมมูนิเคชั่น เซอร์วิส จำกัด (มหาชน)","107564000219","4","บริษัท เทิร์นคีย์ คอมมูนิเคชั่น เซอร์วิส จำกัด (มหาชน)","0107564000219","1","158394882.000000000000000","158394882.000000000000000","158359957.199999988079071","158359957.199999988079071","100.000000000000000","5","high","2","R1|R4","ราคาตกลง ≥ 95% ของราคากลาง | ใช้วิธีเฉพาะเจาะจง","1","","บริษัท เทิร์นคีย์ คอมมูนิเคชั่น เซอร์วิส จำกัด (มหาชน)","บริษัทมหาชนจำกัด","ยังดำเนินกิจการอยู่","2021","400000000.000000000000000","กรุงเทพมหานคร","เขตหลักสี่","กิจกรรมงานวิศวกรรมและการให้คำปรึกษาทางด้านเทคนิค ที่เกี่ยวข้อง","","0.400000000000000","","0","กรุงเทพมหานคร","กทม","กรุงเทพมหานคร","hq","province","13.767693550000001","100.479977169999998","1","1","0","1","0","0","0","0","0","0","100.479977172837309","13.767693554178278"
"385","68109135945","ประกวดราคาเช่าอุปกรณ์การเรียนการสอนสำหรับครูและนักเรียน ภายใต้โครงการส่งเสริมการเรียนรู้ขั้นพื้นฐานทุกที่ทุกเวลา  ประจำปีงบประมาณ พ.ศ.2568 ด้วยวิธีประกวดราคาอิเล็กทรอนิกส์ (e-bidding)","เช่า","สำนักงานคณะกรรมการการศึกษาขั้นพื้นฐาน","ประกวดราคาอิเล็กทรอนิกส์ (e-bidding)","ระหว่างดำเนินการ","16/10/2025","23/12/2025","22/4/2031","บริษัทมหาชนจำกัด บริษัท เอสวีโอเอ จำกัด (มหาชน)(สัญญากิจการค้าร่วม)","107537002001","18","บริษัทมหาชนจำกัด บริษัท เอสวีโอเอ จำกัด (มหาชน)(สัญญากิจการค้าร่วม) | บริษัทมหาชนจำกัด บริษัท อินฟอร์เมชั่น แอนด์ คอมมิวนิเคชั่น เน็ทเวิร์คส จำกัด (มหาชน)(สัญญากิจการค้าร่วม)","0107537002001 | 0107560000184","2","130491270.000000000000000","130491270.000000000000000","130489895.299999997019768","0.000000000000000","100.000000000000000","4","mid","2","R1|R9","ราคาตกลง ≥ 95% ของราคากลาง | ราคาผู้ชนะ vs อันดับ 2 < 5%","2","0.000000000000000","บริษัท เอสวีโอเอ จำกัด (มหาชน)","บริษัทมหาชนจำกัด","ยังดำเนินกิจการอยู่","1994","947000000.000000000000000","กรุงเทพมหานคร","เขตยานนาวา","ร้านขายปลีกคอมพิวเตอร์และอุปกรณ์ต่อพ่วงคอมพิวเตอร์","","","31","1","จ.สมุทรปราการ","ภาค 1","จ.สมุทรปราการ","hq","province","13.617699399999999","100.540004379999999","1","1","0","0","0","0","0","1","0","0","100.540004385074653","13.617699397528055"
"386","68109148687","ประกวดราคาเช่ารถโดยสารไฟฟ้าปรับอากาศ(EV BUS) ด้วยวิธีประกวดราคาอิเล็กทรอนิกส์ (e-bidding)","เช่า","องค์การบริหารส่วนจังหวัดกาญจนบุรี","ประกวดราคาอิเล็กทรอนิกส์ (e-bidding)","ระหว่างดำเนินการ","22/10/2025","11/12/2025","31/1/2031","บริษัท อินโนพาวเวอร์ จำกัด","125564027522","1","บริษัท อินโนพาวเวอร์ จำกัด","0125564027522","1","119460000.000000000000000","119460000.000000000000000","119448000.000000000000000","119448000.000000000000000","100.000000000000000","4","mid","2","R1|R9","ราคาตกลง ≥ 95% ของราคากลาง | ราคาผู้ชนะ vs อันดับ 2 < 5%","2","3.000000000000000","","","","","0.000000000000000","","","","","","","","จ.กาญจนบุรี","ภาค 7","จ.กาญจนบุรี","text","province","14.017761470000000","99.489952260000010","1","1","0","0","0","0","0","1","0","0","99.489952261524465","14.017761472235790"
"387","68109170525","ประกวดราคาซื้อHOTLINE CLAMPS จำนวน 3 รายการ เลขที่ กจพ1-พร-014-2569 ด้วยวิธีประกวดราคาอิเล็กทรอนิกส์ (e-bidding)","ซื้อ","การไฟฟ้าส่วนภูมิภาค","ประกวดราคาอิเล็กทรอนิกส์ (e-bidding)","ระหว่างดำเนินการ","21/11/2025","5/3/2026","1/10/2026","บริษัท เอ็ม เอ เอส อิเลคทริค (ไทย) จำกัด","105547134723","1","บริษัท เอ็ม เอ เอส อิเลคทริค (ไทย) จำกัด | บริษัท ชัยนันท์อุตสาหกรรม จำกัด | บริษัท กิตติ อีเล็คทริคอล จำกัด","0105547134723 | 0115526000639 | 0125554005119","3","115197698.000000000000000","112142933.599999994039536","112142933.599999994039536","29296867.500000000000000","100.000000000000000","4","mid","2","R1|R9","ราคาตกลง ≥ 95% ของราคากลาง | ราคาผู้ชนะ vs อันดับ 2 < 5%","5","0.300000000000000","","","","","0.000000000000000","","","","","","","","กรุงเทพมหานคร","กทม","กรุงเทพมหานคร","hq","province","13.767917310000001","100.480036440000006","1","1","0","0","0","0","0","1","0","0","100.480036437391519","13.767917313328761"
"388","68109173875","ประกวดราคาซื้อรถวิทยุตรวจการณ์ ขนาดไม่ต่ำกว่า 2,300 ซีซี หรือกำลังเครื่องยนต์สูงสุดไม่ต่ำกว่า 120 กิโลวัตต์  พร้อมเครื่องมือสื่อสารและอุปกรณ์อำนวยความสะดวกด้านการจราจร จำนวน 53 คัน ด้วยวิธีประกวดราคาอิเล็กทรอนิกส์ (e-bidding)","ซื้อ","กรมทางหลวง","ประกวดราคาอิเล็กทรอนิกส์ (e-bidding)","ระหว่างดำเนินการ","20/11/2025","20/2/2026","19/8/2026","บริษัท พระนครฮอนด้าออโตโมบิล จำกัด","105539000195","1","บริษัท พระนครฮอนด้าออโตโมบิล จำกัด","0105539000195","1","124709000.000000000000000","121198916.000000000000000","121115441.000000000000000","121115441.000000000000000","99.900000000000006","4","mid","2","R1|R9","ราคาตกลง ≥ 95% ของราคากลาง | ราคาผู้ชนะ vs อันดับ 2 < 5%","2","0.100000000000000","บริษัท พระนครฮอนด้าออโตโมบิล จำกัด","บริษัทจำกัด","ยังดำเนินกิจการอยู่","1996","303900000.000000000000000","กรุงเทพมหานคร","เขตจตุจักร","การขายยานยนต์ใหม่ชนิดรถยนต์นั่งส่วนบุคคลรถกระบะรถตู้ และรถขนาดเล็กที่คล้ายกัน","45101","0.400000000000000","29","0","กรุงเทพมหานคร","กทม","กรุงเทพมหานคร","hq","province","13.767922920000000","100.480038120000003","1","1","0","0","0","0","0","1","0","0","100.480038124427637","13.767922923533360"
"389","68109179650","ประกวดราคาจ้างก่อสร้างระบบชลประทานด้านท้ายอ่างเก็บน้ำ ระยะที่ 1 โครงการระบบชลประทานอ่างเก็บน้ำโปร่งขุนเพชร (ระบบส่งน้ำด้านท้ายอ่างเก็บน้ำ ระยะที่ 1) จังหวัดชัยภูมิ ด้วยวิธีประกวดราคาอิเล็กทรอนิกส์ (e-bidding)","จ้างก่อสร้าง","กรมชลประทาน","ประกวดราคาอิเล็กทรอนิกส์ (e-bidding)","ระหว่างดำเนินการ","3/12/2025","11/3/2026","","บริษัท ไทยวัฒน์วิศวการทาง จำกัด","415522000101","2","บริษัท ไทยวัฒน์วิศวการทาง จำกัด","0415522000101","1","805897000.000000000000000","805835826.600000023841858","803570000.000000000000000","803570000.000000000000000","99.700000000000003","4","mid","2","R1|R9","ราคาตกลง ≥ 95% ของราคากลาง | ราคาผู้ชนะ vs อันดับ 2 < 5%","3","0.300000000000000","","","","","0.000000000000000","","","","","","","","กรุงเทพมหานคร","กทม","จ.ชัยภูมิ","latlong","real","15.776190030000000","101.703206499999993","1","1","0","0","0","0","0","1","0","0","101.703206499792046","15.776190030214490"
"390","68109193684","ประกวดราคาจ้างก่อสร้างประตูระบายน้ำและอาคารประกอบ พร้อมส่วนประกอบอื่น โครงการประตูระบายน้ำปากยามพร้อมระบบส่งน้ำ จังหวัดนครพนม ด้วยวิธีประกวดราคาอิเล็กทรอนิกส์ (e-bidding)","จ้างก่อสร้าง","กรมชลประทาน","ประกวดราคาอิเล็กทรอนิกส์ (e-bidding)","ระหว่างดำเนินการ","22/12/2025","27/3/2026","","ห้างหุ้นส่วนจำกัด น้ำก่ำก่อสร้าง","483532000161","4","ห้างหุ้นส่วนจำกัด น้ำก่ำก่อสร้าง","0483532000161","1","680000000.000000000000000","679999141.899999976158142","678500000.000000000000000","678500000.000000000000000","99.799999999999997","4","mid","2","R1|R9","ราคาตกลง ≥ 95% ของราคากลาง | ราคาผู้ชนะ vs อันดับ 2 < 5%","4","0.100000000000000","","","","","0.000000000000000","","","","","","","","กรุงเทพมหานคร","กทม","จ.สกลนคร","latlong","real","17.667203550000000","104.124159500000005","1","1","0","0","0","0","0","1","0","0","104.124159499841909","17.667203550182354"
"391","68109206805","ประกวดราคาจ้างก่อสร้างสถานีสูบน้ำและระบบส่งน้ำ พร้อมส่วนประกอบอื่น โครงการสถานีสูบน้ำพร้อมระบบส่งน้ำแพง PR-5 (Zone 1) ตำบลสว่าง อำเภอสว่างวีระวงศ์ จังหวัดอุบลราชธานี ด้วยวิธีประกวดราคาอิเล็กทรอนิกส์ (e-bidding)","จ้างก่อสร้าง","กรมชลประทาน","ประกวดราคาอิเล็กทรอนิกส์ (e-bidding)","ระหว่างดำเนินการ","3/12/2025","4/3/2026","","บริษัท ดับเบิลยู เค ซี  จำกัด","125553000482","1","บริษัท ดับเบิลยู เค ซี  จำกัด","0125553000482","1","904400000.000000000000000","903928319.500000000000000","899980000.000000000000000","899980000.000000000000000","99.599999999999994","5","high","3","R1|R9|R10","ราคาตกลง ≥ 95% ของราคากลาง | ราคาผู้ชนะ vs อันดับ 2 < 5% | ทุนจดทะเบียนต่ำเทียบมูลค่าสัญญา","2","0.400000000000000","บริษัท ดับเบิลยู เค ซี  จำกัด","บริษัทจำกัด","ยังดำเนินกิจการอยู่","2010","100000000.000000000000000","นนทบุรี","ปากเกร็ด","การขายส่งเครื่องจักรและอุปกรณ์อื่นๆซึ่งมิได้จัดประเภทไว้ในที่อื่น","46599","9.000000000000000","15","1","กรุงเทพมหานคร","กทม","จ.อุบลราชธานี","latlong","real","15.272222339999999","105.122882099999998","1","1","0","0","0","0","0","1","1","0","105.122882100059883","15.272222339832712"
"392","68109207607","ประกวดราคาจ้างก่อสร้างสถานีสูบน้ำบ้านผึ้ง (สุวอ 2) พร้อมระบบส่งน้ำ โครงการพัฒนาลุ่มน้ำห้วยหลวงตอนล่าง จังหวัดหนองคาย ด้วยวิธีประกวดราคาอิเล็กทรอนิกส์ (e-bidding)","จ้างก่อสร้าง","กรมชลประทาน","ประกวดราคาอิเล็กทรอนิกส์ (e-bidding)","ระหว่างดำเนินการ","3/12/2025","13/3/2026","","บริษัท วิรุฬห์ แอนด์ เกวนเนส จำกัด","125548000020","7","บริษัท วิรุฬห์ แอนด์ เกวนเนส จำกัด","0125548000020","1","635000000.000000000000000","633939174.700000166893005","631730700.000000000000000","631730700.000000000000000","99.700000000000003","4","mid","2","R1|R9","ราคาตกลง ≥ 95% ของราคากลาง | ราคาผู้ชนะ vs อันดับ 2 < 5%","2","0.000000000000000","","","","","0.000000000000000","","","","","","","","กรุงเทพมหานคร","กทม","จ.หนองคาย","latlong","real","17.865095949999997","103.044469399999997","1","1","0","0","0","0","0","1","0","0","103.044469400259970","17.865095950209060"
"393","68109222996","จ้างงานจ้างบำรุงรักษามิเตอร์และอุปกรณ์ประกอบในระบบ AMR (ส่วนที่เหลือ) ด้วยวิธีเฉพาะเจาะจง โดยวิธีเฉพาะเจาะจง","จ้างทำของ/จ้างเหมาบริการ","การไฟฟ้าส่วนภูมิภาค","เฉพาะเจาะจง","ระหว่างดำเนินการ","","30/12/2025","31/12/2027","บริษัท สามารถเทลคอม จำกัด (มหาชน)","107538000631","2","บริษัท สามารถเทลคอม จำกัด (มหาชน)","0107538000631","1","283997431.199999988079071","283997431.199999988079071","283997431.199999988079071","283997431.199999988079071","100.000000000000000","5","high","2","R1|R4","ราคาตกลง ≥ 95% ของราคากลาง | ใช้วิธีเฉพาะเจาะจง","1","","บริษัท สามารถเทลคอม จำกัด (มหาชน)","บริษัทมหาชนจำกัด","ยังดำเนินกิจการอยู่","1995","721000082.000000000000000","ปทุมธานี","คลองหลวง","กิจกรรมให้คำปรึกษาด้านการบริหารจัดการอื่นๆซึ่งมิได้จัด ประเภทไว้ในที่อื่น","","0.390000000000000","","1","กรุงเทพมหานคร","กทม","กรุงเทพมหานคร","hq","province","13.769422160000001","100.480406889999998","1","1","0","1","0","0","0","0","0","0","100.480406886445024","13.769422160820307"
"591","68129412750","ประกวดราคาซื้อเครื่องตรวจติดตามการเคลื่อนตัวของมวลดิน โครงการเพิ่มขีดความสามารถในการจัดการภาวะวิกฤตด้านธรณีพิบัติภัย จำนวน ๒ รายการ ด้วยวิธีประกวดราคาอิเล็กทรอนิกส์ (e-bidding)","ซื้อ","กรมทรัพยากรธรณี","ประกวดราคาอิเล็กทรอนิกส์ (e-bidding)","ระหว่างดำเนินการ","28/1/2026","10/4/2026","5/1/2027","บริษัทจำกัด บริษัท วิศวกรรมธรณีและฐานราก จำกัด(สัญญากิจการค้าร่วม)","105536084347","1","บริษัทจำกัด บริษัท วิศวกรรมธรณีและฐานราก จำกัด(สัญญากิจการค้าร่วม) | บริษัทจำกัด บริษัท อาร์ยู เทคโนโลยี จำกัด(สัญญากิจการค้าร่วม)","0105536084347 | 0105552089943","2","110215000.000000000000000","114095000.000000000000000","110163562.000000000000000","87304622.890000000596046","96.599999999999994","2","low","1","R1","ราคาตกลง ≥ 95% ของราคากลาง","","","","","","","","","","","","","","","กรุงเทพมหานคร","กทม","","","province","13.739570340000000","100.505394790000011","1","1","0","0","0","0","0","0","0","0","100.505394792697345","13.739570341799443"
"394","68109225574","ซื้อพร้อมติดตั้งเพื่อปรับปรุงวิทยุสื่อสารระบบ Digital Trunked Radio  System ณ ท่าอากาศยานสุวรรณภูมิ โดยวิธีคัดเลือก","ซื้อ","บริษัท ท่าอากาศยานไทย จำกัด (มหาชน)","คัดเลือก","ระหว่างดำเนินการ","","12/2/2026","9/11/2026","บริษัท เทิร์นคีย์ คอมมูนิเคชั่น เซอร์วิส จำกัด (มหาชน)","107564000219","4","บริษัท เทิร์นคีย์ คอมมูนิเคชั่น เซอร์วิส จำกัด (มหาชน)","0107564000219","1","318566285.000000000000000","318074085.000000000000000","317790000.000000000000000","317790000.000000000000000","99.900000000000006","4","mid","2","R1|R9","ราคาตกลง ≥ 95% ของราคากลาง | ราคาผู้ชนะ vs อันดับ 2 < 5%","3","0.000000000000000","บริษัท เทิร์นคีย์ คอมมูนิเคชั่น เซอร์วิส จำกัด (มหาชน)","บริษัทมหาชนจำกัด","ยังดำเนินกิจการอยู่","2021","400000000.000000000000000","กรุงเทพมหานคร","เขตหลักสี่","กิจกรรมงานวิศวกรรมและการให้คำปรึกษาทางด้านเทคนิค ที่เกี่ยวข้อง","","0.790000000000000","","1","จ.สมุทรปราการ","ภาค 1","จ.สมุทรปราการ","hq","province","13.619427330000001","100.540433860000007","1","1","0","0","0","0","0","1","0","0","100.540433860628838","13.619427330461747"
"395","68109228216","ประกวดราคาจ้างก่อสร้างสถานีสูบน้ำพร้อมระบบส่งน้ำ และอาคารประกอบ โครงการผันน้ำลำปลายมาศ - อ่างเก็บน้ำห้วยยาง อำเภอหนองกี่ จังหวัดบุรีรัมย์ ด้วยวิธีประกวดราคาอิเล็กทรอนิกส์ (e-bidding)","จ้างก่อสร้าง","กรมชลประทาน","ประกวดราคาอิเล็กทรอนิกส์ (e-bidding)","ระหว่างดำเนินการ","25/12/2025","18/3/2026","","บริษัท บุรีรัมย์พนาสิทธิ์ จำกัด","315561000656","2","บริษัท บุรีรัมย์พนาสิทธิ์ จำกัด","0315561000656","1","933660000.000000000000000","932907534.399999976158142","929500000.000000000000000","929500000.000000000000000","99.599999999999994","4","mid","2","R1|R9","ราคาตกลง ≥ 95% ของราคากลาง | ราคาผู้ชนะ vs อันดับ 2 < 5%","3","0.100000000000000","","","","","0.000000000000000","","","","","","","","กรุงเทพมหานคร","กทม","จ.บุรีรัมย์","latlong","real","14.554316340000000","102.664982000000009","1","1","0","0","0","0","0","1","0","0","102.664981999635316","14.554316339733496"
"396","68109240753","ประกวดราคาจ้างก่อสร้างสะพานข้ามแม่น้ำมูล อ.เมืองศรีสะเกษ จ.ศรีสะเกษ 240 ม. ด้วยวิธีประกวดราคาอิเล็กทรอนิกส์ (e-bidding)","จ้างก่อสร้าง","กรมทางหลวงชนบท","ประกวดราคาอิเล็กทรอนิกส์ (e-bidding)","ระหว่างดำเนินการ","4/11/2025","16/1/2026","5/4/2028","ห้างหุ้นส่วนจำกัด ไทยเจริญศรีสะเกษ","333523000065","1","ห้างหุ้นส่วนจำกัด ไทยเจริญศรีสะเกษ","0333523000065","1","120000000.000000000000000","120000000.000000000000000","119800000.000000000000000","119800000.000000000000000","99.799999999999997","4","mid","2","R1|R9","ราคาตกลง ≥ 95% ของราคากลาง | ราคาผู้ชนะ vs อันดับ 2 < 5%","3","0.000000000000000","","","","","0.000000000000000","","","","","","","","กรุงเทพมหานคร","กทม","จ.ศรีสะเกษ","latlong","real","15.201580990000000","104.338338399999998","1","1","0","0","0","0","0","1","0","0","104.338338399961714","15.201580990276879"
"397","68109244727","ประกวดราคาจ้างจัดทำเสาเข็มคอนกรีตเสริมเหล็กอัดแรงหล่อสำเร็จ ขนาดต่างๆ พร้อมตอก และคานสะพานคอนกรีตอัดแรง รูปตัน (PC. PLANK GIRDER) ขนาดต่างๆ พร้อมติดตั้ง รวม 10 รายการ สำหรับงานคลองระบายน้ำคลองเปรม ตำบลวัดสน อำเภอระโนด จังหวัดสงขลา ด้วยวิธีประกวดราคาอิเล็กทรอนิกส์ (e-bidding)","จ้างทำของ/จ้างเหมาบริการ","กรมชลประทาน","ประกวดราคาอิเล็กทรอนิกส์ (e-bidding)","ระหว่างดำเนินการ","31/10/2025","16/1/2026","15/6/2026","บริษัท ยูไนเต็ดคอนกรีต จำกัด","835532001858","1","บริษัท ยูไนเต็ดคอนกรีต จำกัด","0835532001858","1","107423884.400000005960464","107423884.400000005960464","104000000.000000000000000","104000000.000000000000000","96.799999999999997","2","low","1","R1","ราคาตกลง ≥ 95% ของราคากลาง","4","58.200000000000003","","","","","0.000000000000000","","","","","","","","กรุงเทพมหานคร","กทม","จ.สงขลา","text","province","7.049538790000000","100.431285970000005","1","1","0","0","0","0","0","0","0","0","100.431285967358590","7.049538791534032"
"592","68129541484","ซื้อพร้อมติดตั้งกล้องโทรทัศน์วงจรปิด ณ ท่าอากาศยานดอนเมือง และท่าอากาศยานหาดใหญ่ โดยวิธีคัดเลือก","ซื้อ","บริษัท ท่าอากาศยานไทย จำกัด (มหาชน)","คัดเลือก","ระหว่างดำเนินการ","","29/4/2026","21/10/2027","บริษัทจำกัด บริษัท ล็อกซเล่ย์ อีโวลูชั่น เทคโนโลยี จำกัด(สัญญากิจการค้าร่วม)","105543063864","1","บริษัทจำกัด บริษัท ล็อกซเล่ย์ อีโวลูชั่น เทคโนโลยี จำกัด(สัญญากิจการค้าร่วม) | บริษัทมหาชนจำกัด บริษัท สกาย ไอซีที จำกัด (มหาชน)(สัญญากิจการค้าร่วม)","0105543063864 | 0107553000182","2","134820000.000000000000000","134820000.000000000000000","134798600.000000000000000","66051314.000000000000000","100.000000000000000","2","low","1","R1","ราคาตกลง ≥ 95% ของราคากลาง","","","","","","","","","","","","","","","กรุงเทพมหานคร","กทม","","","province","13.739689649999999","100.504080070000001","1","1","0","0","0","0","0","0","0","0","100.504080073244751","13.739689650282218"
"398","68109252356","จ้างบริการส่งกำลังบำรุงสายช่างอากาศ การตรวจซ่อมโครงสร้างระดับโรงงาน (C Check) และการซ่อมบำรุงอุปกรณ์สื่อสารอิเล็กทรอนิกส์ภาคอากาศของ บ.ค.๑ (Saab 340 AEW), บ.ล.๑๗ (Saab 340B) และ บ.ตล.๑๗ (Saab 340B ELINT/COMINT) จำนวน ๑ งาน โดยวิธีเฉพาะเจาะจง","จ้างทำของ/จ้างเหมาบริการ","กองทัพอากาศ","เฉพาะเจาะจง","ระหว่างดำเนินการ","","31/10/2025","30/9/2026","บริษัท อุตสาหกรรมการบิน จำกัด","105546131801","7","บริษัท อุตสาหกรรมการบิน จำกัด","0105546131801","1","150136823.000000000000000","150136823.000000000000000","150136823.000000000000000","150136823.000000000000000","100.000000000000000","5","high","2","R1|R4","ราคาตกลง ≥ 95% ของราคากลาง | ใช้วิธีเฉพาะเจาะจง","1","","บริษัท อุตสาหกรรมการบิน จำกัด","บริษัทจำกัด","ยังดำเนินกิจการอยู่","2003","100000000.000000000000000","กรุงเทพมหานคร","เขตดอนเมือง","การขายส่งอุปกรณ์ขนส่ง (ยกเว้นยานยนต์จักรยานยนต์และจักรยาน)","","1.500000000000000","","0","กรุงเทพมหานคร","กทม","กรุงเทพมหานคร","hq","province","13.769591530000001","100.480459859999996","1","1","0","1","0","0","0","0","0","0","100.480459863690598","13.769591527647171"
"399","68109252460","จ้างเหมาบริการส่งกำลังบำรุงสายช่างอากาศและการซ่อมบำรุงของ บ.ฝ.๑๖ ก (CT-4E), บ.ฝ.๒๐ ก (DA42 TDI VI) จำนวน ๑ งาน โดยวิธีเฉพาะเจาะจง","จ้างทำของ/จ้างเหมาบริการ","กองทัพอากาศ","เฉพาะเจาะจง","ระหว่างดำเนินการ","","31/10/2025","30/9/2026","บริษัท อุตสาหกรรมการบิน จำกัด","105546131801","7","บริษัท อุตสาหกรรมการบิน จำกัด","0105546131801","1","140000000.000000000000000","140000000.000000000000000","140000000.000000000000000","140000000.000000000000000","100.000000000000000","5","high","2","R1|R4","ราคาตกลง ≥ 95% ของราคากลาง | ใช้วิธีเฉพาะเจาะจง","1","","บริษัท อุตสาหกรรมการบิน จำกัด","บริษัทจำกัด","ยังดำเนินกิจการอยู่","2003","100000000.000000000000000","กรุงเทพมหานคร","เขตดอนเมือง","การขายส่งอุปกรณ์ขนส่ง (ยกเว้นยานยนต์จักรยานยนต์และจักรยาน)","","1.400000000000000","","0","กรุงเทพมหานคร","กทม","กรุงเทพมหานคร","hq","province","13.769591590000001","100.480459890000006","1","1","0","1","0","0","0","0","0","0","100.480459885250156","13.769591586104545"
"400","68109252950","จ้างบริการส่งกำลังบำรุงสายช่างอากาศของ บ.ข.๑๙ ก (F-16A/B) จำนวน ๑ งาน โดยวิธีเฉพาะเจาะจง","จ้างทำของ/จ้างเหมาบริการ","กองทัพอากาศ","เฉพาะเจาะจง","ระหว่างดำเนินการ","","31/10/2025","30/9/2026","บริษัท อุตสาหกรรมการบิน จำกัด","105546131801","7","บริษัท อุตสาหกรรมการบิน จำกัด","0105546131801","1","180000000.000000000000000","180000000.000000000000000","180000000.000000000000000","180000000.000000000000000","100.000000000000000","5","high","2","R1|R4","ราคาตกลง ≥ 95% ของราคากลาง | ใช้วิธีเฉพาะเจาะจง","1","","บริษัท อุตสาหกรรมการบิน จำกัด","บริษัทจำกัด","ยังดำเนินกิจการอยู่","2003","100000000.000000000000000","กรุงเทพมหานคร","เขตดอนเมือง","การขายส่งอุปกรณ์ขนส่ง (ยกเว้นยานยนต์จักรยานยนต์และจักรยาน)","","1.800000000000000","","0","กรุงเทพมหานคร","กทม","กรุงเทพมหานคร","hq","province","13.769591870000001","100.480459990000000","1","1","0","1","0","0","0","0","0","0","100.480459992149676","13.769591871411533"
"401","68109253185","จ้างบริการส่งกำลังและซ่อมบำรุงแบบรวมการของ บ.ฝ.๒๒ (T-6C) และ บ.จ.๘ (AT-6TH) จำนวน ๑ งาน โดยวิธีเฉพาะเจาะจง","จ้างทำของ/จ้างเหมาบริการ","กองทัพอากาศ","เฉพาะเจาะจง","ระหว่างดำเนินการ","","31/10/2025","30/9/2026","บริษัท อุตสาหกรรมการบิน จำกัด","105546131801","7","บริษัท อุตสาหกรรมการบิน จำกัด","0105546131801","1","188400000.000000000000000","188400000.000000000000000","188400000.000000000000000","188400000.000000000000000","100.000000000000000","5","high","2","R1|R4","ราคาตกลง ≥ 95% ของราคากลาง | ใช้วิธีเฉพาะเจาะจง","1","","บริษัท อุตสาหกรรมการบิน จำกัด","บริษัทจำกัด","ยังดำเนินกิจการอยู่","2003","100000000.000000000000000","กรุงเทพมหานคร","เขตดอนเมือง","การขายส่งอุปกรณ์ขนส่ง (ยกเว้นยานยนต์จักรยานยนต์และจักรยาน)","","1.880000000000000","","0","กรุงเทพมหานคร","กทม","กรุงเทพมหานคร","hq","province","13.769593220000001","100.480460450000010","1","1","0","1","0","0","0","0","0","0","100.480460446697208","13.769593218548993"
"593","68129552080","ประกวดราคาซื้อรถขุดตีนตะขาบ ขนาดไม่น้อยกว่า 150 แรงม้า สำนักเครื่องจักรกล ตำบลบางตลาด อำเภอปากเกร็ด จังหวัดนนทบุรี 40 คัน ด้วยวิธีประกวดราคาอิเล็กทรอนิกส์ (e-bidding)","ซื้อ","กรมชลประทาน","ประกวดราคาอิเล็กทรอนิกส์ (e-bidding)","ระหว่างดำเนินการ","26/1/2026","30/4/2026","27/10/2026","บริษัท ยูซีไอ คอนสตรัคชั่น จำกัด","105555142705","1","บริษัท ยูซีไอ คอนสตรัคชั่น จำกัด","0105555142705","1","189320000.000000000000000","189320000.000000000000000","189102000.000000000000000","189102000.000000000000000","99.900000000000006","2","low","1","R1","ราคาตกลง ≥ 95% ของราคากลาง","","","","","","","","","","","","","","","กรุงเทพมหานคร","กทม","","","province","13.739697639999999","100.504044440000001","1","1","0","0","0","0","0","0","0","0","100.504044444263968","13.739697643388181"
"402","68109253259","จ้างบริการส่งกำลังบำรุงสายช่างอากาศและการซ่อมบำรุงอุปกรณ์สื่อสารอิเล็กทรอนิกส์ภาคอากาศของ ฮ.๑๑ (EC725) จำนวน ๑ งาน โดยวิธีเฉพาะเจาะจง","จ้างทำของ/จ้างเหมาบริการ","กองทัพอากาศ","เฉพาะเจาะจง","ระหว่างดำเนินการ","","31/10/2025","30/9/2026","บริษัท อุตสาหกรรมการบิน จำกัด","105546131801","7","บริษัท อุตสาหกรรมการบิน จำกัด","0105546131801","1","254209600.000000000000000","254209600.000000000000000","254209600.000000000000000","254209600.000000000000000","100.000000000000000","5","high","2","R1|R4","ราคาตกลง ≥ 95% ของราคากลาง | ใช้วิธีเฉพาะเจาะจง","1","","บริษัท อุตสาหกรรมการบิน จำกัด","บริษัทจำกัด","ยังดำเนินกิจการอยู่","2003","100000000.000000000000000","กรุงเทพมหานคร","เขตดอนเมือง","การขายส่งอุปกรณ์ขนส่ง (ยกเว้นยานยนต์จักรยานยนต์และจักรยาน)","","2.540000000000000","","0","กรุงเทพมหานคร","กทม","กรุงเทพมหานคร","hq","province","13.769593270000001","100.480460469999997","1","1","0","1","0","0","0","0","0","0","100.480460466460144","13.769593270026398"
"403","68109253436","จ้างบริการส่งกำลังบำรุงสายช่างอากาศ การตรวจซ่อมตามระยะเวลา ๑๐๐ ชม.บิน (Package Inspection) และการตรวจซ่อมโครงสร้างระดับโรงงาน (PDM) ของ บ.ล.๘ (C-130H/H-30) จำนวน ๑ งาน โดยวิธีเฉพาะเจาะจง","จ้างทำของ/จ้างเหมาบริการ","กองทัพอากาศ","เฉพาะเจาะจง","ระหว่างดำเนินการ","","31/10/2025","30/9/2026","บริษัท อุตสาหกรรมการบิน จำกัด","105546131801","7","บริษัท อุตสาหกรรมการบิน จำกัด","0105546131801","1","420713650.000000000000000","420713650.000000000000000","420713650.000000000000000","420713650.000000000000000","100.000000000000000","5","high","2","R1|R4","ราคาตกลง ≥ 95% ของราคากลาง | ใช้วิธีเฉพาะเจาะจง","1","","บริษัท อุตสาหกรรมการบิน จำกัด","บริษัทจำกัด","ยังดำเนินกิจการอยู่","2003","100000000.000000000000000","กรุงเทพมหานคร","เขตดอนเมือง","การขายส่งอุปกรณ์ขนส่ง (ยกเว้นยานยนต์จักรยานยนต์และจักรยาน)","","4.210000000000000","","0","กรุงเทพมหานคร","กทม","กรุงเทพมหานคร","hq","province","13.769593380000000","100.480460510000000","1","1","0","1","0","0","0","0","0","0","100.480460507782638","13.769593380833705"
"404","68109253527","จ้างเหมาบริการส่งกำลังบำรุงสายช่างอากาศและการซ่อมบำรุงของ บ.ฝ.๑๖ (CT-4B), บ.ฝ.๒๐ (DA42 TDI), บ.ฝ.๒๑ (DA40 NG), บ.ทอ.๖ (RTAF 6) และ บ.ตล.๒๐ (P.180) จำนวน ๑ งาน โดยวิธีเฉพาะเจาะจง","จ้างทำของ/จ้างเหมาบริการ","กองทัพอากาศ","เฉพาะเจาะจง","ระหว่างดำเนินการ","","31/10/2025","30/9/2026","บริษัท อุตสาหกรรมการบิน จำกัด","105546131801","7","บริษัท อุตสาหกรรมการบิน จำกัด","0105546131801","1","100650000.000000000000000","100650000.000000000000000","100650000.000000000000000","100650000.000000000000000","100.000000000000000","5","high","2","R1|R4","ราคาตกลง ≥ 95% ของราคากลาง | ใช้วิธีเฉพาะเจาะจง","1","","บริษัท อุตสาหกรรมการบิน จำกัด","บริษัทจำกัด","ยังดำเนินกิจการอยู่","2003","100000000.000000000000000","กรุงเทพมหานคร","เขตดอนเมือง","การขายส่งอุปกรณ์ขนส่ง (ยกเว้นยานยนต์จักรยานยนต์และจักรยาน)","","1.010000000000000","","0","กรุงเทพมหานคร","กทม","กรุงเทพมหานคร","hq","province","13.769593440000001","100.480460530000002","1","1","0","1","0","0","0","0","0","0","100.480460528443913","13.769593436673608"
"405","68109260878","ประกวดราคาจ้างปรับปรุงระบบไฟฟ้า อาคารผู้โดยสาร ท่าอากาศยานแม่ฟ้าหลวง เชียงราย ด้วยวิธีประกวดราคาอิเล็กทรอนิกส์ (e-bidding)","จ้างทำของ/จ้างเหมาบริการ","บริษัท ท่าอากาศยานไทย จำกัด (มหาชน)","ประกวดราคาอิเล็กทรอนิกส์ (e-bidding)","ระหว่างดำเนินการ","13/11/2025","23/1/2026","19/11/2026","บริษัท บีริช อินโนเวชั่น จำกัด","105547072621","1","บริษัท บีริช อินโนเวชั่น จำกัด","0105547072621","1","169381000.000000000000000","169209800.000000000000000","167562000.000000000000000","167562000.000000000000000","99.000000000000000","4","mid","2","R1|R9","ราคาตกลง ≥ 95% ของราคากลาง | ราคาผู้ชนะ vs อันดับ 2 < 5%","2","0.400000000000000","","","","","0.000000000000000","","","","","","","","กรุงเทพมหานคร","กทม","จ.เชียงราย","text","province","19.919644769999998","99.789171300000007","1","1","0","0","0","0","0","1","0","0","99.789171295519665","19.919644768233937"
"594","68129586964","ประกวดราคาจ้างก่อสร้างงานวางท่อส่งน้ำสถานีจ่ายน้ำหนองปรือ-สถานีจ่ายน้ำเขาตาโล ตำบลหนองปรือ อำเภอบางละมุง จังหวัดชลบุรี ด้วยวิธีประกวดราคาอิเล็กทรอนิกส์ (e-bidding)","จ้าง","การประปาส่วนภูมิภาค","ประกวดราคาอิเล็กทรอนิกส์ (e-bidding)","ระหว่างดำเนินการ","8/1/2026","29/4/2026","26/10/2027","บริษัท พี ดับเบิลยู พี เอ็นจิเนียริ่ง จำกัด","245548001548","1","บริษัท พี ดับเบิลยู พี เอ็นจิเนียริ่ง จำกัด","0245548001548","1","132017135.000000000000000","132013269.299999997019768","131200000.000000000000000","131200000.000000000000000","99.400000000000006","2","low","1","R1","ราคาตกลง ≥ 95% ของราคากลาง","","","","","","","","","","","","","","","จ.ชลบุรี","ภาค 2","","","real","12.916552939999999","100.937222960000000","1","1","0","0","0","0","0","0","0","0","100.937222956457745","12.916552935650223"
"406","68109270870","ประกวดราคาจ้างก่อสร้างระบบส่งน้ำฝั่งขวาและอาคารประกอบ โครงการอ่างเก็บน้ำน้ำปี้ อันเนื่องมาจากพระราชดำริ จังหวัดพะเยา ด้วยวิธีประกวดราคาอิเล็กทรอนิกส์ (e-bidding)","จ้างก่อสร้าง","กรมชลประทาน","ประกวดราคาอิเล็กทรอนิกส์ (e-bidding)","ระหว่างดำเนินการ","31/10/2025","29/1/2026","","บริษัท พี พลัส พี ริช จำกัด","105551094919","3","บริษัท พี พลัส พี ริช จำกัด","0105551094919","1","315021700.000000000000000","314913282.899999976158142","314660000.000000000000000","314660000.000000000000000","99.900000000000006","4","mid","2","R1|R9","ราคาตกลง ≥ 95% ของราคากลาง | ราคาผู้ชนะ vs อันดับ 2 < 5%","3","0.000000000000000","บริษัท พี พลัส พี ริช จำกัด","บริษัทจำกัด","ยังดำเนินกิจการอยู่","2008","200000000.000000000000000","กรุงเทพมหานคร","เขตสายไหม","การก่อสร้างโครงการสาธารณูปโภคเกี่ยวกับน้ำน้ำมันและก๊าซ","","1.570000000000000","17","0","กรุงเทพมหานคร","กทม","จ.น่าน","latlong","real","18.902064040000003","100.325431800000004","1","1","0","0","0","0","0","1","0","0","100.325431800078206","18.902064039974395"
"407","68109271552","ซื้อพร้อมติดตั้งระบบตรวจสอบกระเป๋าสัมภาระ (HBS) และระบบลำเลียงกระเป๋าสัมภาระ (BHS) สำหรับอาคารปฏิบัติการกระเป๋าสัมภาระเปลี่ยนเที่ยวบิน (TBT) ณ ท่าอากาศยานสุวรรณภูมิ (ทสภ.) โดยวิธีคัดเลือก","ซื้อ","บริษัท ท่าอากาศยานไทย จำกัด (มหาชน)","คัดเลือก","ระหว่างดำเนินการ","","23/2/2026","19/5/2027","บริษัทจำกัด บริษัท เอ็นเทอร์ไพร้ซวายด์ โซลูชั่นส์ จำกัด(สัญญากิจการค้าร่วม)","105558009771","1","บริษัทจำกัด บริษัท เอ็นเทอร์ไพร้ซวายด์ โซลูชั่นส์ จำกัด(สัญญากิจการค้าร่วม) | บริษัทจำกัด บริษัท ชีต้าร์-พีเทรีส จอยท์เวนเจอร์ จำกัด(สัญญากิจการค้าร่วม)","0105558009771 | 0105563056979","2","1596914759.000000000000000","1596914759.000000000000000","1583999110.000000000000000","937995423.600000023841858","99.200000000000003","4","mid","2","R1|R9","ราคาตกลง ≥ 95% ของราคากลาง | ราคาผู้ชนะ vs อันดับ 2 < 5%","3","0.500000000000000","","","","","0.000000000000000","","","","","","","","จ.สมุทรปราการ","ภาค 1","จ.สมุทรปราการ","hq","province","13.619702930000001","100.540520269999988","1","1","0","0","0","0","0","1","0","0","100.540520274067575","13.619702928682702"
"408","68109315837","ประกวดราคาจ้างก่อสร้างคลองระบายน้ำสาย 3 พร้อมอาคารประกอบ สัญญาที่ 1 โครงการบรรเทาอุทกภัยเมืองนครศรีธรรมราช อันเนื่องมาจากพระราชดำริ จังหวัดนครศรีธรรมราช ด้วยวิธีประกวดราคาอิเล็กทรอนิกส์ (e-bidding)","จ้างก่อสร้าง","กรมชลประทาน","ประกวดราคาอิเล็กทรอนิกส์ (e-bidding)","ระหว่างดำเนินการ","6/11/2025","2/2/2026","","กิจการร่วมค้า ทีดี นครศรีธรรมราช","993000532431","1","กิจการร่วมค้า ทีดี นครศรีธรรมราช","0993000532431","1","1078972300.000000000000000","1074694854.000000000000000","1073500000.000000000000000","1073500000.000000000000000","99.900000000000006","4","mid","2","R1|R9","ราคาตกลง ≥ 95% ของราคากลาง | ราคาผู้ชนะ vs อันดับ 2 < 5%","3","0.100000000000000","","","","","0.000000000000000","","","","","","","","กรุงเทพมหานคร","กทม","จ.นครศรีธรรมราช","latlong","real","8.376002600000000","100.060900900000007","1","1","0","0","0","0","0","1","0","0","100.060900899962192","8.376002604351729"
"409","68109373870","ประกวดราคาจ้างก่อสร้างก่อสร้างกลุ่มอาคารหอพักนักศึกษา กลุ่มที่ 3 (อาคาร G และอาคาร H) ต่อจากที่ก่อสร้างบางส่วนแล้ว (ครั้งที่ 5) ด้วยวิธีประกวดราคาอิเล็กทรอนิกส์ (e-bidding)","จ้างก่อสร้าง","มหาวิทยาลัยราชภัฏเชียงใหม่","ประกวดราคาอิเล็กทรอนิกส์ (e-bidding)","ระหว่างดำเนินการ","3/11/2025","14/1/2026","19/1/2028","บริษัท โชคชัยวัฒนาก่อสร้าง จำกัด","305560002221","1","บริษัท โชคชัยวัฒนาก่อสร้าง จำกัด","0305560002221","1","121423471.200000002980232","131575128.400000005960464","121200000.000000000000000","121200000.000000000000000","92.099999999999994","0","low","0","","","4","5.800000000000000","บริษัท โชคชัยวัฒนาก่อสร้าง จำกัด","บริษัทจำกัด","ยังดำเนินกิจการอยู่","2017","50500000.000000000000000","นครราชสีมา","เมืองนครราชสีมา","การก่อสร้างอาคารที่ไม่ใช่ที่พักอาศัย","41002","2.400000000000000","8","1","จ.เชียงใหม่","ภาค 5","จ.เชียงใหม่","latlong","real","19.027067040000002","98.912980559999994","1","0","0","0","0","0","0","0","0","0","98.912980560142231","19.027067040255751"
"410","68109383576","ประกวดราคาซื้อหม้อแปลงจำหน่าย ชนิดซีเอสพี (Completely Self-Protected Type) แรงดัน 24 กิโลโวลต์ 3 เฟส 4 สาย 300 กิโลโวลต์แอมแปร์ (ติดตั้งบนเสาคอนกรีต) (code 6120-619-53000) จำนวน 1,247 ชุด ตามรหัสจัดหาเลขที่ MP9-8975-CGZ ด้วยวิธีประกวดราคาอิเล็กทรอนิกส์ (e-bidding)","ซื้อ","การไฟฟ้านครหลวง","ประกวดราคาอิเล็กทรอนิกส์ (e-bidding)","ระหว่างดำเนินการ","24/11/2025","6/2/2026","1/6/2027","บริษัท ไทยแมกซ์เวลอิเลคทริค  จำกัด","735522000116","1","บริษัท ไทยแมกซ์เวลอิเลคทริค  จำกัด","0735522000116","1","1481061900.000000000000000","1423687430.000000000000000","1314008792.000000000000000","1314008792.000000000000000","92.299999999999997","3","mid","2","R9|R10","ราคาผู้ชนะ vs อันดับ 2 < 5% | ทุนจดทะเบียนต่ำเทียบมูลค่าสัญญา","8","0.900000000000000","บริษัท ไทยแมกซ์เวลอิเลคทริค  จำกัด","บริษัทจำกัด","ยังดำเนินกิจการอยู่","1979","216000000.000000000000000","นครปฐม","สามพราน","กิจกรรมการบริการอื่นๆเพื่อสนับสนุนธุรกิจซึ่งมิได้จัดประเภทไว้ ในที่อื่น","82990","6.080000000000000","46","1","กรุงเทพมหานคร","กทม","กรุงเทพมหานคร","hq","province","13.771538650000000","100.481062799999989","1","0","0","0","0","0","0","1","1","0","100.481062804824461","13.771538648842437"
"411","68109388956","ประกวดราคาจ้างก่อสร้างโครงการอนุรักษ์ฟื้นฟูแหล่งน้ำหนองแขนนาง ตำบลวังดาล,กบินทร์ อำเภอกบินทร์บุรี จังหวัดปราจีนบุรี ด้วยวิธีประกวดราคาอิเล็กทรอนิกส์ (e-bidding)","จ้างก่อสร้าง","กรมทรัพยากรน้ำ","ประกวดราคาอิเล็กทรอนิกส์ (e-bidding)","ระหว่างดำเนินการ","13/11/2025","12/1/2026","1/11/2026","บริษัท รียูซิท์ (ประเทศไทย)  จำกัด","105543109414","2","บริษัท รียูซิท์ (ประเทศไทย)  จำกัด","0105543109414","1","119975300.000000000000000","119976549.700000002980232","119925300.000000000000000","119925300.000000000000000","100.000000000000000","5","high","2","R1|R8","ราคาตกลง ≥ 95% ของราคากลาง | ยื่นรายเดียวใน Open Bid","1","","บริษัท รียูซิท์ (ประเทศไทย)  จำกัด","บริษัทจำกัด","ยังดำเนินกิจการอยู่","2000","30000000.000000000000000","กรุงเทพมหานคร","เขตคลองเตย","การผลิตมอเตอร์ไฟฟ้าและเครื่องกำเนิดไฟฟ้า","","4.000000000000000","25","0","กรุงเทพมหานคร","กทม","จ.ปราจีนบุรี","latlong","real","13.989375060000000","101.670570400000003","1","1","0","0","0","0","1","0","0","0","101.670570400092757","13.989375060369692"
"412","68109389125","ประกวดราคาซื้อหม้อแปลงจำหน่าย ชนิดคอนเวนชันนัล (Conventional Type) แรงดัน 24 กิโลโวลต์ 3 เฟส 4 สาย 750 กิโลโวลต์แอมแปร์ (Code 6120-620-67500) จำนวน 176 ชุด ตามรหัสจัดหาเลขที่ MP9-8975-JGZ ด้วยวิธีประกวดราคาอิเล็กทรอนิกส์ (e-bidding)","ซื้อ","การไฟฟ้านครหลวง","ประกวดราคาอิเล็กทรอนิกส์ (e-bidding)","ระหว่างดำเนินการ","25/11/2025","6/2/2026","4/10/2026","บริษัท เอส.พี.อีเล็คทริค อินดัสตรี จำกัด","105532017050","1","บริษัท เอส.พี.อีเล็คทริค อินดัสตรี จำกัด","0105532017050","1","271180800.000000000000000","265907840.000000000000000","265531200.000000000000000","265531200.000000000000000","99.900000000000006","4","mid","2","R1|R9","ราคาตกลง ≥ 95% ของราคากลาง | ราคาผู้ชนะ vs อันดับ 2 < 5%","6","0.100000000000000","","","","","0.000000000000000","","","","","","","","กรุงเทพมหานคร","กทม","กรุงเทพมหานคร","hq","province","13.771549120000000","100.481067029999991","1","1","0","0","0","0","0","1","0","0","100.481067026906288","13.771549118735413"
"413","68109396892","ซื้อเครื่องทำเกลียวลำกล้องอาวุธปืน โดยวิธีคัดเลือก","ซื้อ","สถาบันเทคโนโลยีป้องกันประเทศ","คัดเลือก","ระหว่างดำเนินการ","","12/1/2026","7/1/2027","บริษัท เอสวีเค เทคโนโลยี จำกัด","125565036088","1","บริษัท เอสวีเค เทคโนโลยี จำกัด","0125565036088","1","110400000.000000000000000","108060900.000000000000000","108060900.000000000000000","108060900.000000000000000","100.000000000000000","5","high","3","R1|R9|R10","ราคาตกลง ≥ 95% ของราคากลาง | ราคาผู้ชนะ vs อันดับ 2 < 5% | ทุนจดทะเบียนต่ำเทียบมูลค่าสัญญา","3","1.000000000000000","บริษัท เอสวีเค เทคโนโลยี จำกัด","บริษัทจำกัด","ยังดำเนินกิจการอยู่","2022","3000000.000000000000000","นนทบุรี","ปากเกร็ด","การขายส่งสินค้าเกี่ยวกับอาวุธยุทโธปกรณ์","","36.020000000000003","","0","จ.นนทบุรี","ภาค 1","จ.นนทบุรี","hq","province","13.881600300000001","100.471067590000004","1","1","0","0","0","0","0","1","1","0","100.471067591119564","13.881600296985761"
"414","68109400943","ประกวดราคาจ้างก่อสร้างประตูระบายน้ำแม่น้ำตรัง พร้อมอาคารประกอบ และส่วนประกอบอื่น โครงการประตูระบายน้ำแม่น้ำตรัง จังหวัดตรัง ด้วยวิธีประกวดราคาอิเล็กทรอนิกส์ (e-bidding)","จ้างก่อสร้าง","กรมชลประทาน","ประกวดราคาอิเล็กทรอนิกส์ (e-bidding)","ระหว่างดำเนินการ","19/11/2025","20/3/2026","","บริษัท ชัยเจริญไมตรี จำกัด","105524009949","1","บริษัท ชัยเจริญไมตรี จำกัด","0105524009949","1","750000000.000000000000000","754007045.700000047683716","749500000.000000000000000","749500000.000000000000000","99.400000000000006","4","mid","2","R1|R9","ราคาตกลง ≥ 95% ของราคากลาง | ราคาผู้ชนะ vs อันดับ 2 < 5%","4","0.400000000000000","","","","","0.000000000000000","","","","","","","","กรุงเทพมหานคร","กทม","จ.ตรัง","latlong","real","7.595487960000000","99.524715610000001","1","1","0","0","0","0","0","1","0","0","99.524715610444090","7.595487963004341"
"415","68109401048","ประกวดราคาเช่าโครงการดำเนินการเช่ารถยนต์โดยสาร (ตู้) ขนาด ๑๒ ที่นั่ง จำนวน ๒๐๐ คัน ระยะเวลา ๖๐ เดือน ด้วยวิธีประกวดราคาอิเล็กทรอนิกส์ (e-bidding)","เช่า","สำนักงานคณะกรรมการการอาชีวศึกษา","ประกวดราคาอิเล็กทรอนิกส์ (e-bidding)","ระหว่างดำเนินการ","9/12/2025","3/2/2026","28/2/2031","บริษัท วี.อาร์.พี แอดวานซ์  จำกัด","105546153023","3","บริษัท วี.อาร์.พี แอดวานซ์  จำกัด","0105546153023","1","297000000.000000000000000","297000000.000000000000000","293880000.000000000000000","293880000.000000000000000","98.900000000000006","4","mid","2","R1|R9","ราคาตกลง ≥ 95% ของราคากลาง | ราคาผู้ชนะ vs อันดับ 2 < 5%","3","0.400000000000000","บริษัท วี.อาร์.พี แอดวานซ์  จำกัด","บริษัทจำกัด","ยังดำเนินกิจการอยู่","2003","150000000.000000000000000","กรุงเทพมหานคร","เขตจตุจักร","การให้เช่าและให้เช่าแบบลิสซิ่งยานยนต์ชนิดนั่งส่วนบุคคล รถกระบะรถตู้และรถขนาดเล็กที่คล้ายกัน","","1.960000000000000","22","0","กรุงเทพมหานคร","กทม","กรุงเทพมหานคร","hq","province","13.772852830000000","100.481510599999993","1","1","0","0","0","0","0","1","0","0","100.481510605112149","13.772852829633377"
"416","68109404632","ประกวดราคาซื้อหม้อแปลงจำหน่าย ชนิดคอนเวนชันนัล (Conventional Type) แรงดัน 24 กิโลโวลต์ 3 เฟส 4 สาย 300 กิโลโวลต์แอมแปร์ (ติดตั้งบนนั่งร้าน) (code 6120-620-63000) จำนวน 359 ชุด ตามรหัสจัดหาเลขที่ MP9-8975-EGZ ด้วยวิธีประกวดราคาอิเล็กทรอนิกส์ (e-bidding)","ซื้อ","การไฟฟ้านครหลวง","ประกวดราคาอิเล็กทรอนิกส์ (e-bidding)","ระหว่างดำเนินการ","24/11/2025","6/2/2026","4/9/2026","บริษัท เอกรัฐวิศวกรรม จำกัด (มหาชน)","107537002711","1","บริษัท เอกรัฐวิศวกรรม จำกัด (มหาชน)","0107537002711","1","367612410.000000000000000","344948740.000000000000000","344564610.000000000000000","344564610.000000000000000","99.900000000000006","4","mid","2","R1|R9","ราคาตกลง ≥ 95% ของราคากลาง | ราคาผู้ชนะ vs อันดับ 2 < 5%","4","0.700000000000000","","","","","0.000000000000000","","","","","","","","กรุงเทพมหานคร","กทม","กรุงเทพมหานคร","hq","province","13.772858480000000","100.481513120000002","1","1","0","0","0","0","0","1","0","0","100.481513120394908","13.772858481598915"
"417","68109404932","ประกวดราคาซื้อหม้อแปลงจำหน่าย ชนิดคอนเวนชันนัล (Conventional Type) ชนิดแกนเหล็กอะมอร์ฟัส (Amorphous) แรงดัน 24 กิโลโวลต์ 3 เฟส 4 สาย 300 กิโลโวลต์แอมแปร์ (ติดตั้งบนนั่งร้าน) (code 6120-620-63030) จำนวน 359 ชุด ตามรหัสจัดหาเลขที่ MP9-8975-FGZ ด้วยวิธีประกวดราคาอิเล็กทรอนิกส์ (e-bidding)","ซื้อ","การไฟฟ้านครหลวง","ประกวดราคาอิเล็กทรอนิกส์ (e-bidding)","ระหว่างดำเนินการ","24/11/2025","6/2/2026","4/9/2026","บริษัท พรีไซซ อีเลคตริค แมนูแฟคเจอริ่ง จำกัด","105529015858","1","บริษัท พรีไซซ อีเลคตริค แมนูแฟคเจอริ่ง จำกัด","0105529015858","1","460956000.000000000000000","416781050.000000000000000","416358507.000000000000000","416358507.000000000000000","99.900000000000006","4","mid","2","R1|R9","ราคาตกลง ≥ 95% ของราคากลาง | ราคาผู้ชนะ vs อันดับ 2 < 5%","5","0.600000000000000","","","","","0.000000000000000","","","","","","","","กรุงเทพมหานคร","กทม","กรุงเทพมหานคร","hq","province","13.772858650000000","100.481513199999995","1","1","0","0","0","0","0","1","0","0","100.481513200344978","13.772858650861203"
"418","68109405096","ประกวดราคาซื้อหม้อแปลงจำหน่าย ชนิดคอนเวนชันนัล (Conventional Type) แรงดัน 24 กิโลโวลต์ 3 เฟส 4 สาย 1,000 กิโลโวลต์แอมแปร์ (code 6120-620-69000) จำนวน 157 ชุด ตามรหัสจัดหาเลขที่ MP9-8975-KGZ ด้วยวิธีประกวดราคาอิเล็กทรอนิกส์ (e-bidding)","ซื้อ","การไฟฟ้านครหลวง","ประกวดราคาอิเล็กทรอนิกส์ (e-bidding)","ระหว่างดำเนินการ","25/11/2025","6/2/2026","4/10/2026","บริษัท วิสต้า ทราโฟ จำกัด","105548149163","1","บริษัท วิสต้า ทราโฟ จำกัด","0105548149163","1","293982500.000000000000000","267104100.000000000000000","266600130.000000000000000","266600130.000000000000000","99.799999999999997","4","mid","2","R1|R9","ราคาตกลง ≥ 95% ของราคากลาง | ราคาผู้ชนะ vs อันดับ 2 < 5%","7","0.100000000000000","","","","","0.000000000000000","","","","","","","","กรุงเทพมหานคร","กทม","กรุงเทพมหานคร","hq","province","13.772859930000001","100.481513749999991","1","1","0","0","0","0","0","1","0","0","100.481513751910569","13.772859925563527"
"419","68109407778","ประกวดราคาซื้อหม้อแปลงจำหน่าย ชนิดคอนเวนชันนัล (Conventional Type) แรงดัน 24 กิโลโวลต์ 3 เฟส 4 สาย 500 กิโลโวลต์แอมแปร์ (code 6120-620-65000) จำนวน 545 ชุด ตามรหัสจัดหาเลขที่ MP9-8975-GGZ ด้วยวิธีประกวดราคาอิเล็กทรอนิกส์ (e-bidding)","ซื้อ","การไฟฟ้านครหลวง","ประกวดราคาอิเล็กทรอนิกส์ (e-bidding)","ระหว่างดำเนินการ","25/11/2025","6/2/2026","3/11/2026","บริษัท เจริญชัยหม้อแปลงไฟฟ้า จำกัด","105523006741","1","บริษัท เจริญชัยหม้อแปลงไฟฟ้า จำกัด","0105523006741","1","654294300.000000000000000","641465000.000000000000000","640298700.000000000000000","640298700.000000000000000","99.799999999999997","4","mid","2","R1|R9","ราคาตกลง ≥ 95% ของราคากลาง | ราคาผู้ชนะ vs อันดับ 2 < 5%","4","0.200000000000000","","","","","0.000000000000000","","","","","","","","กรุงเทพมหานคร","กทม","กรุงเทพมหานคร","hq","province","13.772863859999999","100.481515509999994","1","1","0","0","0","0","0","1","0","0","100.481515508116956","13.772863860476086"
"420","68109408172","ประกวดราคาซื้อหม้อแปลงจำหน่าย ชนิดคอนเวนชันนัล (Conventional Type) ชนิดแกนเหล็กอะมอร์ฟัส (Amorphous) แรงดัน 24 กิโลโวลต์ 3 เฟส 4 สาย 500 กิโลโวลต์แอมแปร์ (code 6120-620-65030) จำนวน 545 ชุด ตามรหัสจัดหาเลขที่ MP9-8975-HGZ ด้วยวิธีประกวดราคาอิเล็กทรอนิกส์ (e-bidding)","ซื้อ","การไฟฟ้านครหลวง","ประกวดราคาอิเล็กทรอนิกส์ (e-bidding)","ระหว่างดำเนินการ","24/11/2025","6/2/2026","3/11/2026","บริษัท คิวทีซี เอนเนอร์ยี่ จำกัด (มหาชน)","107553000158","1","บริษัท คิวทีซี เอนเนอร์ยี่ จำกัด (มหาชน)","0107553000158","1","892219500.000000000000000","822241500.000000000000000","821658350.000000000000000","821658350.000000000000000","99.900000000000006","4","mid","2","R1|R9","ราคาตกลง ≥ 95% ของราคากลาง | ราคาผู้ชนะ vs อันดับ 2 < 5%","5","0.100000000000000","","","","","0.000000000000000","","","","","","","","กรุงเทพมหานคร","กทม","กรุงเทพมหานคร","hq","province","13.772865290000000","100.481516130000003","1","1","0","0","0","0","0","1","0","0","100.481516134242696","13.772865293098356"
"421","68109415602","ประกวดราคาซื้อหม้อแปลงจำหน่าย ชนิดซีเอสพี (Completely Self-Protected Type) แรงดัน 24 กิโลโวลต์ 3 เฟส 4 สาย 150 กิโลโวลต์แอมแปร์ (code 6120-619-45000) จำนวน 818 ชุด ตามรหัสจัดหาเลขที่ MP9-8975-AGZ ด้วยวิธีประกวดราคาอิเล็กทรอนิกส์ (e-bidding)","ซื้อ","การไฟฟ้านครหลวง","ประกวดราคาอิเล็กทรอนิกส์ (e-bidding)","ระหว่างดำเนินการ","24/11/2025","6/2/2026","1/2/2027","บริษัท ไทยทราโฟ แมนูแฟคเจอริ่ง จำกัด","105536136568","1","บริษัท ไทยทราโฟ แมนูแฟคเจอริ่ง จำกัด","0105536136568","1","652068700.000000000000000","629311940.000000000000000","616620670.000000000000000","616620670.000000000000000","98.000000000000000","4","mid","2","R1|R9","ราคาตกลง ≥ 95% ของราคากลาง | ราคาผู้ชนะ vs อันดับ 2 < 5%","3","0.900000000000000","","","","","0.000000000000000","","","","","","","","กรุงเทพมหานคร","กทม","กรุงเทพมหานคร","hq","province","13.772916009999999","100.481536869999999","1","1","0","0","0","0","0","1","0","0","100.481536870054413","13.772916014202627"
"422","68109420452","ประกวดราคาซื้อและติดตั้งเครื่องสูบน้ำชนิดหอยโข่ง พร้อมระบบไฟฟ้าควบคุมมอเตอร์เครื่องสูบน้ำ และอุปกรณ์ประกอบอื่นๆ สำหรับงานระบบสูบน้ำและอาคารประกอบ ความยาว 3.50 กิโลเมตร โครงการสูบผันน้ำจากคลองสะพาน แนวที่ 2 ตำบลชุมแสง อำเภอวังจันทร์ จังหวัดระยอง ด้วยวิธีประกวดราคาอิเล็กทรอนิกส์ (e-bidding)","ซื้อ","กรมชลประทาน","ประกวดราคาอิเล็กทรอนิกส์ (e-bidding)","ระหว่างดำเนินการ","14/11/2025","26/2/2026","25/8/2026","บริษัท ดับบลิวพีไอแอล (ไทยแลนด์) จำกัด","125554007332","4","บริษัท ดับบลิวพีไอแอล (ไทยแลนด์) จำกัด","0125554007332","1","241657000.000000000000000","241679952.400000005960464","241501889.000000000000000","241501889.000000000000000","99.900000000000006","4","mid","2","R1|R9","ราคาตกลง ≥ 95% ของราคากลาง | ราคาผู้ชนะ vs อันดับ 2 < 5%","2","0.000000000000000","","","","","0.000000000000000","","","","","","","","กรุงเทพมหานคร","กทม","จ.ระยอง","text","province","12.972962809999999","100.961683090000008","1","1","0","0","0","0","0","1","0","0","100.961683093497513","12.972962805836824"
"423","68109422812","จ้างก่อสร้างอาคารป้องกันตลิ่งแม่น้ำโก-ลก พร้อมอาคารประกอบ โครงการปรับปรุงปากแม่น้ำโก-ลก จังหวัดนราธิวาส โดยวิธีคัดเลือก","จ้างก่อสร้าง","กรมชลประทาน","คัดเลือก","ระหว่างดำเนินการ","","26/3/2026","","บริษัท ตากใบการโยธา จำกัด","965557000285","3","บริษัท ตากใบการโยธา จำกัด","0965557000285","1","156400000.000000000000000","156479988.900000005960464","155011447.300000041723251","155011447.300000041723251","99.099999999999994","4","mid","2","R1|R9","ราคาตกลง ≥ 95% ของราคากลาง | ราคาผู้ชนะ vs อันดับ 2 < 5%","3","0.000000000000000","","","","","0.000000000000000","","","","","","","","กรุงเทพมหานคร","กทม","จ.นราธิวาส","latlong","real","6.250601900000000","102.056614800000006","1","1","0","0","0","0","0","1","0","0","102.056614799808969","6.250601899757002"
"424","68109429451","ประกวดราคาจ้างก่อสร้างโครงการปรับปรุงศูนย์การเรียนรู้เทศบาลตำบลบางปู ด้วยวิธีประกวดราคาอิเล็กทรอนิกส์ (e-bidding)","จ้างก่อสร้าง","เทศบาลตำบลบางปู","ประกวดราคาอิเล็กทรอนิกส์ (e-bidding)","ระหว่างดำเนินการ","4/11/2025","16/1/2026","16/1/2027","บริษัท ซีเอ โอ คล๊อก จำกัด","105554099911","1","บริษัท ซีเอ โอ คล๊อก จำกัด","0105554099911","1","150025000.000000000000000","143773000.000000000000000","127500000.000000000000000","127500000.000000000000000","88.700000000000003","2","low","1","R9","ราคาผู้ชนะ vs อันดับ 2 < 5%","4","3.500000000000000","","","","","0.000000000000000","","","","","","","","จ.สมุทรปราการ","ภาค 1","จ.สมุทรปราการ","latlong","real","13.546877530000000","100.616569499999997","1","0","0","0","0","0","0","1","0","0","100.616569499945911","13.546877529967063"
"425","68109441411","ซื้อเครื่องสูบน้ำแบบเคลื่อนที่ระบบไฮดรอลิค อัตราการไหล 1,500 ลิตรต่อวินาที ระยะสูบส่ง 4 เมตร จำนวน 18 เครื่อง โดยวิธีเฉพาะเจาะจง","ซื้อ","กรมป้องกันและบรรเทาสาธารณภัย","เฉพาะเจาะจง","ระหว่างดำเนินการ","","27/1/2026","24/9/2026","บริษัท นำพลอินเตอร์เทรด จำกัด","655557001276","7","บริษัท นำพลอินเตอร์เทรด จำกัด","0655557001276","1","191106000.000000000000000","191106000.000000000000000","191106000.000000000000000","191106000.000000000000000","100.000000000000000","5","high","2","R1|R4","ราคาตกลง ≥ 95% ของราคากลาง | ใช้วิธีเฉพาะเจาะจง","1","","บริษัท นำพลอินเตอร์เทรด จำกัด","บริษัทจำกัด","ยังดำเนินกิจการอยู่","2014","50000000.000000000000000","พิษณุโลก","เมืองพิษณุโลก","การก่อสร้างอาคารที่ไม่ใช่ที่พักอาศัย","","3.820000000000000","","1","กรุงเทพมหานคร","กทม","กรุงเทพมหานคร","hq","province","13.773076010000000","100.481603050000004","1","1","0","1","0","0","0","0","0","0","100.481603049839705","13.773076008878132"
"426","68109451069","ซื้อชุดสูบน้ำระบบไฮดรอลิคส่งระยะไกลแบบปรับอัตราการไหลตามช่วงกำลังงานที่เปลี่ยนไป อัตราการสูบ 600 ลิตรต่อวินาที ระยะสูบส่ง 10 เมตร จำนวน 16 เครื่อง โดยวิธีเฉพาะเจาะจง","ซื้อ","กรมป้องกันและบรรเทาสาธารณภัย","เฉพาะเจาะจง","ระหว่างดำเนินการ","","13/1/2026","10/10/2026","บริษัท นำพลอินเตอร์เทรด จำกัด","655557001276","7","บริษัท นำพลอินเตอร์เทรด จำกัด","0655557001276","1","192000000.000000000000000","192000000.000000000000000","192000000.000000000000000","192000000.000000000000000","100.000000000000000","5","high","2","R1|R4","ราคาตกลง ≥ 95% ของราคากลาง | ใช้วิธีเฉพาะเจาะจง","1","","บริษัท นำพลอินเตอร์เทรด จำกัด","บริษัทจำกัด","ยังดำเนินกิจการอยู่","2014","50000000.000000000000000","พิษณุโลก","เมืองพิษณุโลก","การก่อสร้างอาคารที่ไม่ใช่ที่พักอาศัย","","3.840000000000000","","1","กรุงเทพมหานคร","กทม","กรุงเทพมหานคร","hq","province","13.773131480000000","100.481626250000005","1","1","0","1","0","0","0","0","0","0","100.481626249730212","13.773131483235842"
"427","68109451539","ซื้อเครื่องสูบน้ำแบบเคลื่อนที่ระบบไฮดรอลิค ขนาด 16 นิ้ว อัตราการไหล 650 ลิตรต่อวินาที ระยะสูบส่ง 5 เมตร จำนวน 27 เครื่อง โดยวิธีเฉพาะเจาะจง","ซื้อ","กรมป้องกันและบรรเทาสาธารณภัย","เฉพาะเจาะจง","ระหว่างดำเนินการ","","20/1/2026","17/10/2026","บริษัท นำพลอินเตอร์เทรด จำกัด","655557001276","7","บริษัท นำพลอินเตอร์เทรด จำกัด","0655557001276","1","195750000.000000000000000","191700000.000000000000000","191700000.000000000000000","191700000.000000000000000","100.000000000000000","5","high","2","R1|R4","ราคาตกลง ≥ 95% ของราคากลาง | ใช้วิธีเฉพาะเจาะจง","1","","บริษัท นำพลอินเตอร์เทรด จำกัด","บริษัทจำกัด","ยังดำเนินกิจการอยู่","2014","50000000.000000000000000","พิษณุโลก","เมืองพิษณุโลก","การก่อสร้างอาคารที่ไม่ใช่ที่พักอาศัย","","3.830000000000000","","1","กรุงเทพมหานคร","กทม","กรุงเทพมหานคร","hq","province","13.773131760000000","100.481626379999994","1","1","0","1","0","0","0","0","0","0","100.481626381782590","13.773131759813646"
"428","68109451705","ซื้อเครื่องสูบน้ำแบบเคลื่อนที่ระบบไฮดรอลิค ขนาด 14 นิ้ว อัตราการไหล 900 ลิตรต่อวินาที ระยะสูบส่ง 4 เมตร จำนวน 18 เครื่อง โดยวิธีเฉพาะเจาะจง","ซื้อ","กรมป้องกันและบรรเทาสาธารณภัย","เฉพาะเจาะจง","ระหว่างดำเนินการ","","27/1/2026","24/10/2026","บริษัท นำพลอินเตอร์เทรด จำกัด","655557001276","7","บริษัท นำพลอินเตอร์เทรด จำกัด","0655557001276","1","187020000.000000000000000","187020000.000000000000000","187020000.000000000000000","187020000.000000000000000","100.000000000000000","5","high","2","R1|R4","ราคาตกลง ≥ 95% ของราคากลาง | ใช้วิธีเฉพาะเจาะจง","1","","บริษัท นำพลอินเตอร์เทรด จำกัด","บริษัทจำกัด","ยังดำเนินกิจการอยู่","2014","50000000.000000000000000","พิษณุโลก","เมืองพิษณุโลก","การก่อสร้างอาคารที่ไม่ใช่ที่พักอาศัย","","3.740000000000000","","1","กรุงเทพมหานคร","กทม","กรุงเทพมหานคร","hq","province","13.773131870000000","100.481626430000006","1","1","0","1","0","0","0","0","0","0","100.481626432986559","13.773131866256849"
"429","68109476609","ประกวดราคาจ้างก่อสร้าง อาคารสำนักงานหลังใหม่ ๔ ชั้น หมู่ที่ ๘ ด้วยวิธีประกวดราคาอิเล็กทรอนิกส์ (e-bidding)","จ้างก่อสร้าง","เทศบาลตำบลศรีสุนทร","ประกวดราคาอิเล็กทรอนิกส์ (e-bidding)","ระหว่างดำเนินการ","12/11/2025","19/2/2026","12/10/2027","กิจการร่วมค้า วีเค - บีเค ก่อสร้าง","993000531981","1","กิจการร่วมค้า วีเค - บีเค ก่อสร้าง","0993000531981","1","150000000.000000000000000","131128457.799999997019768","127890000.000000000000000","127890000.000000000000000","97.500000000000000","4","mid","2","R1|R9","ราคาตกลง ≥ 95% ของราคากลาง | ราคาผู้ชนะ vs อันดับ 2 < 5%","3","1.800000000000000","","","","","0.000000000000000","","","","","","","","จ.ภูเก็ต","ภาค 8","จ.ภูเก็ต","latlong","real","7.997925700000000","98.351038989999992","1","1","0","0","0","0","0","1","0","0","98.351038990393505","7.997925698211126"
"430","68109489595","ประกวดราคาจ้างก่อสร้างถนนสายเชื่อม ทล.๑๓๑ อ.เมืองเชียงราย จ.เชียงราย ด้วยวิธีประกวดราคาอิเล็กทรอนิกส์ (e-bidding)","จ้างก่อสร้าง","กรมทางหลวงชนบท","ประกวดราคาอิเล็กทรอนิกส์ (e-bidding)","ระหว่างดำเนินการ","11/11/2025","3/2/2026","8/3/2028","บริษัท รุ่งอรุณราษีการโยธา จำกัด","335567000828","1","บริษัท รุ่งอรุณราษีการโยธา จำกัด","0335567000828","1","170000000.000000000000000","169998000.000000000000000","150000000.000000000000000","150000000.000000000000000","88.200000000000003","2","low","1","R9","ราคาผู้ชนะ vs อันดับ 2 < 5%","3","0.000000000000000","","","","","0.000000000000000","","","","","","","","กรุงเทพมหานคร","กทม","จ.เชียงราย","latlong","real","20.008463940000002","99.834316029999997","1","0","0","0","0","0","0","1","0","0","99.834316030410093","20.008463939734998"
"431","68119007359","ประกวดราคาจ้างก่อสร้างทำนบดินหัวงานและอาคารประกอบ โครงการอ่างเก็บน้ำคลองลอยตอนล่าง อันเนื่องมาจากพระราชดำริ จังหวัดประจวบคีรีขันธ์ ด้วยวิธีประกวดราคาอิเล็กทรอนิกส์ (e-bidding)","จ้างก่อสร้าง","กรมชลประทาน","ประกวดราคาอิเล็กทรอนิกส์ (e-bidding)","ระหว่างดำเนินการ","21/11/2025","24/3/2026","","กิจการร่วมค้า อาร์อาร์ แอนด์ ทีเอส","993000530217","1","กิจการร่วมค้า อาร์อาร์ แอนด์ ทีเอส","0993000530217","1","700000000.000000000000000","577522597.100000023841858","572048600.000000000000000","572048600.000000000000000","99.099999999999994","4","mid","2","R1|R9","ราคาตกลง ≥ 95% ของราคากลาง | ราคาผู้ชนะ vs อันดับ 2 < 5%","3","0.100000000000000","","","","","0.000000000000000","","","","","","","","กรุงเทพมหานคร","กทม","จ.ประจวบคีรีขันธ์","latlong","real","11.298727080000001","99.393602260000009","1","1","0","0","0","0","0","1","0","0","99.393602260068590","11.298727080017274"
"432","68119013457","ประกวดราคาจ้างก่อสร้างอาคารปฏิบัติการกรมวิชาการเกษตร DOA Future Lab แขวงลาดยาว เขตจตุจักร กรุงเทพมหานคร จำนวน 1 หลัง ด้วยวิธีประกวดราคาอิเล็กทรอนิกส์ (e-bidding)","จ้างก่อสร้าง","กรมวิชาการเกษตร","ประกวดราคาอิเล็กทรอนิกส์ (e-bidding)","ระหว่างดำเนินการ","17/11/2025","27/3/2026","22/9/2028","บริษัท ดิอาคิเท็คส์ แอนด์ เทิร์นคีย์ จำกัด","105532019770","1","บริษัท ดิอาคิเท็คส์ แอนด์ เทิร์นคีย์ จำกัด","0105532019770","1","925000000.000000000000000","925043462.700000047683716","924000000.000000000000000","924000000.000000000000000","99.900000000000006","4","mid","2","R1|R9","ราคาตกลง ≥ 95% ของราคากลาง | ราคาผู้ชนะ vs อันดับ 2 < 5%","2","0.100000000000000","บริษัท ดิอาคิเท็คส์ แอนด์ เทิร์นคีย์ จำกัด","บริษัทจำกัด","แปรสภาพ","1989","275000000.000000000000000","นนทบุรี","บางใหญ่","กิจกรรมงานวิศวกรรมและการให้คำปรึกษาทางด้านเทคนิค ที่เกี่ยวข้อง","","3.360000000000000","36","1","กรุงเทพมหานคร","กทม","จ.นนทบุรี","latlong","real","13.854434740000000","100.572887100000003","1","1","0","0","0","0","0","1","0","0","100.572887100167151","13.854434740272643"
"433","68119015700","ประกวดราคาซื้อครุภัณฑ์วิทยาศาสตร์ภายใต้โครงการพัฒนายกระดับเทคโนโลยีมาตรฐาน และเครื่องมือห้องปฏิบัติการ โรงเรือน แปลงผลิตพืชและการทดสอบทางการเกษตร (DOA Future Lab) และโครงการยกระดับสินค้าเกษตรมูลค่าสูง จำนวน 33 รายการ ด้วยวิธีประกวดราคาอิเล็กทรอนิกส์ (e-bidding)","ซื้อ","กรมวิชาการเกษตร","ประกวดราคาอิเล็กทรอนิกส์ (e-bidding)","ระหว่างดำเนินการ","16/11/2025","30/1/2026","30/5/2026","บริษัท เวิลด์เทค เอ็นเตอร์ไพรส์ จำกัด","105553060795","1","บริษัท เวิลด์เทค เอ็นเตอร์ไพรส์ จำกัด","0105553060795","1","197236600.000000000000000","197236600.000000000000000","197130000.000000000000000","197130000.000000000000000","99.900000000000006","4","mid","2","R1|R9","ราคาตกลง ≥ 95% ของราคากลาง | ราคาผู้ชนะ vs อันดับ 2 < 5%","2","0.000000000000000","บริษัท เวิลด์เทค เอ็นเตอร์ไพรส์ จำกัด","บริษัทจำกัด","ยังดำเนินกิจการอยู่","2010","50000000.000000000000000","กรุงเทพมหานคร","เขตสาทร","การติดตั้งเครื่องจักรอุตสาหกรรมและอุปกรณ์","33200","3.940000000000000","15","0","กรุงเทพมหานคร","กทม","กรุงเทพมหานคร","hq","province","13.759291440000000","100.565024760000000","1","1","0","0","0","0","0","1","0","0","100.565024762729550","13.759291438406237"
"434","68119016341","ซื้อเครื่องสูบน้ำแบบเคลื่อนที่ระบบไฮดรอลิค ขนาด 14 นิ้ว กรมทรัพยากรน้ำ แขวงพญาไท เขตพญาไท กรุงเทพมหานคร 18 เครื่อง โดยวิธีเฉพาะเจาะจง","ซื้อ","กรมทรัพยากรน้ำ","เฉพาะเจาะจง","ระหว่างดำเนินการ","","15/12/2025","11/9/2026","บริษัท นำพลอินเตอร์เทรด จำกัด","655557001276","7","บริษัท นำพลอินเตอร์เทรด จำกัด","0655557001276","1","187020000.000000000000000","187020000.000000000000000","187020000.000000000000000","187020000.000000000000000","100.000000000000000","5","high","2","R1|R4","ราคาตกลง ≥ 95% ของราคากลาง | ใช้วิธีเฉพาะเจาะจง","1","","บริษัท นำพลอินเตอร์เทรด จำกัด","บริษัทจำกัด","ยังดำเนินกิจการอยู่","2014","50000000.000000000000000","พิษณุโลก","เมืองพิษณุโลก","การก่อสร้างอาคารที่ไม่ใช่ที่พักอาศัย","","3.740000000000000","","1","กรุงเทพมหานคร","กทม","กรุงเทพมหานคร","text","province","13.759289819999999","100.565025370000001","1","1","0","1","0","0","0","0","0","0","100.565025369092353","13.759289819850483"
"435","68119053543","ประกวดราคาจ้างก่อสร้างส่วนต่อขยายทางยกระดับบนทางหลวงหมายเลข 338 (ถนนบรมราชชนนี) ช่วงพุทธมณฑลสาย 3 - พุทธมณฑลสาย 4 ตอน 1 กรุงเทพมหานคร 1.51 กม. ด้วยวิธีประกวดราคาอิเล็กทรอนิกส์ (e-bidding)","จ้างก่อสร้าง","กรมทางหลวง","ประกวดราคาอิเล็กทรอนิกส์ (e-bidding)","ระหว่างดำเนินการ","18/11/2025","20/3/2026","","บริษัท รัชตินทร์ จำกัด","105531041933","1","บริษัท รัชตินทร์ จำกัด","0105531041933","1","550000000.000000000000000","548702424.000000000000000","450000000.000000000000000","450000000.000000000000000","82.000000000000000","2","low","1","R9","ราคาผู้ชนะ vs อันดับ 2 < 5%","2","1.100000000000000","บริษัท รัชตินทร์ จำกัด","บริษัทจำกัด","ยังดำเนินกิจการอยู่","1988","150000000.000000000000000","นนทบุรี","ไทรน้อย","การก่อสร้างถนนสะพานและอุโมงค์","42101","3.000000000000000","37","1","กรุงเทพมหานคร","กทม","กรุงเทพมหานคร","latlong","real","13.785424259999999","100.385534799999988","1","0","0","0","0","0","0","1","0","0","100.385534799582800","13.785424260213510"
"436","68119063581","ประกวดราคาจ้างก่อสร้างสะพานกลับรถบนทางหลวงหมายเลข 1 บริเวณ บ.สนับทึบ (ขาเข้าและขาออก) จ.พระนครศรีอยุธยา 1 แห่ง ด้วยวิธีประกวดราคาอิเล็กทรอนิกส์ (e-bidding)","จ้างก่อสร้าง","กรมทางหลวง","ประกวดราคาอิเล็กทรอนิกส์ (e-bidding)","ระหว่างดำเนินการ","21/11/2025","27/3/2026","14/7/2028","บริษัท สามัคคีที่ดินและเคหะ จำกัด","125525000333","2","บริษัท สามัคคีที่ดินและเคหะ จำกัด","0125525000333","1","410000000.000000000000000","406639963.100000023841858","406488000.000000000000000","406488000.000000000000000","100.000000000000000","4","mid","2","R1|R9","ราคาตกลง ≥ 95% ของราคากลาง | ราคาผู้ชนะ vs อันดับ 2 < 5%","3","0.000000000000000","","","","","0.000000000000000","","","","","","","","กรุงเทพมหานคร","กทม","จ.พระนครศรีอยุธยา","latlong","real","14.269899190000000","100.793555099999992","1","1","0","0","0","0","0","1","0","0","100.793555100217716","14.269899190040952"
"437","68119064258","ประกวดราคาเช่าใช้อุปกรณ์การเรียนการสอน สำหรับครูและนักเรียนภายใต้โครงการส่งเสริมการเรียนรู้ขั้นพื้นฐานทุกที่ทุกเวลา ประจำปีงบประมาณ พ.ศ. 2568 ด้วยวิธีประกวดราคาอิเล็กทรอนิกส์ (e-bidding)","เช่า","สำนักงานคณะกรรมการการศึกษาขั้นพื้นฐาน","ประกวดราคาอิเล็กทรอนิกส์ (e-bidding)","ระหว่างดำเนินการ","19/11/2025","2/2/2026","31/3/2031","บริษัท สุพรีม ดิสทิบิวชั่น จำกัด (มหาชน)","107566000291","16","บริษัท สุพรีม ดิสทิบิวชั่น จำกัด (มหาชน)","0107566000291","1","263023320.000000000000000","342606440.000000000000000","263003320.000000000000000","263003320.000000000000000","76.799999999999997","4","mid","3","R7|R9|R11","ราคากลาง vs งบ > 20% | ราคาผู้ชนะ vs อันดับ 2 < 5% | บริษัทจดทะเบียนใหม่ก่อนชนะโครงการ","2","0.000000000000000","บริษัท สุพรีม ดิสทิบิวชั่น จำกัด (มหาชน)","บริษัทมหาชนจำกัด","ยังดำเนินกิจการอยู่","2023","370000000.000000000000000","กรุงเทพมหานคร","เขตบางเขน","การขายส่งคอมพิวเตอร์อุปกรณ์ต่อพ่วงคอมพิวเตอร์และซอฟต์แวร์","","0.710000000000000","2","1","จ.มหาสารคาม","ภาค 4","จ.มหาสารคาม","hq","province","16.189007900000000","103.345652170000008","1","0","0","0","0","1","0","1","0","1","103.345652167635919","16.189007897656907"
"438","68119099902","ประกวดราคาจ้างก่อสร้างสถานีสูบน้ำด้วยไฟฟ้าบึงน้ำทรง ตำบลน้ำทรง อำเภอพยุหะคีรี จังหวัดนครสวรรค์ ด้วยวิธีประกวดราคาอิเล็กทรอนิกส์ (e-bidding)","จ้างก่อสร้าง","กรมชลประทาน","ประกวดราคาอิเล็กทรอนิกส์ (e-bidding)","ระหว่างดำเนินการ","3/12/2025","17/2/2026","","บริษัท เอ็มวาย ซัพพลาย (88) จำกัด","615566000261","1","บริษัท เอ็มวาย ซัพพลาย (88) จำกัด","0615566000261","1","122850000.000000000000000","123049028.299999997019768","121850000.000000000000000","121850000.000000000000000","99.000000000000000","2","low","1","R1","ราคาตกลง ≥ 95% ของราคากลาง","4","7.800000000000000","","","","","0.000000000000000","","","","","","","","กรุงเทพมหานคร","กทม","จ.อุทัยธานี","latlong","real","15.459726490000000","100.093735100000004","1","1","0","0","0","0","0","0","0","0","100.093735099741181","15.459726490301323"
"595","69019003710","ประกวดราคาซื้อเครื่องสูบน้ำ ชนิดหอยโข่งแบบเพลาตั้งขับด้วยมอเตอร์ไฟฟ้า สำหรับตัวเรือนทำจากคอนกรีต อัตราการสูบน้ำ 25 ลูกบาศก์เมตรต่อวินาที ระยะยกน้ำ 14.7 เมตร พร้อมอุปกรณ์ประกอบ สำหรับงานปรับปรุงสถานีสูบน้ำสุวรรณภูมิ ตำบลบางปู อำเภอเมืองสมุทรปราการ จังหวัดสมุทรปราการ ด้วยวิธีประกวดราคาอิเล็กทรอนิกส์ (e-bidding)","ซื้อ","กรมชลประทาน","ประกวดราคาอิเล็กทรอนิกส์ (e-bidding)","ระหว่างดำเนินการ","27/1/2026","1/4/2026","25/7/2027","บริษัท อินฟราเซท จำกัด (มหาชน)","107562000084","1","บริษัท อินฟราเซท จำกัด (มหาชน)","0107562000084","1","800000000.000000000000000","800000000.000000000000000","799600000.000000000000000","799600000.000000000000000","100.000000000000000","2","low","1","R1","ราคาตกลง ≥ 95% ของราคากลาง","","","","","","","","","","","","","","","กรุงเทพมหานคร","กทม","","","province","13.731198360000000","100.507453420000004","1","1","0","0","0","0","0","0","0","0","100.507453416019899","13.731198361402448"
"439","68119109719","ประกวดราคาซื้อโครงการ การจัดซื้อยา ระยะเวลาดำเนินการ 4 ปี (ปี 2569 - 2572) (กลุ่มยาโรคหัวใจและหลอดเลือด) จำนวน 23 รายการ ด้วยวิธีประกวดราคาอิเล็กทรอนิกส์ (e-bidding)","ซื้อ","มหาวิทยาลัยนวมินทราธิราช","ประกวดราคาอิเล็กทรอนิกส์ (e-bidding)","ระหว่างดำเนินการ","25/11/2025","31/3/2026","31/3/2029","บริษัท ดีเคเอสเอช (ประเทศไทย) จำกัด","105523002118","15","บริษัท ดีเคเอสเอช (ประเทศไทย) จำกัด | บริษัท ซิลลิค ฟาร์มา จำกัด","0105523002118 | 0105539106911","2","159666332.000000000000000","159666332.000000000000000","156987266.000000000000000","41578249.390000000596046","98.299999999999997","5","high","2","R1|R8","ราคาตกลง ≥ 95% ของราคากลาง | ยื่นรายเดียวใน Open Bid","1","","บริษัท ดีเคเอสเอช (ประเทศไทย) จำกัด","บริษัทจำกัด","ยังดำเนินกิจการอยู่","1980","200000000.000000000000000","กรุงเทพมหานคร","เขตพระโขนง","การซื้อและการขายอสังหาริมทรัพย์ที่เป็นของตนเองที่ไม่ใช่ เพื่อเป็นที่พักอาศัย","","0.210000000000000","45","0","กรุงเทพมหานคร","กทม","กรุงเทพมหานคร","hq","province","13.750234180000000","100.521416070000001","1","1","0","0","0","0","1","0","0","0","100.521416071516498","13.750234177696095"
"440","68119131486","จ้างการจัดหาที่พัก อาหาร ซักรีด และการขนส่ง ประจำมหกรรมการจัดการแข่งขันกีฬาซีเกมส์ ครั้งที่ ๓๓ พ.ศ. ๒๕๖๘ (ค.ศ. ๒๐๒๕) และการแข่งขันอาเซียนพาราเกมส์ ครั้งที่ ๑๓ พ.ศ. ๒๕๖๘ (ค.ศ. ๒๐๒๕) โดยวิธีคัดเลือก","จ้างทำของ/จ้างเหมาบริการ","การกีฬาแห่งประเทศไทย","คัดเลือก","ระหว่างดำเนินการ","","13/11/2025","13/3/2026","บริษัท สะ มะ ดุน จำกัด","105542037967","1","บริษัท สะ มะ ดุน จำกัด","0105542037967","1","247167200.000000000000000","247167200.000000000000000","246650000.000000000000000","246650000.000000000000000","99.799999999999997","4","mid","2","R1|R9","ราคาตกลง ≥ 95% ของราคากลาง | ราคาผู้ชนะ vs อันดับ 2 < 5%","2","0.100000000000000","","","","","0.000000000000000","","","","","","","","กรุงเทพมหานคร","กทม","กรุงเทพมหานคร","hq","province","13.750344779999999","100.522132559999989","1","1","0","0","0","0","0","1","0","0","100.522132561498879","13.750344781223205"
"441","68119133970","ประกวดราคาซื้อการจัดซื้อยาระยะเวลาดำเนินการ 4 ปี (ปี 2569-2572) กลุ่มยาโรคระบบทางเดินอาหาร จำนวน 15 รายการ ด้วยวิธีประกวดราคาอิเล็กทรอนิกส์ (e-bidding)","ซื้อ","มหาวิทยาลัยนวมินทราธิราช","ประกวดราคาอิเล็กทรอนิกส์ (e-bidding)","ระหว่างดำเนินการ","17/11/2025","31/3/2026","31/3/2029","บริษัท ซิลลิค ฟาร์มา จำกัด","105539106911","27","บริษัท ซิลลิค ฟาร์มา จำกัด","0105539106911","1","142179379.599999994039536","142179379.599999994039536","109211481.400000005960464","109211481.400000005960464","76.799999999999997","3","mid","1","R8","ยื่นรายเดียวใน Open Bid","1","","บริษัท ซิลลิค ฟาร์มา จำกัด","บริษัทจำกัด","ยังดำเนินกิจการอยู่","1996","628000000.000000000000000","กรุงเทพมหานคร","เขตคลองเตย","การผลิตเครื่องมือและอุปกรณ์ในทางการแพทย์ (ยกเว้นทางทันตกรรม)","","0.170000000000000","29","0","กรุงเทพมหานคร","กทม","กรุงเทพมหานคร","hq","province","13.750346579999999","100.522144909999994","1","0","0","0","0","0","1","0","0","0","100.522144908842478","13.750346576099966"
"442","68119134088","ประกวดราคาซื้อโครงการ การจัดซื้อยา ระยะเวลาดำเนินการ 4 ปี (ปี 2569 - 2572) (กลุ่มยาโรคต่อมไร้ท่อ) จำนวน 12 รายการ ด้วยวิธีประกวดราคาอิเล็กทรอนิกส์ (e-bidding)","ซื้อ","มหาวิทยาลัยนวมินทราธิราช","ประกวดราคาอิเล็กทรอนิกส์ (e-bidding)","ระหว่างดำเนินการ","21/11/2025","31/3/2026","31/3/2029","บริษัท ดีเคเอสเอช (ประเทศไทย) จำกัด","105523002118","15","บริษัท ดีเคเอสเอช (ประเทศไทย) จำกัด | บริษัท ซิลลิค ฟาร์มา จำกัด | บริษัท บางกอก เฮลธ์ ซัพพลายส์ จำกัด","0105523002118 | 0105539106911 | 0125549008148","3","187961780.300000011920929","187961780.300000011920929","184852038.500000000000000","57027362.000000000000000","98.299999999999997","2","low","1","R1","ราคาตกลง ≥ 95% ของราคากลาง","4","120.299999999999997","บริษัท ดีเคเอสเอช (ประเทศไทย) จำกัด","บริษัทจำกัด","ยังดำเนินกิจการอยู่","1980","200000000.000000000000000","กรุงเทพมหานคร","เขตพระโขนง","การซื้อและการขายอสังหาริมทรัพย์ที่เป็นของตนเองที่ไม่ใช่ เพื่อเป็นที่พักอาศัย","","0.290000000000000","45","0","กรุงเทพมหานคร","กทม","กรุงเทพมหานคร","hq","province","13.750347220000000","100.522149270000000","1","1","0","0","0","0","0","0","0","0","100.522149273756440","13.750347214821325"
"443","68119138458","ประกวดราคาซื้อโครงการ การจัดซื้อยา ระยะเวลาดำเนินการ 4 ปี (ปี 2569 - 2572) (กลุ่มยาประสาทวิทยา) จำนวน 27 รายการ ด้วยวิธีประกวดราคาอิเล็กทรอนิกส์ (e-bidding)","ซื้อ","มหาวิทยาลัยนวมินทราธิราช","ประกวดราคาอิเล็กทรอนิกส์ (e-bidding)","ระหว่างดำเนินการ","25/11/2025","31/3/2026","31/3/2029","บริษัท บี.เอ็ล.ฮั้ว จำกัด","105490000456","1","บริษัท บี.เอ็ล.ฮั้ว จำกัด | บริษัท แปซิฟิค เฮลธ์แคร์ (ไทยแลนด์) จำกัด | บริษัท ดีเคเอสเอช (ประเทศไทย) จำกัด | บริษัท ซิลลิค ฟาร์มา จำกัด","0105490000456 | 0105504000253 | 0105523002118 | 0105539106911","4","143034610.400000005960464","143034610.400000005960464","138598051.099999994039536","12393810.000000000000000","96.900000000000006","2","low","1","R1","ราคาตกลง ≥ 95% ของราคากลาง","2","99.700000000000003","","","","","0.000000000000000","","","","","","","","กรุงเทพมหานคร","กทม","กรุงเทพมหานคร","hq","province","13.750350619999999","100.522172789999999","1","1","0","0","0","0","0","0","0","0","100.522172785362372","13.750350623080235"
"444","68119143699","ประกวดราคาซื้อการจัดซื้อยาระยะเวลาดำเนินการ 4 ปี (ปี 2569-2572) กลุ่มยาโรคตา หู คอ จมูก 36 รายการ ด้วยวิธีประกวดราคาอิเล็กทรอนิกส์ (e-bidding)","ซื้อ","มหาวิทยาลัยนวมินทราธิราช","ประกวดราคาอิเล็กทรอนิกส์ (e-bidding)","ระหว่างดำเนินการ","25/11/2025","31/3/2026","31/3/2029","บริษัท ดีเคเอสเอช (ประเทศไทย) จำกัด","105523002118","15","บริษัท ดีเคเอสเอช (ประเทศไทย) จำกัด | บริษัท ซิลลิค ฟาร์มา จำกัด","0105523002118 | 0105539106911","2","133749728.099999994039536","133749728.099999994039536","127772398.900000005960464","56771692.990000002086163","95.500000000000000","5","high","2","R1|R8","ราคาตกลง ≥ 95% ของราคากลาง | ยื่นรายเดียวใน Open Bid","1","","บริษัท ดีเคเอสเอช (ประเทศไทย) จำกัด","บริษัทจำกัด","ยังดำเนินกิจการอยู่","1980","200000000.000000000000000","กรุงเทพมหานคร","เขตพระโขนง","การซื้อและการขายอสังหาริมทรัพย์ที่เป็นของตนเองที่ไม่ใช่ เพื่อเป็นที่พักอาศัย","","0.280000000000000","45","0","กรุงเทพมหานคร","กทม","กรุงเทพมหานคร","hq","province","13.750376279999999","100.522348250000007","1","1","0","0","0","0","1","0","0","0","100.522348250591861","13.750376275767813"
"445","68119144118","ประกวดราคาเช่าการเช่าใช้อุปกรณ์การเรียนการสอน สำหรับครูและนักเรียนภายใต้โครงการส่งเสริมการเรียนรู้ขั้นพื้นฐานทุกที่ทุกเวลาประจำปีงบประมาณ พ.ศ. 2568 ด้วยวิธีประกวดราคาอิเล็กทรอนิกส์ (e-bidding)","เช่า","สำนักงานคณะกรรมการการศึกษาขั้นพื้นฐาน","ประกวดราคาอิเล็กทรอนิกส์ (e-bidding)","ระหว่างดำเนินการ","14/11/2025","28/1/2026","28/5/2031","บริษัท ไวร์เออ แอนด์ ไวร์เลส จำกัด","105538013293","7","บริษัท ไวร์เออ แอนด์ ไวร์เลส จำกัด","0105538013293","1","152346600.000000000000000","152346600.000000000000000","151996068.000000000000000","151996068.000000000000000","99.799999999999997","4","mid","2","R1|R9","ราคาตกลง ≥ 95% ของราคากลาง | ราคาผู้ชนะ vs อันดับ 2 < 5%","2","0.200000000000000","บริษัท ไวร์เออ แอนด์ ไวร์เลส จำกัด","บริษัทจำกัด","ยังดำเนินกิจการอยู่","1995","6845130000.000000000000000","กรุงเทพมหานคร","เขตห้วยขวาง","กิจกรรมบริการทางการเงินอื่นๆ (ยกเว้นกิจกรรมการประกันภัย และกองทุนบำเหน็จบำนาญ) ซึ่งมิได้จัดประเภทไว้ในที่อื่น","","0.020000000000000","30","1","จ.เพชรบูรณ์","ภาค 6","จ.เพชรบูรณ์","hq","province","16.420376920000002","101.152382520000003","1","1","0","0","0","0","0","1","0","0","101.152382521322082","16.420376915744281"
"446","68119148016","ประกวดราคาจ้างเหมาบริการทำความสะอาด สุขอนามัยภัณฑ์พร้อมวัสดุสิ้นเปลือง อาคารโรงพยาบาลรามาธิบดีจักรีนฤบดินทร์ ด้วยวิธีประกวดราคาอิเล็กทรอนิกส์ (e-bidding)","จ้างทำของ/จ้างเหมาบริการ","คณะแพทยศาสตร์โรงพยาบาลรามาธิบดี มหาวิทยาลัยมหิดล","ประกวดราคาอิเล็กทรอนิกส์ (e-bidding)","ระหว่างดำเนินการ","22/1/2026","27/2/2026","30/9/2027","บริษัท รักษาความปลอดภัย พีซีเอส และ ฟาซิลิตี้ เซอร์วิสเซส จำกัด","105532096774","1","บริษัท รักษาความปลอดภัย พีซีเอส และ ฟาซิลิตี้ เซอร์วิสเซส จำกัด","0105532096774","1","128000000.000000000000000","128000000.000000000000000","127988429.900000005960464","127988429.900000005960464","100.000000000000000","6","high","3","R1|R8|R10","ราคาตกลง ≥ 95% ของราคากลาง | ยื่นรายเดียวใน Open Bid | ทุนจดทะเบียนต่ำเทียบมูลค่าสัญญา","1","","บริษัท รักษาความปลอดภัย พีซีเอส และ ฟาซิลิตี้ เซอร์วิสเซส จำกัด","บริษัทจำกัด","ยังดำเนินกิจการอยู่","1989","20000000.000000000000000","กรุงเทพมหานคร","เขตพระโขนง","การขายส่งเครื่องจักรและอุปกรณ์อื่นๆซึ่งมิได้จัดประเภทไว้ในที่อื่น","","6.400000000000000","37","0","กรุงเทพมหานคร","กทม","กรุงเทพมหานคร","hq","province","13.750379839999999","100.522373599999995","1","1","0","0","0","0","1","0","1","0","100.522373599252560","13.750379841961481"
"447","68119150892","ประกวดราคาเช่าเช่าใช้อุปกรณ์การเรียนการสอนสำหรับครูและนักเรียนภายใต้โครงการส่งเสริมการเรียนรู้ขั้นพื้นฐานทุกที่ทุกเวลา ประจำปีงบประมาณ พ.ศ.2568 ด้วยวิธีประกวดราคาอิเล็กทรอนิกส์ (e-bidding)","เช่า","สำนักงานคณะกรรมการการศึกษาขั้นพื้นฐาน","ประกวดราคาอิเล็กทรอนิกส์ (e-bidding)","ระหว่างดำเนินการ","14/11/2025","16/1/2026","31/5/2031","บริษัท เอสวีโอเอ จำกัด (มหาชน)","107537002001","18","บริษัท เอสวีโอเอ จำกัด (มหาชน)","0107537002001","1","456683850.000000000000000","456683850.000000000000000","456679038.800000011920929","456679038.800000011920929","100.000000000000000","4","mid","2","R1|R9","ราคาตกลง ≥ 95% ของราคากลาง | ราคาผู้ชนะ vs อันดับ 2 < 5%","2","0.000000000000000","บริษัท เอสวีโอเอ จำกัด (มหาชน)","บริษัทมหาชนจำกัด","ยังดำเนินกิจการอยู่","1994","947000000.000000000000000","กรุงเทพมหานคร","เขตยานนาวา","ร้านขายปลีกคอมพิวเตอร์และอุปกรณ์ต่อพ่วงคอมพิวเตอร์","","0.480000000000000","31","1","จ.ศรีสะเกษ","ภาค 3","จ.ศรีสะเกษ","hq","province","15.120400950000001","104.322537010000005","1","1","0","0","0","0","0","1","0","0","104.322537007164598","15.120400949941946"
"448","68119170590","ซื้อชุดสูบน้ำระบบไฮดรอลิคส่งระยะไกลแบบปรับอัตราการไหลตามช่วงกำลังงานที่เปลี่ยนไป กรมทรัพยากรน้ำ แขวงพญาไท เขตพญาไท กรุงเทพมหานคร 16 เครื่อง โดยวิธีเฉพาะเจาะจง","ซื้อ","กรมทรัพยากรน้ำ","เฉพาะเจาะจง","ระหว่างดำเนินการ","","14/1/2026","11/10/2026","บริษัท นำพลอินเตอร์เทรด จำกัด","655557001276","7","บริษัท นำพลอินเตอร์เทรด จำกัด","0655557001276","1","192000000.000000000000000","192000000.000000000000000","192000000.000000000000000","192000000.000000000000000","100.000000000000000","5","high","2","R1|R4","ราคาตกลง ≥ 95% ของราคากลาง | ใช้วิธีเฉพาะเจาะจง","1","","บริษัท นำพลอินเตอร์เทรด จำกัด","บริษัทจำกัด","ยังดำเนินกิจการอยู่","2014","50000000.000000000000000","พิษณุโลก","เมืองพิษณุโลก","การก่อสร้างอาคารที่ไม่ใช่ที่พักอาศัย","","3.840000000000000","","1","กรุงเทพมหานคร","กทม","กรุงเทพมหานคร","text","province","13.750447400000001","100.522861939999999","1","1","0","1","0","0","0","0","0","0","100.522861935119082","13.750447397194636"
"449","68119171567","ประกวดราคาซื้อการจัดซื้อยาระยะเวลาดำเนินการ 4 ปี (ปี 2569-2572) กลุ่มยาอื่นๆ จำนวน 28 รายการ ด้วยวิธีประกวดราคาอิเล็กทรอนิกส์ (e-bidding)","ซื้อ","มหาวิทยาลัยนวมินทราธิราช","ประกวดราคาอิเล็กทรอนิกส์ (e-bidding)","ระหว่างดำเนินการ","11/12/2025","31/3/2026","31/3/2029","บริษัท ดีเคเอสเอช (ประเทศไทย) จำกัด","105523002118","15","บริษัท ดีเคเอสเอช (ประเทศไทย) จำกัด | บริษัท ซิลลิค ฟาร์มา จำกัด","0105523002118 | 0105539106911","2","125350288.900000005960464","125350288.900000005960464","123599272.400000005960464","50107687.280000001192093","98.599999999999994","2","low","1","R1","ราคาตกลง ≥ 95% ของราคากลาง","2","40.899999999999999","บริษัท ดีเคเอสเอช (ประเทศไทย) จำกัด","บริษัทจำกัด","ยังดำเนินกิจการอยู่","1980","200000000.000000000000000","กรุงเทพมหานคร","เขตพระโขนง","การซื้อและการขายอสังหาริมทรัพย์ที่เป็นของตนเองที่ไม่ใช่ เพื่อเป็นที่พักอาศัย","","0.250000000000000","45","0","กรุงเทพมหานคร","กทม","กรุงเทพมหานคร","hq","province","13.750447950000002","100.522866260000001","1","1","0","0","0","0","0","0","0","0","100.522866262303808","13.750447949531289"
"450","68119205104","ซื้อวัตถุออกฤทธิ์ในประเภท 2 Methylphenidate HCl extended release tablets Concerta 36 mg โดยวิธีเฉพาะเจาะจง","ซื้อ","สำนักงานคณะกรรมการอาหารและยา","เฉพาะเจาะจง","ระหว่างดำเนินการ","","16/12/2025","11/11/2026","บริษัท แจนเซ่น-ซีแลก จำกัด","105515009044","1","บริษัท แจนเซ่น-ซีแลก จำกัด","0105515009044","1","112332880.000000000000000","112332880.000000000000000","112332880.000000000000000","112332880.000000000000000","100.000000000000000","6","high","3","R1|R4|R10","ราคาตกลง ≥ 95% ของราคากลาง | ใช้วิธีเฉพาะเจาะจง | ทุนจดทะเบียนต่ำเทียบมูลค่าสัญญา","1","","บริษัท แจนเซ่น-ซีแลก จำกัด","บริษัทจำกัด","ยังดำเนินกิจการอยู่","1972","2000000.000000000000000","กรุงเทพมหานคร","เขตลาดกระบัง","การผลิตเภสัชภัณฑ์และเคมีภัณฑ์ที่ใช้รักษาโรค","","56.170000000000002","","0","กรุงเทพมหานคร","กทม","กรุงเทพมหานคร","hq","province","13.750744720000000","100.526007620000001","1","1","0","1","0","0","0","0","1","0","100.526007617851775","13.750744721661343"
"451","68119205970","ประกวดราคาซื้อโครงการ การจัดซื้อยา ระยะเวลาดำเนินการ 4 ปี (ปี 2569 - 2572) (กลุ่มยาโรคต่อมไร้ท่อ) จำนวน 5 รายการ ด้วยวิธีประกวดราคาอิเล็กทรอนิกส์ (e-bidding)","ซื้อ","มหาวิทยาลัยนวมินทราธิราช","ประกวดราคาอิเล็กทรอนิกส์ (e-bidding)","ระหว่างดำเนินการ","1/12/2025","31/3/2026","31/3/2029","บริษัท ดีเคเอสเอช (ประเทศไทย) จำกัด","105523002118","15","บริษัท ดีเคเอสเอช (ประเทศไทย) จำกัด | บริษัท ซิลลิค ฟาร์มา จำกัด","0105523002118 | 0105539106911","2","128268133.200000002980232","128268133.200000002980232","107257014.000000000000000","17247330.000000000000000","83.599999999999994","0","low","0","","","8","20.399999999999999","บริษัท ดีเคเอสเอช (ประเทศไทย) จำกัด","บริษัทจำกัด","ยังดำเนินกิจการอยู่","1980","200000000.000000000000000","กรุงเทพมหานคร","เขตพระโขนง","การซื้อและการขายอสังหาริมทรัพย์ที่เป็นของตนเองที่ไม่ใช่ เพื่อเป็นที่พักอาศัย","","0.090000000000000","45","0","กรุงเทพมหานคร","กทม","กรุงเทพมหานคร","hq","province","13.750744709999999","100.526008089999991","1","0","0","0","0","0","0","0","0","0","100.526008086772364","13.750744711190499"
"452","68119206373","ซื้อและอนุญาตให้ใช้สิทธิในโปรแกรมคอมพิวเตอร์ระบบป้องกันภัยไซเบอร์แบบเต็มรูปแบบ จำนวน 1 ระบบ โดยวิธีคัดเลือก","ซื้อ","การไฟฟ้าส่วนภูมิภาค","คัดเลือก","ระหว่างดำเนินการ","","4/3/2026","2/4/2029","บริษัท ฟอร์ท คอร์ปอเรชั่น จำกัด (มหาชน)","107548000471","4","บริษัท ฟอร์ท คอร์ปอเรชั่น จำกัด (มหาชน)","0107548000471","1","141284940.000000000000000","137644800.000000000000000","136960000.000000000000000","136960000.000000000000000","99.500000000000000","4","mid","2","R1|R9","ราคาตกลง ≥ 95% ของราคากลาง | ราคาผู้ชนะ vs อันดับ 2 < 5%","3","2.100000000000000","บริษัท ฟอร์ท คอร์ปอเรชั่น จำกัด (มหาชน)","บริษัทมหาชนจำกัด","ยังดำเนินกิจการอยู่","2005","467687350.000000000000000","กรุงเทพมหานคร","เขตพญาไท","การผลิตส่วนประกอบอิเล็กทรอนิกส์อื่นๆซึ่งมิได้จัดประเภทไว้ในที่อื่น","","0.290000000000000","","0","กรุงเทพมหานคร","กทม","กรุงเทพมหานคร","hq","province","13.750744720000000","100.526009849999994","1","1","0","0","0","0","0","1","0","0","100.526009852860213","13.750744721661343"
"453","68119208176","จ้างก่อสร้างโครงการจัดสร้างแหล่งท่องเที่ยว Land Mark โลก สุวรรณภูมิ ยุครัตนโกสินทร์ ตำบลราชาเทวะ อำเภอบางพลี จังหวัดสมุทรปราการ โดยวิธีคัดเลือก","จ้างก่อสร้าง","องค์การบริหารส่วนตำบลราชาเทวะ","คัดเลือก","ระหว่างดำเนินการ","","27/11/2025","17/11/2027","บริษัท โชว์ ดีไซน์ จำกัด","135540000241","2","บริษัท โชว์ ดีไซน์ จำกัด","0135540000241","1","200000000.000000000000000","193022213.599999994039536","192000000.000000000000000","192000000.000000000000000","99.500000000000000","4","mid","2","R1|R9","ราคาตกลง ≥ 95% ของราคากลาง | ราคาผู้ชนะ vs อันดับ 2 < 5%","3","0.500000000000000","","","","","0.000000000000000","","","","","","","","จ.สมุทรปราการ","ภาค 1","จ.สมุทรปราการ","latlong","real","13.666233139999999","100.724716200000003","1","1","0","0","0","0","0","1","0","0","100.724716200170732","13.666233140263433"
"454","68119209431","ประกวดราคาซื้อเช่าใช้อุปกรณืการเรียนการสอนสำหรับครูและนักเรียน ด้วยวิธีประกวดราคาอิเล็กทรอนิกส์ (e-bidding)","ซื้อ","สำนักงานคณะกรรมการการศึกษาขั้นพื้นฐาน","ประกวดราคาอิเล็กทรอนิกส์ (e-bidding)","ระหว่างดำเนินการ","26/11/2025","9/2/2026","30/9/2031","บริษัทจำกัด บริษัท ไวร์เออ แอนด์ ไวร์เลส จำกัด(สัญญากิจการค้าร่วม)","105538013293","7","บริษัทจำกัด บริษัท ไวร์เออ แอนด์ ไวร์เลส จำกัด(สัญญากิจการค้าร่วม) | บริษัทมหาชนจำกัด บริษัท เอสวีโอเอ จำกัด (มหาชน)(สัญญากิจการค้าร่วม)","0105538013293 | 0107537002001","2","303554160.000000000000000","303554160.000000000000000","303385306.000000000000000","303385306.000000000000000","99.900000000000006","4","mid","2","R1|R9","ราคาตกลง ≥ 95% ของราคากลาง | ราคาผู้ชนะ vs อันดับ 2 < 5%","2","0.100000000000000","บริษัท ไวร์เออ แอนด์ ไวร์เลส จำกัด","บริษัทจำกัด","ยังดำเนินกิจการอยู่","1995","6845130000.000000000000000","กรุงเทพมหานคร","เขตห้วยขวาง","กิจกรรมบริการทางการเงินอื่นๆ (ยกเว้นกิจกรรมการประกันภัย และกองทุนบำเหน็จบำนาญ) ซึ่งมิได้จัดประเภทไว้ในที่อื่น","","0.040000000000000","30","1","จ.สุราษฎร์ธานี","ภาค 8","จ.สุราษฎร์ธานี","hq","province","9.140744730000002","99.335918969999994","1","1","0","0","0","0","0","1","0","0","99.335918969799806","9.140744727813637"
"596","69019051760","ประกวดราคาเช่ารถยนต์เก๋ง สำหรับใช้งานประจำภูมิภาค จำนวน 139 คัน ระยะเวลาการเช่าไม่เกิน 60 เดือน ด้วยวิธีประกวดราคาอิเล็กทรอนิกส์ (e-bidding)","เช่า","ธนาคารเพื่อการเกษตรและสหกรณ์การเกษตร","ประกวดราคาอิเล็กทรอนิกส์ (e-bidding)","ระหว่างดำเนินการ","15/1/2026","2/4/2026","31/3/2031","บริษัท โปรการาจ จำกัด","105537045787","1","บริษัท โปรการาจ จำกัด","0105537045787","1","145950000.000000000000000","145950000.000000000000000","113714510.000000000000000","113714510.000000000000000","77.900000000000006","0","low","0","","","","","","","","","","","","","","","","","กรุงเทพมหานคร","กทม","","","province","13.731198570000000","100.507269460000003","1","0","0","0","0","0","0","0","0","0","100.507269459016015","13.731198573454330"
"455","68119216103","จ้างก่อสร้างโครงการจัดสร้างแหล่งท่องเที่ยว Land Mark ของโลก สุวรรณภูมิ ยุคอยุธยา ตำบลราชาเทวะ อำเภอบางพลี จังหวัดสมุทรปราการ โดยวิธีคัดเลือก","จ้างก่อสร้าง","องค์การบริหารส่วนตำบลราชาเทวะ","คัดเลือก","ระหว่างดำเนินการ","","27/11/2025","17/11/2027","บริษัท โชว์ ดีไซน์ จำกัด","135540000241","2","บริษัท โชว์ ดีไซน์ จำกัด","0135540000241","1","200000000.000000000000000","191917365.900000005960464","191000000.000000000000000","191000000.000000000000000","99.500000000000000","4","mid","2","R1|R9","ราคาตกลง ≥ 95% ของราคากลาง | ราคาผู้ชนะ vs อันดับ 2 < 5%","3","0.500000000000000","","","","","0.000000000000000","","","","","","","","จ.สมุทรปราการ","ภาค 1","จ.สมุทรปราการ","latlong","real","13.660832870000000","100.723407299999991","1","1","0","0","0","0","0","1","0","0","100.723407300004553","13.660832870243357"
"456","68119222202","ซื้อเครื่องสูบน้ำแบบเคลื่อนที่ระบบไฮดรอลิค ขนาด 24 นิ้ว อัตราการไหล 1,500 ลิตรต่อวินาที ระยะสูบส่ง 4 เมตร กรมทรัพยากรน้ำ แขวงพญาไท เขตพญาไท กรุงเทพมหานคร 44 เครื่อง โดยวิธีเฉพาะเจาะจง","ซื้อ","กรมทรัพยากรน้ำ","เฉพาะเจาะจง","ระหว่างดำเนินการ","","22/1/2026","19/10/2026","บริษัท นำพลอินเตอร์เทรด จำกัด","655557001276","7","บริษัท นำพลอินเตอร์เทรด จำกัด","0655557001276","1","467148000.000000000000000","467148000.000000000000000","467148000.000000000000000","467148000.000000000000000","100.000000000000000","6","high","3","R1|R4|R10","ราคาตกลง ≥ 95% ของราคากลาง | ใช้วิธีเฉพาะเจาะจง | ทุนจดทะเบียนต่ำเทียบมูลค่าสัญญา","1","","บริษัท นำพลอินเตอร์เทรด จำกัด","บริษัทจำกัด","ยังดำเนินกิจการอยู่","2014","50000000.000000000000000","พิษณุโลก","เมืองพิษณุโลก","การก่อสร้างอาคารที่ไม่ใช่ที่พักอาศัย","","9.340000000000000","","1","กรุงเทพมหานคร","กทม","กรุงเทพมหานคร","text","province","13.750747410000001","100.526155380000006","1","1","0","1","0","0","0","0","1","0","100.526155376342984","13.750747410045340"
"457","68119222926","ประกวดราคาซื้อรายการอุปกรณ์สำหรับพัฒนาทีม Thailand EMT Type 2 (กองวิชาการแพทย์) โรงพยาบาลราชวิถี แขวงทุ่งพญาไท เขตราชเทวี กรุงเทพมหานคร 1 รายการ ด้วยวิธีประกวดราคาอิเล็กทรอนิกส์ (e-bidding)","ซื้อ","โรงพยาบาลราชวิถี","ประกวดราคาอิเล็กทรอนิกส์ (e-bidding)","ระหว่างดำเนินการ","1/12/2025","16/3/2026","13/8/2026","บริษัท ฟีเออร์ คอร์เปอร์เรชั่น  จำกัด","105547035997","1","บริษัท ฟีเออร์ คอร์เปอร์เรชั่น  จำกัด","0105547035997","1","147140000.000000000000000","135500000.000000000000000","135000000.000000000000000","135000000.000000000000000","99.599999999999994","5","high","2","R1|R8","ราคาตกลง ≥ 95% ของราคากลาง | ยื่นรายเดียวใน Open Bid","1","","บริษัท ฟีเออร์ คอร์เปอร์เรชั่น  จำกัด","บริษัทจำกัด","ยังดำเนินกิจการอยู่","2004","50000000.000000000000000","กรุงเทพมหานคร","เขตลาดพร้าว","การให้เช่าและให้เช่าแบบลิสซิ่งยานยนต์ชนิดรถบรรทุก และยานยนต์หนักอื่นๆ","","2.700000000000000","21","0","กรุงเทพมหานคร","กทม","กรุงเทพมหานคร","text","province","13.750747400000000","100.526155770000003","1","1","0","0","0","0","1","0","0","0","100.526155770703383","13.750747397829377"
"458","68119223209","ประกวดราคาจ้างก่อสร้างงานก่อสร้างศูนย์บริหารจัดการคุณภาพน้ำ เทศบาลเมืองสนั่นรักษ์ ตำบลบึงน้ำรักษ์ อำเภอธัญบุรี จังหวัดปทุมธานี ด้วยวิธีประกวดราคาอิเล็กทรอนิกส์ (e-bidding)","จ้างก่อสร้าง","องค์การจัดการน้ำเสีย","ประกวดราคาอิเล็กทรอนิกส์ (e-bidding)","ระหว่างดำเนินการ","21/11/2025","12/2/2026","8/4/2027","บริษัท ขิม งานโยธา จำกัด","125555019431","1","บริษัท ขิม งานโยธา จำกัด","0125555019431","1","110000000.000000000000000","110000000.000000000000000","105924500.000000000000000","105924500.000000000000000","96.299999999999997","4","mid","2","R1|R9","ราคาตกลง ≥ 95% ของราคากลาง | ราคาผู้ชนะ vs อันดับ 2 < 5%","3","0.100000000000000","บริษัท ขิม งานโยธา จำกัด","บริษัทจำกัด","ยังดำเนินกิจการอยู่","2012","25000000.000000000000000","นนทบุรี","เมืองนนทบุรี","กิจกรรมงานวิศวกรรมและการให้คำปรึกษาทางด้านเทคนิค ที่เกี่ยวข้อง","","4.240000000000000","13","1","กรุงเทพมหานคร","กทม","จ.นครนายก","latlong","real","14.072099679999999","100.880794399999999","1","1","0","0","0","0","0","1","0","0","100.880794399740182","14.072099680391835"
"459","68119223947","ประกวดราคาเช่าเครื่องคอมพิวเตอร์ จำนวน 2,140 เครื่อง ด้วยวิธีประกวดราคาอิเล็กทรอนิกส์ (e-bidding)","เช่า","มหาวิทยาลัยพะเยา","ประกวดราคาอิเล็กทรอนิกส์ (e-bidding)","ระหว่างดำเนินการ","3/12/2025","19/2/2026","30/4/2031","ห้างหุ้นส่วนจำกัด ฮิวเมติค","103537015355","1","ห้างหุ้นส่วนจำกัด ฮิวเมติค","0103537015355","1","135198000.000000000000000","135198000.000000000000000","104957400.000000000000000","104957400.000000000000000","77.599999999999994","0","low","0","","","2","27.500000000000000","","","","","0.000000000000000","","","","","","","","จ.พะเยา","ภาค 5","จ.พะเยา","text","province","19.160747380000000","99.906332129999996","1","0","0","0","0","0","0","0","0","0","99.906332127886543","19.160747383114153"
"460","68119235802","ประกวดราคาเช่าใช้อุปกรณ์การเรียนการสอน สำหรับครูและนักเรียน ภายใต้โครงการส่งเสริมการเรียนรู้ขั้นพื้นฐานทุกที่ทุกเวลา ด้วยวิธีประกวดราคาอิเล็กทรอนิกส์ (e-bidding)","เช่า","สำนักงานคณะกรรมการการศึกษาขั้นพื้นฐาน","ประกวดราคาอิเล็กทรอนิกส์ (e-bidding)","ระหว่างดำเนินการ","15/12/2025","24/2/2026","30/4/2031","บริษัทจำกัด บริษัท ไวร์เออ แอนด์ ไวร์เลส จำกัด(สัญญากิจการค้าร่วม)","105538013293","7","บริษัทจำกัด บริษัท ไวร์เออ แอนด์ ไวร์เลส จำกัด(สัญญากิจการค้าร่วม)","0105538013293","1","196413210.000000000000000","196413210.000000000000000","195612781.199999988079071","195612781.199999988079071","99.599999999999994","5","high","2","R1|R8","ราคาตกลง ≥ 95% ของราคากลาง | ยื่นรายเดียวใน Open Bid","1","","บริษัท ไวร์เออ แอนด์ ไวร์เลส จำกัด","บริษัทจำกัด","ยังดำเนินกิจการอยู่","1995","6845130000.000000000000000","กรุงเทพมหานคร","เขตห้วยขวาง","กิจกรรมบริการทางการเงินอื่นๆ (ยกเว้นกิจกรรมการประกันภัย และกองทุนบำเหน็จบำนาญ) ซึ่งมิได้จัดประเภทไว้ในที่อื่น","","0.030000000000000","30","1","จ.พระนครศรีอยุธยา","ภาค 1","จ.พระนครศรีอยุธยา","hq","province","14.350748209999999","100.566253840000002","1","1","0","0","0","0","1","0","0","0","100.566253835904661","14.350748209544411"
"461","68119237711","ประกวดราคาจ้างเหมาดำเนินการโครงการช่วยเหลือเกษตรกรไทยเพิ่มรายได้ลดรายจ่ายด้วยดิจิทัล (OTOD ทุเรียนดิจิทัล) ด้วยวิธีประกวดราคาอิเล็กทรอนิกส์ (e-bidding)","จ้างทำของ/จ้างเหมาบริการ","สำนักงานส่งเสริมเศรษฐกิจดิจิทัล","ประกวดราคาอิเล็กทรอนิกส์ (e-bidding)","ระหว่างดำเนินการ","27/11/2025","23/1/2026","23/1/2027","บริษัท ครีเอทีฟ พลาซ่า จำกัด","105558162413","1","บริษัท ครีเอทีฟ พลาซ่า จำกัด","0105558162413","1","173000000.000000000000000","173000000.000000000000000","172650000.000000000000000","172650000.000000000000000","99.799999999999997","5","high","3","R1|R9|R10","ราคาตกลง ≥ 95% ของราคากลาง | ราคาผู้ชนะ vs อันดับ 2 < 5% | ทุนจดทะเบียนต่ำเทียบมูลค่าสัญญา","2","0.100000000000000","บริษัท ครีเอทีฟ พลาซ่า จำกัด","บริษัทจำกัด","ยังดำเนินกิจการอยู่","2015","20000000.000000000000000","นนทบุรี","ปากเกร็ด","การจัดการแสดงทางธุรกิจและการแสดงสินค้า","82302","8.630000000000001","10","1","กรุงเทพมหานคร","กทม","กรุงเทพมหานคร","hq","province","13.750748160000001","100.526241490000004","1","1","0","0","0","0","0","1","1","0","100.526241485252868","13.750748163944634"
"462","68119250141","ประกวดราคาเช่าใช้อุปกรณ์การเรียนการสอน สำหรับครูและนักเรียน ภายใต้โครงการส่งเสริมการเรียนรู้ขั้นพื้นฐานทุกที่ทุกเวลา ด้วยวิธีประกวดราคาอิเล็กทรอนิกส์ (e-bidding)","เช่า","สำนักงานคณะกรรมการการศึกษาขั้นพื้นฐาน","ประกวดราคาอิเล็กทรอนิกส์ (e-bidding)","ระหว่างดำเนินการ","20/11/2025","22/1/2026","28/2/2031","บริษัท สุพรีม ดิสทิบิวชั่น จำกัด (มหาชน)","107566000291","16","บริษัท สุพรีม ดิสทิบิวชั่น จำกัด (มหาชน)","0107566000291","1","588978600.000000000000000","761353500.000000000000000","588800000.000000000000000","588800000.000000000000000","77.299999999999997","5","high","3","R7|R8|R11","ราคากลาง vs งบ > 20% | ยื่นรายเดียวใน Open Bid | บริษัทจดทะเบียนใหม่ก่อนชนะโครงการ","1","","บริษัท สุพรีม ดิสทิบิวชั่น จำกัด (มหาชน)","บริษัทมหาชนจำกัด","ยังดำเนินกิจการอยู่","2023","370000000.000000000000000","กรุงเทพมหานคร","เขตบางเขน","การขายส่งคอมพิวเตอร์อุปกรณ์ต่อพ่วงคอมพิวเตอร์และซอฟต์แวร์","","1.590000000000000","2","0","กรุงเทพมหานคร","กทม","กรุงเทพมหานคร","hq","province","13.750749239999999","100.526375710000011","1","0","0","0","0","1","1","0","0","1","100.526375709725968","13.750749238949190"
"463","68119252326","ประกวดราคาจ้างก่อสร้างประตูระบายน้ำหัวงานและอาคารประกอบพร้อมระบบส่งน้ำ โครงการอาคารทดน้ำบ้านท่าครูเทียนพร้อมระบบส่งน้ำ จังหวัดราชบุรี ด้วยวิธีประกวดราคาอิเล็กทรอนิกส์ (e-bidding)","จ้างก่อสร้าง","กรมชลประทาน","ประกวดราคาอิเล็กทรอนิกส์ (e-bidding)","ระหว่างดำเนินการ","11/12/2025","18/3/2026","","ห้างหุ้นส่วนจำกัด น้ำก่ำก่อสร้าง","483532000161","4","ห้างหุ้นส่วนจำกัด น้ำก่ำก่อสร้าง","0483532000161","1","460000000.000000000000000","460027898.899999976158142","458480000.000000000000000","458480000.000000000000000","99.700000000000003","4","mid","2","R1|R9","ราคาตกลง ≥ 95% ของราคากลาง | ราคาผู้ชนะ vs อันดับ 2 < 5%","3","0.100000000000000","","","","","0.000000000000000","","","","","","","","กรุงเทพมหานคร","กทม","จ.กาญจนบุรี","latlong","real","13.661317360000000","99.429533620000001","1","1","0","0","0","0","0","1","0","0","99.429533620080178","13.661317360399561"
"464","68119273377","ประกวดราคาจ้างก่อสร้างปรับปรุงคลองมะขามเฒ่า - อู่ทอง พร้อมอาคารประกอบ จังหวัดชัยนาท ด้วยวิธีประกวดราคาอิเล็กทรอนิกส์ (e-bidding)","จ้างก่อสร้าง","กรมชลประทาน","ประกวดราคาอิเล็กทรอนิกส์ (e-bidding)","ระหว่างดำเนินการ","3/12/2025","26/3/2026","","ห้างหุ้นส่วนจำกัด ธงไทยหันคา","183520000023","2","ห้างหุ้นส่วนจำกัด ธงไทยหันคา","0183520000023","1","600000000.000000000000000","606754603.899999976158142","590905500.000000000000000","590905500.000000000000000","97.400000000000006","4","mid","2","R1|R9","ราคาตกลง ≥ 95% ของราคากลาง | ราคาผู้ชนะ vs อันดับ 2 < 5%","4","0.000000000000000","ห้างหุ้นส่วนจำกัด ธงไทยหันคา","ห้างหุ้นส่วนจำกัด","ยังดำเนินกิจการอยู่","1977","200000000.000000000000000","ชัยนาท","หันคา","การก่อสร้างโครงการวิศวกรรมโยธาอื่นๆซึ่งมิได้จัดประเภทไว้ในที่อื่น","","2.950000000000000","48","1","กรุงเทพมหานคร","กทม","จ.ชัยนาท","latlong","real","15.233342900000000","100.042877200000007","1","1","0","0","0","0","0","1","0","0","100.042877200017969","15.233342900347886"
"465","68119296905","ประกวดราคาจ้างเหมาบริการดูแลรักษาความปลอดภัย จำนวน ๖ พื้นที่ ตั้งแต่วันที่ ๑ มกราคม ๒๕๖๙  ถึงวันที่ ๑ มกราคม ๒๕๗๒ ระยะเวลา ๓ ปี ด้วยวิธีประกวดราคาอิเล็กทรอนิกส์ (e-bidding)","จ้างทำของ/จ้างเหมาบริการ","มหาวิทยาลัยมหิดล","ประกวดราคาอิเล็กทรอนิกส์ (e-bidding)","ระหว่างดำเนินการ","24/11/2025","5/1/2026","1/1/2029","บริษัท รักษาความปลอดภัย เอ็น.พี.  จำกัด","105550082518","1","บริษัท รักษาความปลอดภัย เอ็น.พี.  จำกัด","0105550082518","1","124200000.000000000000000","127578240.000000000000000","122499972.000000000000000","122499972.000000000000000","96.000000000000000","6","high","3","R1|R8|R10","ราคาตกลง ≥ 95% ของราคากลาง | ยื่นรายเดียวใน Open Bid | ทุนจดทะเบียนต่ำเทียบมูลค่าสัญญา","1","","บริษัท รักษาความปลอดภัย เอ็น.พี.  จำกัด","บริษัทจำกัด","ยังดำเนินกิจการอยู่","2007","20000000.000000000000000","กรุงเทพมหานคร","เขตทวีวัฒนา","กิจกรรมการให้บริการจ้างงานชั่วคราว","","6.120000000000000","18","0","กรุงเทพมหานคร","กทม","กรุงเทพมหานคร","hq","province","13.750747160000000","100.526675640000008","1","1","0","0","0","0","1","0","1","0","100.526675644622912","13.750747162235845"
"466","68119306332","ซื้อชุดน้ำยาและวัสดุสิ้นเปลืองสำหรับการทดสอบทางเคมีคลินิก ภูมิคุ้มกันวิทยา  และการตรวจปัสสาวะ ประจำปีงบประมาณ 2569-2571 โดยวิธีเฉพาะเจาะจง","ซื้อ","มหาวิทยาลัยมหิดล","เฉพาะเจาะจง","ระหว่างดำเนินการ","","27/2/2026","30/9/2028","บริษัท ดีเคเอสเอช (ประเทศไทย) จำกัด","105523002118","15","บริษัท ดีเคเอสเอช (ประเทศไทย) จำกัด","0105523002118","1","195459363.800000011920929","195459363.800000011920929","184998778.199999988079071","184998778.199999988079071","94.599999999999994","3","mid","1","R4","ใช้วิธีเฉพาะเจาะจง","1","","บริษัท ดีเคเอสเอช (ประเทศไทย) จำกัด","บริษัทจำกัด","ยังดำเนินกิจการอยู่","1980","200000000.000000000000000","กรุงเทพมหานคร","เขตพระโขนง","การซื้อและการขายอสังหาริมทรัพย์ที่เป็นของตนเองที่ไม่ใช่ เพื่อเป็นที่พักอาศัย","","0.920000000000000","","0","กรุงเทพมหานคร","กทม","กรุงเทพมหานคร","hq","province","13.750696990000000","100.528420969999999","1","0","0","1","0","0","0","0","0","0","100.528420967015407","13.750696993023764"
"467","68119320102","ประกวดราคาจ้างก่อสร้างงานก่อสร้างอาคาร พร้อมสิ่งอำนวยความสะดวก จำนวน ๒ หลัง ของ หน่วยขึ้นตรง กองพลทหารราบที่ ๑๑ จังหวัดฉะเชิงเทรา ด้วยวิธีประกวดราคาอิเล็กทรอนิกส์ (e-bidding)","จ้างก่อสร้าง","กองทัพบก","ประกวดราคาอิเล็กทรอนิกส์ (e-bidding)","ระหว่างดำเนินการ","24/11/2025","16/2/2026","22/4/2027","บริษัท สิทธิชัยเอนจิเนียริ่ง จำกัด","105516008581","2","บริษัท สิทธิชัยเอนจิเนียริ่ง จำกัด","0105516008581","1","122252300.000000000000000","122252300.000000000000000","122200000.000000000000000","122200000.000000000000000","100.000000000000000","2","low","1","R1","ราคาตกลง ≥ 95% ของราคากลาง","2","12.000000000000000","","","","","0.000000000000000","","","","","","","","กรุงเทพมหานคร","กทม","จ.ฉะเชิงเทรา","latlong","real","13.649935910000000","101.102936499999998","1","1","0","0","0","0","0","0","0","0","101.102936500137702","13.649935910086169"
"597","69019052201","ประกวดราคาเช่ารถยนต์ไฟฟ้าพร้อมอุปกรณ์ชาร์จแบตเตอรี่ สำหรับใช้งานประจำภูมิภาค จำนวน 150 คัน ระยะเวลาการเช่าไม่เกิน 60 เดือน  ด้วยวิธีประกวดราคาอิเล็กทรอนิกส์ (e-bidding)","เช่า","ธนาคารเพื่อการเกษตรและสหกรณ์การเกษตร","ประกวดราคาอิเล็กทรอนิกส์ (e-bidding)","ระหว่างดำเนินการ","23/1/2026","3/4/2026","31/3/2031","บริษัท บียอนด์ ลีสซิ่ง จำกัด","105567094921","1","บริษัท บียอนด์ ลีสซิ่ง จำกัด","0105567094921","1","195300000.000000000000000","195300000.000000000000000","174765600.000000000000000","174765600.000000000000000","89.500000000000000","0","low","0","","","","","","","","","","","","","","","","","กรุงเทพมหานคร","กทม","","","province","13.731198639999999","100.507268499999995","1","0","0","0","0","0","0","0","0","0","100.507268497818657","13.731198639775064"
"468","68119329730","ประกวดราคาจ้างก่อสร้างโครงการพัฒนาพื้นที่และปรับปรุงภูมิทัศน์ ตำบลช่างปี่ อำเภอศีขรภูมิ จังหวัดสุรินทร์ ด้วยวิธีประกวดราคาอิเล็กทรอนิกส์ (e-bidding)","จ้างก่อสร้าง","กรมโยธาธิการและผังเมือง","ประกวดราคาอิเล็กทรอนิกส์ (e-bidding)","ระหว่างดำเนินการ","2/12/2025","11/3/2026","13/5/2028","กิจการร่วมค้า เอส ดี","993000507762","1","กิจการร่วมค้า เอส ดี","0993000507762","1","120000000.000000000000000","119810000.000000000000000","118850000.000000000000000","118850000.000000000000000","99.200000000000003","4","mid","2","R1|R9","ราคาตกลง ≥ 95% ของราคากลาง | ราคาผู้ชนะ vs อันดับ 2 < 5%","4","0.800000000000000","","","","","0.000000000000000","","","","","","","","กรุงเทพมหานคร","กทม","จ.สุรินทร์","latlong","real","14.942141810000001","103.708061000000001","1","1","0","0","0","0","0","1","0","0","103.708061000199862","14.942141809896652"
"469","68119428214","ประกวดราคาจ้างก่อสร้างโครงการพัฒนาพื้นที่และปรับปรุงภูมิทัศน์ ตำบลบะ อำเภอท่าตูม จังหวัดสุรินทร์ ด้วยวิธีประกวดราคาอิเล็กทรอนิกส์ (e-bidding)","จ้างก่อสร้าง","กรมโยธาธิการและผังเมือง","ประกวดราคาอิเล็กทรอนิกส์ (e-bidding)","ระหว่างดำเนินการ","8/12/2025","24/3/2026","26/5/2028","กิจการร่วมค้า บีเอ","993000532996","1","กิจการร่วมค้า บีเอ","0993000532996","1","120000000.000000000000000","119990000.000000000000000","119000000.000000000000000","119000000.000000000000000","99.200000000000003","4","mid","2","R1|R9","ราคาตกลง ≥ 95% ของราคากลาง | ราคาผู้ชนะ vs อันดับ 2 < 5%","3","0.800000000000000","","","","","0.000000000000000","","","","","","","","กรุงเทพมหานคร","กทม","จ.สุรินทร์","latlong","real","15.242166910000000","103.570439600000000","1","1","0","0","0","0","0","1","0","0","103.570439599932655","15.242166909623787"
"470","68119453603","จ้างการจัดกิจกรรมสร้างภาพลักษณ์ ระบบแสง สี เสียง (Sports Entertainment) การจัดการแข่งขันกีฬาซีเกมส์ ครั้งที่ ๓๓ พ.ศ. ๒๕๖๘ (ค.ศ. ๒๐๒๕) และการแข่งขันกีฬาอาเซียนพาราเกมส์ ครั้งที่ ๑๓ พ.ศ. ๒๕๖๘ (ค.ศ. ๒๐๒๕)  โดยวิธีคัดเลือก","จ้างทำของ/จ้างเหมาบริการ","การกีฬาแห่งประเทศไทย","คัดเลือก","ระหว่างดำเนินการ","","1/12/2025","1/3/2026","บริษัท เซ้นส์ มอร์ คอร์ปอเรชั่น จำกัด","105552132415","1","บริษัท เซ้นส์ มอร์ คอร์ปอเรชั่น จำกัด","0105552132415","1","120000000.000000000000000","120000000.000000000000000","119800000.000000000000000","119800000.000000000000000","99.799999999999997","4","mid","2","R1|R9","ราคาตกลง ≥ 95% ของราคากลาง | ราคาผู้ชนะ vs อันดับ 2 < 5%","3","0.000000000000000","","","","","0.000000000000000","","","","","","","","กรุงเทพมหานคร","กทม","กรุงเทพมหานคร","hq","province","13.750373000000000","100.530517590000002","1","1","0","0","0","0","0","1","0","0","100.530517586379517","13.750373002757613"
"471","68119465124","จ้างจัดหาระบบสำรองข้อมูลสำหรับโครงการมิเตอร์อัจฉริยะ (AMI) สำหรับผู้ใช้ไฟฟ้ารายใหญ่ ด้วยวิธีเฉพาะเจาะจง โดยวิธีเฉพาะเจาะจง","จ้างทำของ/จ้างเหมาบริการ","การไฟฟ้าส่วนภูมิภาค","เฉพาะเจาะจง","ระหว่างดำเนินการ","","6/2/2026","6/8/2029","บริษัท สามารถเทลคอม จำกัด (มหาชน)","107538000631","2","บริษัท สามารถเทลคอม จำกัด (มหาชน)","0107538000631","1","224700000.000000000000000","224700000.000000000000000","222558930.000000000000000","222558930.000000000000000","99.000000000000000","5","high","2","R1|R4","ราคาตกลง ≥ 95% ของราคากลาง | ใช้วิธีเฉพาะเจาะจง","1","","บริษัท สามารถเทลคอม จำกัด (มหาชน)","บริษัทมหาชนจำกัด","ยังดำเนินกิจการอยู่","1995","721000082.000000000000000","ปทุมธานี","คลองหลวง","กิจกรรมให้คำปรึกษาด้านการบริหารจัดการอื่นๆซึ่งมิได้จัด ประเภทไว้ในที่อื่น","","0.310000000000000","","1","กรุงเทพมหานคร","กทม","กรุงเทพมหานคร","hq","province","13.750359970000000","100.530564820000009","1","1","0","1","0","0","0","0","0","0","100.530564823390407","13.750359970923759"
"472","68119519904","จ้างก่อสร้างปรับปรุงลาดไหล่เขาบริเวณหัวงาน โครงการอ่างเก็บน้ำน้ำปี้อันเนื่องมาจากพระราชดำริ จังหวัดพะเยา โดยวิธีคัดเลือก","จ้างก่อสร้าง","กรมชลประทาน","คัดเลือก","ระหว่างดำเนินการ","","26/3/2026","","บริษัท กรุงธนเอนยิเนียร์ จำกัด","105522016247","1","บริษัท กรุงธนเอนยิเนียร์ จำกัด","0105522016247","1","220000000.000000000000000","219907830.000000000000000","219577900.000000000000000","219577900.000000000000000","99.799999999999997","4","mid","2","R1|R9","ราคาตกลง ≥ 95% ของราคากลาง | ราคาผู้ชนะ vs อันดับ 2 < 5%","5","0.100000000000000","บริษัท กรุงธนเอนยิเนียร์ จำกัด","บริษัทจำกัด","ยังดำเนินกิจการอยู่","1979","1200000000.000000000000000","กรุงเทพมหานคร","เขตบางพลัด","การให้สินเชื่อเพื่อการค้าและการลงทุน","64921","0.180000000000000","","0","กรุงเทพมหานคร","กทม","จ.น่าน","latlong","real","18.908641280000001","100.335817400000010","1","1","0","0","0","0","0","1","0","0","100.335817400046025","18.908641280137317"
"473","68119521805","ซื้อต่ออายุสิทธิ์อุปกรณ์สำหรับการสืบสวนสอบสวนและรวบรวมข้อมูลโทรศัพท์มือถือ จำนวน 1 ระบบ โดยวิธีคัดเลือก","ซื้อ","สำนักงานตำรวจแห่งชาติ","คัดเลือก","ระหว่างดำเนินการ","","10/3/2026","8/6/2026","บริษัท 107 เอ็นจิเนียริ่ง จำกัด","115547009295","1","บริษัท 107 เอ็นจิเนียริ่ง จำกัด","0115547009295","1","160500000.000000000000000","160480000.000000000000000","160375000.000000000000000","160375000.000000000000000","99.900000000000006","4","mid","2","R1|R9","ราคาตกลง ≥ 95% ของราคากลาง | ราคาผู้ชนะ vs อันดับ 2 < 5%","3","0.000000000000000","","","","","0.000000000000000","","","","","","","","กรุงเทพมหานคร","กทม","กรุงเทพมหานคร","hq","province","13.749985500000001","100.531942519999987","1","1","0","0","0","0","0","1","0","0","100.531942518337686","13.749985501063938"
"474","68119539397","ประกวดราคาจ้างก่อสร้างกำแพงป้องกันตลิ่งคลองบางปลา ตำบลบางปลา อำเภอบางเลน จังหวัดนครปฐม ด้วยวิธีประกวดราคาอิเล็กทรอนิกส์ (e-bidding)","จ้างก่อสร้าง","กรมชลประทาน","ประกวดราคาอิเล็กทรอนิกส์ (e-bidding)","ระหว่างดำเนินการ","22/12/2025","26/2/2026","","บริษัท แสงชัยโชค จำกัด","735534000027","1","บริษัท แสงชัยโชค จำกัด","0735534000027","1","117937000.000000000000000","117937004.599999994039536","103194875.000000000000000","103194875.000000000000000","87.500000000000000","2","low","1","R9","ราคาผู้ชนะ vs อันดับ 2 < 5%","2","1.600000000000000","","","","","0.000000000000000","","","","","","","","กรุงเทพมหานคร","กทม","จ.นครปฐม","latlong","real","13.968003980000001","100.161283299999994","1","0","0","0","0","0","0","1","0","0","100.161283300387950","13.968003979901226"
"475","68119540180","จ้างจัดงานพิธีเปิด - ปิด การแข่งขันกีฬาซีเกมส์ ครั้งที่ 33 พ.ศ. 2568 (ค.ศ. 2025) และกีฬาอาเซียนพาราเกมส์ ครั้งที่ 13 พ.ศ. 2568 (ค.ศ. 2025)  โดยวิธีคัดเลือก","จ้างทำของ/จ้างเหมาบริการ","การกีฬาแห่งประเทศไทย","คัดเลือก","ระหว่างดำเนินการ","","3/12/2025","25/2/2026","บริษัท อินเด็กซ์ ครีเอทีฟ วิลเลจ จำกัด (มหาชน)","107547000834","1","บริษัท อินเด็กซ์ ครีเอทีฟ วิลเลจ จำกัด (มหาชน)","0107547000834","1","142428500.000000000000000","142428500.000000000000000","142286500.000000000000000","142286500.000000000000000","99.900000000000006","4","mid","2","R1|R9","ราคาตกลง ≥ 95% ของราคากลาง | ราคาผู้ชนะ vs อันดับ 2 < 5%","2","0.600000000000000","บริษัท อินเด็กซ์ ครีเอทีฟ วิลเลจ จำกัด (มหาชน)","บริษัทมหาชนจำกัด","ยังดำเนินกิจการอยู่","2004","220000000.000000000000000","กรุงเทพมหานคร","เขตวัฒนา","กิจกรรมของบริษัทโฆษณา","73101","0.650000000000000","","0","กรุงเทพมหานคร","กทม","กรุงเทพมหานคร","hq","province","13.749954480000000","100.532019509999998","1","1","0","0","0","0","0","1","0","0","100.532019508449125","13.749954480273139"
"476","68119545062","ประกวดราคาจ้างก่อสร้างระบบประปาบาดาลพร้อมอุปกรณ์ โครงการพัฒนาน้ำบาดาลเพื่อความมั่นคงระดับชุมชน จำนวน ๔๕ แห่ง ประจำปีงบประมาณ พ.ศ. ๒๕๖๙ ด้วยวิธีประกวดราคาอิเล็กทรอนิกส์ (e-bidding)","จ้างก่อสร้าง","กรมทรัพยากรน้ำบาดาล","ประกวดราคาอิเล็กทรอนิกส์ (e-bidding)","ระหว่างดำเนินการ","8/12/2025","2/3/2026","30/6/2026","ห้างหุ้นส่วนจำกัด ห้างหุ้นส่วนจำกัด สิทธิยนต์(สัญญากิจการค้าร่วม)","103517011516","3","ห้างหุ้นส่วนจำกัด ห้างหุ้นส่วนจำกัด สิทธิยนต์(สัญญากิจการค้าร่วม) | บริษัทจำกัด บริษัท สุชัยธนา จำกัด(สัญญากิจการค้าร่วม) | บริษัท เจทูบี คอนสตรัคชั่น จำกัด | บริษัท วรรณา จีระ  จำกัด","0103517011516 | 0105555048911 | 0715567001201 | 0105550118440","4","231705000.000000000000000","237727705.199999988079071","231225395.000000000000000","82862776.500000000000000","97.299999999999997","4","mid","2","R1|R9","ราคาตกลง ≥ 95% ของราคากลาง | ราคาผู้ชนะ vs อันดับ 2 < 5%","2","0.000000000000000","ห้างหุ้นส่วนจำกัด สิทธิยนต์","ห้างหุ้นส่วนจำกัด","ยังดำเนินกิจการอยู่","1974","75000000.000000000000000","กรุงเทพมหานคร","เขตพระนคร","การก่อสร้างโครงการสาธารณูปโภคเกี่ยวกับน้ำน้ำมันและก๊าซ","","1.100000000000000","51","0","กรุงเทพมหานคร","กทม","จ.เชียงราย","latlong","real","19.605359790000001","99.863566989999995","1","1","0","0","0","0","0","1","0","0","99.863566989759590","19.605359789711596"
"477","68119549119","ซื้อเครื่องจักรใหญ่ดีเซล ตราอักษร MTU พร้อมสนับสนุนการติดตั้งและเชื่อมต่อระบบ เรือหลวงภูมิพลอดุลยเดช จำนวน 1 ชุดเครื่อง โดยวิธีเฉพาะเจาะจง","ซื้อ","กองทัพเรือ","เฉพาะเจาะจง","ระหว่างดำเนินการ","","5/3/2026","30/11/2026","บริษัท มงคลเอ็นเนอร์จี จำกัด","115540000233","1","บริษัท มงคลเอ็นเนอร์จี จำกัด","0115540000233","1","280000000.000000000000000","260010000.000000000000000","260010000.000000000000000","260010000.000000000000000","100.000000000000000","6","high","3","R1|R4|R10","ราคาตกลง ≥ 95% ของราคากลาง | ใช้วิธีเฉพาะเจาะจง | ทุนจดทะเบียนต่ำเทียบมูลค่าสัญญา","1","","บริษัท มงคลเอ็นเนอร์จี จำกัด","บริษัทจำกัด","ยังดำเนินกิจการอยู่","1997","20000000.000000000000000","สมุทรปราการ","พระสมุทรเจดีย์","การขายส่งเครื่องจักรและอุปกรณ์อื่นๆซึ่งมิได้จัดประเภทไว้ในที่อื่น","","13.000000000000000","","1","จ.ชลบุรี","ภาค 2","จ.ชลบุรี","hq","province","13.199949860000000","101.112001339999992","1","1","0","1","0","0","0","0","1","0","101.112001338584292","13.199949864407113"
"478","68119551190","จ้างก่อสร้างอาคารศิลปประจำชาติ แขวงวังบูรพาภิรมย์ เขตพระนคร กรุงเทพมหานคร จำนวน 1 รายการ โดยวิธีคัดเลือก","จ้างก่อสร้าง","มหาวิทยาลัยเทคโนโลยีราชมงคลรัตนโกสินทร์","คัดเลือก","ระหว่างดำเนินการ","","9/3/2026","25/8/2028","บริษัท กันต์กนิษฐ์ ก่อสร้าง จำกัด","125538008401","1","บริษัท กันต์กนิษฐ์ ก่อสร้าง จำกัด","0125538008401","1","155832400.000000000000000","155796507.800000041723251","152935000.000000000000000","152935000.000000000000000","98.200000000000003","4","mid","2","R1|R9","ราคาตกลง ≥ 95% ของราคากลาง | ราคาผู้ชนะ vs อันดับ 2 < 5%","3","0.300000000000000","","","","","0.000000000000000","","","","","","","","จ.นครปฐม","ภาค 7","กรุงเทพมหานคร","latlong","real","13.744637640000001","100.498294799999996","1","1","0","0","0","0","0","1","0","0","100.498294799745850","13.744637639611900"
"479","68129006725","ประกวดราคาจ้างก่อสร้างขุดลอกและบำรุงรักษาร่องน้ำชายฝั่งทะเลที่ร่องน้ำสงขลา (ร่องนอก) อำเภอเมืองสงขลา จังหวัดสงขลา จำนวน ๑ ร่องน้ำ ด้วยวิธีประกวดราคาอิเล็กทรอนิกส์ (e-bidding)","จ้างก่อสร้าง","กรมเจ้าท่า","ประกวดราคาอิเล็กทรอนิกส์ (e-bidding)","ระหว่างดำเนินการ","17/12/2025","20/2/2026","18/10/2026","บริษัท เอ็มเอส101  จำกัด","955550000026","1","บริษัท เอ็มเอส101  จำกัด","0955550000026","1","125339800.000000000000000","122694670.799999997019768","122490000.000000000000000","122490000.000000000000000","99.799999999999997","4","mid","2","R1|R9","ราคาตกลง ≥ 95% ของราคากลาง | ราคาผู้ชนะ vs อันดับ 2 < 5%","2","0.100000000000000","","","","","0.000000000000000","","","","","","","","กรุงเทพมหานคร","กทม","จ.สงขลา","latlong","real","7.226589799999999","100.577945700000001","1","1","0","0","0","0","0","1","0","0","100.577945700381591","7.226589804257213"
"480","68129007040","ประกวดราคาจ้างก่อสร้างขุดลอกและบำรุงรักษาร่องน้ำชายฝั่งทะเลที่ร่องน้ำบ้านดอน อำเภอเมืองสุราษฎร์ธานี จังหวัดสุราษฎร์ธานี จำนวน ๑ ร่องน้ำ ด้วยวิธีประกวดราคาอิเล็กทรอนิกส์ (e-bidding)","จ้างก่อสร้าง","กรมเจ้าท่า","ประกวดราคาอิเล็กทรอนิกส์ (e-bidding)","ระหว่างดำเนินการ","17/12/2025","20/2/2026","18/10/2026","บริษัท ส.บรรทัดไทย จำกัด","105539086103","1","บริษัท ส.บรรทัดไทย จำกัด","0105539086103","1","136144400.000000000000000","132333339.599999994039536","132100000.000000000000000","132100000.000000000000000","99.799999999999997","4","mid","2","R1|R9","ราคาตกลง ≥ 95% ของราคากลาง | ราคาผู้ชนะ vs อันดับ 2 < 5%","2","0.100000000000000","บริษัท ส.บรรทัดไทย จำกัด","บริษัทจำกัด","ยังดำเนินกิจการอยู่","1996","100000000.000000000000000","สมุทรปราการ","พระประแดง","การก่อสร้างถนนสะพานและอุโมงค์","","1.320000000000000","29","1","กรุงเทพมหานคร","กทม","จ.สุราษฎร์ธานี","latlong","real","9.207848930000001","99.356231690000001","1","1","0","0","0","0","0","1","0","0","99.356231690275692","9.207848927085371"
"481","68129027840","ประกวดราคาจ้างก่อสร้างงานก่อสร้างอาคาร พร้อมสิ่งอำนวยความสะดวก จำนวน ๖ หลัง ของ หน่วยขึ้นตรง กองพลทหารราบที่ ๑๑ จังหวัดชลบุรี ด้วยวิธีประกวดราคาอิเล็กทรอนิกส์ (e-bidding)","จ้างก่อสร้าง","กองทัพบก","ประกวดราคาอิเล็กทรอนิกส์ (e-bidding)","ระหว่างดำเนินการ","9/12/2025","24/2/2026","4/5/2027","บริษัท สิทธิชัยเอนจิเนียริ่ง จำกัด","105516008581","2","บริษัท สิทธิชัยเอนจิเนียริ่ง จำกัด","0105516008581","1","165264700.000000000000000","165264700.000000000000000","165200000.000000000000000","165200000.000000000000000","100.000000000000000","4","mid","2","R1|R9","ราคาตกลง ≥ 95% ของราคากลาง | ราคาผู้ชนะ vs อันดับ 2 < 5%","2","0.000000000000000","","","","","0.000000000000000","","","","","","","","กรุงเทพมหานคร","กทม","จ.ชลบุรี","latlong","real","13.403023100000000","101.423176800000007","1","1","0","0","0","0","0","1","0","0","101.423176799890797","13.403023100386156"
"482","68129032954","ซื้อโครงการ การจัดซื้อยา ระยะเวลาดำเนินการ 4 ปี (ปี 2569 - 2572) (กลุ่มยาชีววัตถุ) จำนวน 11 รายการ โดยวิธีเฉพาะเจาะจง","ซื้อ","มหาวิทยาลัยนวมินทราธิราช","เฉพาะเจาะจง","ระหว่างดำเนินการ","","31/3/2026","31/3/2029","บริษัท ซิลลิค ฟาร์มา จำกัด","105539106911","27","บริษัท ซิลลิค ฟาร์มา จำกัด","0105539106911","1","208987348.500000000000000","208987348.500000000000000","208147184.500000000000000","208147184.500000000000000","99.599999999999994","5","high","2","R1|R4","ราคาตกลง ≥ 95% ของราคากลาง | ใช้วิธีเฉพาะเจาะจง","1","","บริษัท ซิลลิค ฟาร์มา จำกัด","บริษัทจำกัด","ยังดำเนินกิจการอยู่","1996","628000000.000000000000000","กรุงเทพมหานคร","เขตคลองเตย","การผลิตเครื่องมือและอุปกรณ์ในทางการแพทย์ (ยกเว้นทางทันตกรรม)","","0.330000000000000","","0","กรุงเทพมหานคร","กทม","กรุงเทพมหานคร","hq","province","13.740366609999999","100.510344099999998","1","1","0","1","0","0","0","0","0","0","100.510344102976035","13.740366605180418"
"483","68129036916","ซื้อน้ำมันเชื้อเพลิง จำนวน 6 รายการ โดยวิธีเฉพาะเจาะจง","ซื้อ","กองทัพบก","เฉพาะเจาะจง","ระหว่างดำเนินการ","","24/12/2025","22/7/2026","บริษัท ปตท. จำกัด(มหาชน)","107544000108","8","บริษัท ปตท. จำกัด(มหาชน)","0107544000108","1","250000000.000000000000000","250000000.000000000000000","250000000.000000000000000","250000000.000000000000000","100.000000000000000","5","high","2","R1|R4","ราคาตกลง ≥ 95% ของราคากลาง | ใช้วิธีเฉพาะเจาะจง","1","","บริษัท ปตท. จำกัด (มหาชน)","บริษัทมหาชนจำกัด","ยังดำเนินกิจการอยู่","2001","28562996250.000000000000000","กรุงเทพมหานคร","เขตจตุจักร","การทดสอบและวิเคราะห์ทางเทคนิคอื่นๆซึ่งมิได้จัดประเภท ไว้ในที่อื่น","71209","0.010000000000000","","1","จ.นนทบุรี","ภาค 1","จ.นนทบุรี","hq","province","13.850365690000000","100.500335260000000","1","1","0","1","0","0","0","0","0","0","100.500335262726608","13.850365690798419"
"484","68129069564","ซื้อวัตถุออกฤทธิ์ในประเภท 2 Methylphenidate HCl tablets Ritalin 10 mg โดยวิธีเฉพาะเจาะจง","ซื้อ","สำนักงานคณะกรรมการอาหารและยา","เฉพาะเจาะจง","ระหว่างดำเนินการ","","5/1/2026","30/1/2027","บริษัท โนวาร์ตีส (ประเทศไทย) จำกัด","105514002534","1","บริษัท โนวาร์ตีส (ประเทศไทย) จำกัด","0105514002534","1","264504000.000000000000000","264504000.000000000000000","264504000.000000000000000","264504000.000000000000000","100.000000000000000","5","high","2","R1|R4","ราคาตกลง ≥ 95% ของราคากลาง | ใช้วิธีเฉพาะเจาะจง","1","","บริษัท โนวาร์ตีส (ประเทศไทย) จำกัด","บริษัทจำกัด","ยังดำเนินกิจการอยู่","1971","302000000.000000000000000","กรุงเทพมหานคร","เขตวัฒนา","การขายส่งสินค้าทางเภสัชภัณฑ์และทางการแพทย์","","0.880000000000000","","0","กรุงเทพมหานคร","กทม","กรุงเทพมหานคร","hq","province","13.740332960000000","100.510225640000002","1","1","0","1","0","0","0","0","0","0","100.510225638546260","13.740332959185180"
"485","68129072474","ประกวดราคาเช่าใช้อุปกรณ์การเรียนการสอน สำหรับครูและนักเรียนภายใต้โครงการส่งเสริมการเรียนรู้ขั้นพื้นฐานทุกที่ทุกเวลา ด้วยวิธีประกวดราคาอิเล็กทรอนิกส์ (e-bidding)","เช่า","สำนักงานคณะกรรมการการศึกษาขั้นพื้นฐาน","ประกวดราคาอิเล็กทรอนิกส์ (e-bidding)","ระหว่างดำเนินการ","16/1/2026","13/3/2026","31/5/2031","บริษัท สุพรีม ดิสทิบิวชั่น จำกัด (มหาชน)","107566000291","16","บริษัท สุพรีม ดิสทิบิวชั่น จำกัด (มหาชน)","0107566000291","1","111246240.000000000000000","111246240.000000000000000","111100000.000000000000000","111100000.000000000000000","99.900000000000006","4","mid","2","R1|R9","ราคาตกลง ≥ 95% ของราคากลาง | ราคาผู้ชนะ vs อันดับ 2 < 5%","2","0.100000000000000","บริษัท สุพรีม ดิสทิบิวชั่น จำกัด (มหาชน)","บริษัทมหาชนจำกัด","ยังดำเนินกิจการอยู่","2023","370000000.000000000000000","กรุงเทพมหานคร","เขตบางเขน","การขายส่งคอมพิวเตอร์อุปกรณ์ต่อพ่วงคอมพิวเตอร์และซอฟต์แวร์","","0.300000000000000","3","1","จ.พิจิตร","ภาค 6","จ.พิจิตร","hq","province","16.430324039999999","100.340071190000003","1","1","0","0","0","0","0","1","0","0","100.340071187021010","16.430324035940082"
"486","68129076967","ซื้อน้ำมันอุปกรณ์ จำนวน 13 รายการ โดยวิธีเฉพาะเจาะจง","ซื้อ","กองทัพบก","เฉพาะเจาะจง","ระหว่างดำเนินการ","","16/1/2026","15/7/2026","บริษัท ปตท. จำกัด(มหาชน)","107544000108","8","บริษัท ปตท. จำกัด(มหาชน)","0107544000108","1","104489405.500000000000000","104489405.500000000000000","104489405.500000000000000","104489405.500000000000000","100.000000000000000","5","high","2","R1|R4","ราคาตกลง ≥ 95% ของราคากลาง | ใช้วิธีเฉพาะเจาะจง","1","","บริษัท ปตท. จำกัด (มหาชน)","บริษัทมหาชนจำกัด","ยังดำเนินกิจการอยู่","2001","28562996250.000000000000000","กรุงเทพมหานคร","เขตจตุจักร","การทดสอบและวิเคราะห์ทางเทคนิคอื่นๆซึ่งมิได้จัดประเภท ไว้ในที่อื่น","71209","0.000000000000000","","1","จ.นนทบุรี","ภาค 1","จ.นนทบุรี","hq","province","13.850323170000001","100.500187089999997","1","1","0","1","0","0","0","0","0","0","100.500187086518778","13.850323166003005"
"487","68129097018","จ้างโครงการจ้างเหมาบริการเพื่อจัดหาบุคลากรและให้คำปรึกษาในการดำเนินงานโรงพยาบาลองค์การบริหารส่วนจังหวัดภูเก็ต ประจำปีงบประมาณ พ.ศ. ๒๕๖๙ โดยวิธีเฉพาะเจาะจง","จ้างทำของ/จ้างเหมาบริการ","องค์การบริหารส่วนจังหวัดภูเก็ต","เฉพาะเจาะจง","ระหว่างดำเนินการ","","30/12/2025","30/9/2026","บริษัท ธนบุรี เฮลท์แคร์ กรุ๊ป จำกัด (มหาชน)","107537002753","1","บริษัท ธนบุรี เฮลท์แคร์ กรุ๊ป จำกัด (มหาชน)","0107537002753","1","220164000.000000000000000","220018000.000000000000000","164515226.199999988079071","164515226.199999988079071","74.799999999999997","3","mid","1","R4","ใช้วิธีเฉพาะเจาะจง","1","","บริษัท ธนบุรี เฮลท์แคร์ กรุ๊ป จำกัด (มหาชน)","บริษัทมหาชนจำกัด","ยังดำเนินกิจการอยู่","1994","1789154360.000000000000000","กรุงเทพมหานคร","เขตบางกอกน้อย","กิจกรรมโรงพยาบาล","","0.090000000000000","","1","จ.ภูเก็ต","ภาค 8","จ.ภูเก็ต","text","province","7.990302540000000","98.320305820000002","1","0","0","1","0","0","0","0","0","0","98.320305823401625","7.990302543215099"
"488","68129108520","ประกวดราคาจ้างก่อสร้างก่อสร้างอาคารเรียนสำหรับระดับชั้นอนุบาลและประถมศึกษา ของโรงเรียนสาธิตนานาชาติสถาบันเทคโนโลยีพระจอมเกล้าเจ้าคุณทหารลาดกระบัง (เฟส 1) ด้วยวิธีประกวดราคาอิเล็กทรอนิกส์ (e-bidding)","จ้างก่อสร้าง","สถาบันเทคโนโลยีพระจอมเกล้าเจ้าคุณทหารลาดกระบัง","ประกวดราคาอิเล็กทรอนิกส์ (e-bidding)","ระหว่างดำเนินการ","12/12/2025","24/2/2026","27/5/2027","บริษัท แซมคอน จำกัด","105532081840","1","บริษัท แซมคอน จำกัด","0105532081840","1","150000000.000000000000000","150000000.000000000000000","157400000.000000000000000","157400000.000000000000000","104.900000000000006","7","high","3","R1|R2|R9","ราคาตกลง ≥ 95% ของราคากลาง | ราคาตกลงสูงกว่าราคากลาง | ราคาผู้ชนะ vs อันดับ 2 < 5%","3","2.700000000000000","บริษัท แซมคอน จำกัด","บริษัทจำกัด","ยังดำเนินกิจการอยู่","1989","64000000.000000000000000","กรุงเทพมหานคร","เขตจตุจักร","การก่อสร้างอาคารที่ไม่ใช่ที่พักอาศัย","","2.460000000000000","36","0","กรุงเทพมหานคร","กทม","จ.สมุทรปราการ","latlong","real","13.731070910000000","100.783488800000001","1","1","1","0","0","0","0","1","0","0","100.783488800129447","13.731070910339319"
"489","68129143533","ซื้อน้ำมันเชื้อเพลิงภาคอากาศ ชนิด เจ็ตเอ-๑, เจพี-๘ และ อ.๑๐๐/๑๓๐ จำนวน ๓ รายการ โดยวิธีเฉพาะเจาะจง","ซื้อ","กองทัพอากาศ","เฉพาะเจาะจง","ระหว่างดำเนินการ","","26/1/2026","30/9/2026","บริษัท ปตท. จำกัด(มหาชน)","107544000108","8","บริษัท ปตท. จำกัด(มหาชน)","0107544000108","1","853440676.000000000000000","853440676.000000000000000","853440676.000000000000000","853440676.000000000000000","100.000000000000000","5","high","2","R1|R4","ราคาตกลง ≥ 95% ของราคากลาง | ใช้วิธีเฉพาะเจาะจง","1","","บริษัท ปตท. จำกัด (มหาชน)","บริษัทมหาชนจำกัด","ยังดำเนินกิจการอยู่","2001","28562996250.000000000000000","กรุงเทพมหานคร","เขตจตุจักร","การทดสอบและวิเคราะห์ทางเทคนิคอื่นๆซึ่งมิได้จัดประเภท ไว้ในที่อื่น","71209","0.030000000000000","","0","กรุงเทพมหานคร","กทม","กรุงเทพมหานคร","hq","province","13.739959540000001","100.509025910000005","1","1","0","1","0","0","0","0","0","0","100.509025907941592","13.739959537005006"
"490","68129153527","ประกวดราคาเช่ารถยนต์กระบะ สำหรับใช้งานประจำภูมิภาค ภาคตะวันออกเฉียงเหนือ จำนวน 228 คัน ระยะเวลาการเช่าไม่เกิน 60 เดือน ด้วยวิธีประกวดราคาอิเล็กทรอนิกส์ (e-bidding)","เช่า","ธนาคารเพื่อการเกษตรและสหกรณ์การเกษตร","ประกวดราคาอิเล็กทรอนิกส์ (e-bidding)","ระหว่างดำเนินการ","8/1/2026","24/3/2026","31/3/2031","บริษัท ซินเนอร์เจติค ออโต้ เพอร์ฟอร์มานซ์ จำกัด (มหาชน)","107559000371","1","บริษัท ซินเนอร์เจติค ออโต้ เพอร์ฟอร์มานซ์ จำกัด (มหาชน)","0107559000371","1","214228800.000000000000000","214228800.000000000000000","169306872.000000000000000","169306872.000000000000000","79.000000000000000","2","low","1","R9","ราคาผู้ชนะ vs อันดับ 2 < 5%","6","2.600000000000000","","","","","0.000000000000000","","","","","","","","กรุงเทพมหานคร","กทม","กรุงเทพมหานคร","hq","province","13.739953270000001","100.508989290000002","1","0","0","0","0","0","0","1","0","0","100.508989291712297","13.739953269928309"
"491","68129176411","ประกวดราคาจ้างก่อสร้างถนนสาย กจ.๖๐๙๓ น้ำตกห้วยแม่ขมิ้น - บ.ภูเตย อ.ศรีสวัสดิ์ จ.กาญจนบุรี ด้วยวิธีประกวดราคาอิเล็กทรอนิกส์ (e-bidding)","จ้างก่อสร้าง","กรมทางหลวงชนบท","ประกวดราคาอิเล็กทรอนิกส์ (e-bidding)","ระหว่างดำเนินการ","23/12/2025","10/3/2026","27/2/2028","ห้างหุ้นส่วนจำกัด โรงปูนเขตรุ่งเรือง","713525000174","1","ห้างหุ้นส่วนจำกัด โรงปูนเขตรุ่งเรือง","0713525000174","1","135898000.000000000000000","135897000.000000000000000","133900000.000000000000000","133900000.000000000000000","98.500000000000000","4","mid","2","R1|R9","ราคาตกลง ≥ 95% ของราคากลาง | ราคาผู้ชนะ vs อันดับ 2 < 5%","5","1.500000000000000","","","","","0.000000000000000","","","","","","","","กรุงเทพมหานคร","กทม","จ.กาญจนบุรี","latlong","real","14.721574520000001","99.064493949999999","1","1","0","0","0","0","0","1","0","0","99.064493949934146","14.721574520012945"
"598","69019094738","ประกวดราคาจ้างก่อสร้างปรับปรุงศูนย์ศึกษาวิจัยไดโนเสาร์ภูเวียง ตำบลในเมือง อำเภอเวียงเก่า จังหวัดขอนแก่น ระยะที่หนึ่ง ๑ แห่ง ด้วยวิธีประกวดราคาอิเล็กทรอนิกส์ (e-bidding)","จ้าง","กรมทรัพยากรธรณี","ประกวดราคาอิเล็กทรอนิกส์ (e-bidding)","ระหว่างดำเนินการ","5/2/2026","3/4/2026","8/12/2028","บริษัท โรลลิ่ง คอนเซปต์ อินโนเวชั่น จำกัด","105548047000","2","บริษัท โรลลิ่ง คอนเซปต์ อินโนเวชั่น จำกัด","0105548047000","1","200000000.000000000000000","200000000.000000000000000","199750000.000000000000000","199750000.000000000000000","99.900000000000006","2","low","1","R1","ราคาตกลง ≥ 95% ของราคากลาง","","","","","","","","","","","","","","","กรุงเทพมหานคร","กทม","","","real","16.730976539999997","102.258680920000003","1","1","0","0","0","0","0","0","0","0","102.258680918147320","16.730976538732026"
"492","68129177412","ประกวดราคาจ้างก่อสร้างก่อสร้างหอพักนักศึกษา สจล. - ชุมพร (2 หลัง) ด้วยวิธีประกวดราคาอิเล็กทรอนิกส์ (e-bidding)","จ้างก่อสร้าง","สถาบันเทคโนโลยีพระจอมเกล้าเจ้าคุณทหารลาดกระบัง","ประกวดราคาอิเล็กทรอนิกส์ (e-bidding)","ระหว่างดำเนินการ","16/12/2025","19/2/2026","2/11/2027","บริษัท อินโนเวชั่น แมชชีน (ไทยแลนด์)  จำกัด","215555002848","1","บริษัท อินโนเวชั่น แมชชีน (ไทยแลนด์)  จำกัด","0215555002848","1","113302400.000000000000000","113302400.000000000000000","112313565.000000000000000","112313565.000000000000000","99.099999999999994","5","high","2","R1|R8","ราคาตกลง ≥ 95% ของราคากลาง | ยื่นรายเดียวใน Open Bid","1","","บริษัท อินโนเวชั่น แมชชีน (ไทยแลนด์)  จำกัด","บริษัทจำกัด","ยังดำเนินกิจการอยู่","2012","50000000.000000000000000","ระยอง","เมืองระยอง","ร้านขายปลีกวัสดุก่อสร้างอื่นๆ","","2.250000000000000","13","1","กรุงเทพมหานคร","กทม","จ.ชุมพร","latlong","real","10.724622300000000","99.374320510000004","1","1","0","0","0","0","1","0","0","0","99.374320509993154","10.724622299942986"
"493","68129212109","จ้างสร้างเครื่องราชอิสริยาภรณ์ โดยวิธีคัดเลือก","จ้างทำของ/จ้างเหมาบริการ","สำนักเลขาธิการคณะรัฐมนตรี","คัดเลือก","ระหว่างดำเนินการ","","24/12/2025","7/9/2026","กรมธนารักษ์","994000165536","3","กรมธนารักษ์","0994000165536","1","189626900.000000000000000","189626900.000000000000000","182000000.000000000000000","182000000.000000000000000","96.000000000000000","4","mid","2","R1|R9","ราคาตกลง ≥ 95% ของราคากลาง | ราคาผู้ชนะ vs อันดับ 2 < 5%","2","4.200000000000000","","","","","0.000000000000000","","","","","","","","กรุงเทพมหานคร","กทม","กรุงเทพมหานคร","hq","province","13.739716069999998","100.507872990000010","1","1","0","0","0","0","0","1","0","0","100.507872993037978","13.739716074651760"
"494","68129213656","จ้างซ่อมเครื่องราชอิสริยาภรณ์ โดยวิธีคัดเลือก","จ้างทำของ/จ้างเหมาบริการ","สำนักเลขาธิการคณะรัฐมนตรี","คัดเลือก","ระหว่างดำเนินการ","","24/12/2025","7/9/2026","กรมธนารักษ์","994000165536","3","กรมธนารักษ์","0994000165536","1","172899300.000000000000000","172899300.000000000000000","131000000.000000000000000","131000000.000000000000000","75.799999999999997","3","mid","1","R8","ยื่นรายเดียวใน Open Bid","1","","","","","","0.000000000000000","","","","","","","","กรุงเทพมหานคร","กทม","กรุงเทพมหานคร","hq","province","13.739716099999999","100.507871780000002","1","0","0","0","0","0","1","0","0","0","100.507871779414032","13.739716100830053"
"495","68129214454","ประกวดราคาซื้อเครื่องสูบน้ำขับด้วยเครื่องยนต์ดีเซล ขนาด 20 นิ้ว สำหรับสูบน้ำระยะไกล กรมทรัพยากรน้ำ แขวงพญาไท เขตพญาไท กรุงเทพมหานคร 6 เครื่อง ด้วยวิธีประกวดราคาอิเล็กทรอนิกส์ (e-bidding)","ซื้อ","กรมทรัพยากรน้ำ","ประกวดราคาอิเล็กทรอนิกส์ (e-bidding)","ระหว่างดำเนินการ","26/12/2025","13/3/2026","8/12/2026","บริษัท ซิสโกเอ็นจิเนียริ่ง จำกัด","105520009081","1","บริษัท ซิสโกเอ็นจิเนียริ่ง จำกัด","0105520009081","1","156000000.000000000000000","156000000.000000000000000","155940000.000000000000000","155940000.000000000000000","100.000000000000000","4","mid","2","R1|R9","ราคาตกลง ≥ 95% ของราคากลาง | ราคาผู้ชนะ vs อันดับ 2 < 5%","2","0.000000000000000","บริษัท ซิสโกเอ็นจิเนียริ่ง จำกัด","บริษัทจำกัด","ยังดำเนินกิจการอยู่","1977","300000000.000000000000000","กรุงเทพมหานคร","เขตพญาไท","การขายส่งเครื่องจักรอุตสาหกรรมโดยได้รับค่าตอบแทนหรือตามสัญญาจ้าง","46105","0.520000000000000","48","0","กรุงเทพมหานคร","กทม","กรุงเทพมหานคร","text","province","13.739716110000000","100.507870789999998","1","1","0","0","0","0","0","1","0","0","100.507870786775641","13.739716105193112"
"496","68129215575","จ้างก่อสร้างคลองระบายน้ำพร้อมอาคารประกอบ โครงการคลองระบายน้ำคลองละงู - คลองน้ำเค็ม จังหวัดสตูล โดยวิธีคัดเลือก","จ้างก่อสร้าง","กรมชลประทาน","คัดเลือก","ระหว่างดำเนินการ","","27/3/2026","","ห้างหุ้นส่วนจำกัด พิจิตสุวรรณ วิศวกร","903540002946","1","ห้างหุ้นส่วนจำกัด พิจิตสุวรรณ วิศวกร","0903540002946","1","586500000.000000000000000","586466427.799999952316284","582251000.000000000000000","582251000.000000000000000","99.299999999999997","4","mid","2","R1|R9","ราคาตกลง ≥ 95% ของราคากลาง | ราคาผู้ชนะ vs อันดับ 2 < 5%","2","0.000000000000000","ห้างหุ้นส่วนจำกัด พิจิตสุวรรณ วิศวกร","ห้างหุ้นส่วนจำกัด","ยังดำเนินกิจการอยู่","1997","400000000.000000000000000","สงขลา","เทพา","การก่อสร้างฐานรากรวมถึงการตอกเสาเข็ม","","1.460000000000000","","1","กรุงเทพมหานคร","กทม","จ.สตูล","latlong","real","6.849168110000000","99.825606319999991","1","1","0","0","0","0","0","1","0","0","99.825606320249804","6.849168107940099"
"497","68129230485","จ้างจัดสร้างตันแบบระบบอากาศยานไร้คนขับติดอาวุธ ระยะที่ 4 โดยวิธีเฉพาะเจาะจง","จ้างทำของ/จ้างเหมาบริการ","สถาบันเทคโนโลยีป้องกันประเทศ","เฉพาะเจาะจง","ระหว่างดำเนินการ","","29/1/2026","24/1/2027","บริษัท จันทร์เกษมอินเตอร์เนทชั่นแนล จำกัด","105523000255","3","บริษัท จันทร์เกษมอินเตอร์เนทชั่นแนล จำกัด","0105523000255","1","400000000.000000000000000","400000000.000000000000000","396400000.000000000000000","396400000.000000000000000","99.099999999999994","5","high","2","R1|R4","ราคาตกลง ≥ 95% ของราคากลาง | ใช้วิธีเฉพาะเจาะจง","1","","บริษัท จันทร์เกษมอินเตอร์เนทชั่นแนล จำกัด","บริษัทจำกัด","ยังดำเนินกิจการอยู่","1980","200000000.000000000000000","กรุงเทพมหานคร","เขตหลักสี่","การขายปลีกชิ้นส่วนและอุปกรณ์เสริมใหม่ของยานยนต์","","1.980000000000000","","1","จ.นนทบุรี","ภาค 1","จ.นนทบุรี","hq","province","13.849710860000000","100.497796749999992","1","1","0","1","0","0","0","0","0","0","100.497796746802877","13.849710862511268"
"498","68129243987","ประกวดราคาจ้างงานจ้างบริการงานด้านระบบไฟฟ้า แบบราคาคงที่ไม่จำกัดจำนวนของหน่วยงานในสังกัด กฟน.3 ระยะเวลาการจ้าง 24 เดือน (1 เมษายน 2569 - 31 มีนาคม 2571) เลขที่ PEA-LBP-น.3-01/2569 ด้วยวิธีประกวดราคาอิเล็กทรอนิกส์ (e-bidding)","จ้างทำของ/จ้างเหมาบริการ","การไฟฟ้าส่วนภูมิภาค","ประกวดราคาอิเล็กทรอนิกส์ (e-bidding)","ระหว่างดำเนินการ","9/1/2026","31/3/2026","31/3/2028","บริษัท เบญจกาย เอ็นเตอร์ไพรส์ จำกัด","105543044525","2","บริษัท เบญจกาย เอ็นเตอร์ไพรส์ จำกัด","0105543044525","1","664901909.600000023841858","664901909.600000023841858","664089884.600000023841858","664089884.600000023841858","99.900000000000006","5","high","3","R1|R9|R10","ราคาตกลง ≥ 95% ของราคากลาง | ราคาผู้ชนะ vs อันดับ 2 < 5% | ทุนจดทะเบียนต่ำเทียบมูลค่าสัญญา","3","0.000000000000000","บริษัท เบญจกาย เอ็นเตอร์ไพรส์ จำกัด","บริษัทจำกัด","ยังดำเนินกิจการอยู่","2000","50000000.000000000000000","กรุงเทพมหานคร","เขตบางกอกน้อย","กิจกรรมการบริการอื่นๆเพื่อสนับสนุนธุรกิจซึ่งมิได้จัดประเภทไว้ ในที่อื่น","","13.279999999999999","26","1","จ.ลพบุรี","ภาค 1","จ.ลพบุรี","hq","province","14.779708500000000","100.637706319999992","1","1","0","0","0","0","0","1","1","0","100.637706324083666","14.779708501895103"
"499","68129246756","ประกวดราคาซื้อเรือกำจัดวัชพืชชนิดตัดย่อย บรรจุใส่ถุงบิ๊กแบค และลำเลียงทิ้งโดยเครนที่ติดกับเรือ ขนาด 100 แรงม้า ด้วยวิธีประกวดราคาอิเล็กทรอนิกส์ (e-bidding)","ซื้อ","กรมชลประทาน","ประกวดราคาอิเล็กทรอนิกส์ (e-bidding)","ระหว่างดำเนินการ","6/1/2026","4/3/2026","2/6/2026","บริษัท เดอะซัน เออร์ริเกชั่น จำกัด","125568023211","2","บริษัท เดอะซัน เออร์ริเกชั่น จำกัด","0125568023211","1","195000000.000000000000000","139000000.000000000000000","137602000.000000000000000","137602000.000000000000000","99.000000000000000","6","high","4","R1|R7|R9|R11","ราคาตกลง ≥ 95% ของราคากลาง | ราคากลาง vs งบ > 20% | ราคาผู้ชนะ vs อันดับ 2 < 5% | บริษัทจดทะเบียนใหม่ก่อนชนะโครงการ","2","0.600000000000000","บริษัท เดอะซัน เออร์ริเกชั่น จำกัด","บริษัทจำกัด","ยังดำเนินกิจการอยู่","2025","200000000.000000000000000","นนทบุรี","ปากเกร็ด","กิจกรรมงานวิศวกรรมและการให้คำปรึกษาทางด้านเทคนิค ที่เกี่ยวข้อง","","0.690000000000000","1","1","กรุงเทพมหานคร","กทม","กรุงเทพมหานคร","hq","province","13.739708550000000","100.507759849999999","1","1","0","0","0","1","0","1","0","1","100.507759852922874","13.739708554500933"
"500","68129256057","จ้างบริหารสัญญาเช่าของการรถไฟแห่งประเทศไทย โดยวิธีเฉพาะเจาะจง","จ้างทำของ/จ้างเหมาบริการ","การรถไฟแห่งประเทศไทย","เฉพาะเจาะจง","ระหว่างดำเนินการ","","17/12/2025","17/12/2028","บริษัท เอสอาร์ที แอสเสท จำกัด","105564073338","1","บริษัท เอสอาร์ที แอสเสท จำกัด","0105564073338","1","517940000.000000000000000","517940000.000000000000000","517900000.000000000000000","517900000.000000000000000","100.000000000000000","5","high","2","R1|R4","ราคาตกลง ≥ 95% ของราคากลาง | ใช้วิธีเฉพาะเจาะจง","1","","บริษัท เอสอาร์ที แอสเสท จำกัด","บริษัทจำกัด","ยังดำเนินกิจการอยู่","2021","200000000.000000000000000","กรุงเทพมหานคร","เขตปทุมวัน","กิจกรรมอื่นๆที่ช่วยเสริมกิจกรรมการให้บริการทางการเงิน ซึ่งมิได้จัดประเภทไว้ในที่อื่น","","2.590000000000000","","0","กรุงเทพมหานคร","กทม","กรุงเทพมหานคร","hq","province","13.739706219999999","100.507723850000005","1","1","0","1","0","0","0","0","0","0","100.507723845751357","13.739706223760246"
"501","68129267159","ประกวดราคาจ้างบำรุงรักษาคอมพิวเตอร์และอุปกรณ์ประกอบตามโครงการจัดทำระบบการให้บริการประชาชนทางด้านการทะเบียนและบัตรประจำตัวประชาชน ประจำปีงบประมาณ พ.ศ. 2569 ด้วยวิธีประกวดราคาอิเล็กทรอนิกส์ (e-bidding)","จ้างทำของ/จ้างเหมาบริการ","กรมการปกครอง","ประกวดราคาอิเล็กทรอนิกส์ (e-bidding)","ระหว่างดำเนินการ","24/12/2025","18/2/2026","30/9/2026","บริษัท คอนโทรล ดาต้า (ประเทศไทย) จำกัด","105511002797","2","บริษัท คอนโทรล ดาต้า (ประเทศไทย) จำกัด","0105511002797","1","241880400.000000000000000","241880400.000000000000000","177320000.000000000000000","177320000.000000000000000","73.299999999999997","3","mid","1","R8","ยื่นรายเดียวใน Open Bid","1","","บริษัท คอนโทรล ดาต้า (ประเทศไทย) จำกัด","บริษัทจำกัด","ยังดำเนินกิจการอยู่","1968","60000000.000000000000000","กรุงเทพมหานคร","เขตยานนาวา","การซื้อและการขายอสังหาริมทรัพย์ที่เป็นของตนเองที่ไม่ใช่ เพื่อเป็นที่พักอาศัย","68102","2.960000000000000","57","0","กรุงเทพมหานคร","กทม","กรุงเทพมหานคร","hq","province","13.739704049999999","100.507686550000003","1","0","0","0","0","0","1","0","0","0","100.507686547700771","13.739704054452314"
"502","68129272696","จ้างตัดเย็บเครื่องแต่งกายสำหรับสมาชิก อส. ในพื้นที่ทั่วประเทศ ประจำปีงบประมาณ พ.ศ. 2569 (การจัดหาเครื่องแต่งกายสำหรับสมาชิก อส. ในพื้นที่ทั่วประเทศ ประจำปีงบประมาณ พ.ศ. 2569 จำนวน 2 แผนงาน โดยวิธีเฉพาะเจาะจง","จ้างทำของ/จ้างเหมาบริการ","กรมการปกครอง","เฉพาะเจาะจง","ระหว่างดำเนินการ","","3/2/2026","1/10/2026","องค์การสงเคราะห์ทหารผ่านศึก","994000164882","2","องค์การสงเคราะห์ทหารผ่านศึก","0994000164882","1","215121392.000000000000000","215121392.000000000000000","215121392.000000000000000","215121392.000000000000000","100.000000000000000","5","high","2","R1|R4","ราคาตกลง ≥ 95% ของราคากลาง | ใช้วิธีเฉพาะเจาะจง","1","","","","","","0.000000000000000","","","","","","","","กรุงเทพมหานคร","กทม","กรุงเทพมหานคร","hq","province","13.739701839999999","100.507655450000001","1","1","0","1","0","0","0","0","0","0","100.507655454313834","13.739701837150870"
"503","68129307925","จ้างตรวจซ่อมเครื่องเฮลิคอปเตอร์ 2 เครื่องยนต์ แขวงลาดยาว เขตจตุจักร กรุงเทพมหานคร 1 เครื่อง (ครั้งที่ 2) โดยวิธีคัดเลือก","จ้างทำของ/จ้างเหมาบริการ","กรมฝนหลวงและการบินเกษตร","คัดเลือก","ระหว่างดำเนินการ","","16/2/2026","18/8/2026","บริษัท สยามแอร์พอร์ต กราวด์เซอร์วิสเซส จำกัด","115553005867","1","บริษัท สยามแอร์พอร์ต กราวด์เซอร์วิสเซส จำกัด","0115553005867","1","178000000.000000000000000","178000000.000000000000000","176280000.000000000000000","176280000.000000000000000","99.000000000000000","4","mid","2","R1|R9","ราคาตกลง ≥ 95% ของราคากลาง | ราคาผู้ชนะ vs อันดับ 2 < 5%","3","1.000000000000000","","","","","0.000000000000000","","","","","","","","กรุงเทพมหานคร","กทม","กรุงเทพมหานคร","text","province","13.739583370000000","100.506655790000011","1","1","0","0","0","0","0","1","0","0","100.506655786607780","13.739583364634923"
"504","68129308211","ประกวดราคาซื้อเรือกำจัดวัชพืชชนิดตัดย่อยและลำเลียงทิ้งทางท่อ ขนาดท่อลำเลียงไม่น้อยกว่า 10 นิ้ว สำนักเครื่องจักรกล ตำบลบางตลาด อำเภอปากเกร็ด จังหวัดนนทบุรี 4 ลำ ด้วยวิธีประกวดราคาอิเล็กทรอนิกส์ (e-bidding)","ซื้อ","กรมชลประทาน","ประกวดราคาอิเล็กทรอนิกส์ (e-bidding)","ระหว่างดำเนินการ","9/1/2026","26/2/2026","27/5/2026","บริษัท เดอะซัน เออร์ริเกชั่น จำกัด","125568023211","2","บริษัท เดอะซัน เออร์ริเกชั่น จำกัด","0125568023211","1","236000000.000000000000000","158000000.000000000000000","157578900.000000000000000","157578900.000000000000000","99.700000000000003","6","high","4","R1|R7|R9|R11","ราคาตกลง ≥ 95% ของราคากลาง | ราคากลาง vs งบ > 20% | ราคาผู้ชนะ vs อันดับ 2 < 5% | บริษัทจดทะเบียนใหม่ก่อนชนะโครงการ","2","0.300000000000000","บริษัท เดอะซัน เออร์ริเกชั่น จำกัด","บริษัทจำกัด","ยังดำเนินกิจการอยู่","2025","200000000.000000000000000","นนทบุรี","ปากเกร็ด","กิจกรรมงานวิศวกรรมและการให้คำปรึกษาทางด้านเทคนิค ที่เกี่ยวข้อง","","0.790000000000000","1","1","กรุงเทพมหานคร","กทม","จ.นนทบุรี","text","province","13.849583440000000","100.496648660000005","1","1","0","0","0","1","0","1","0","1","100.496648660343880","13.849583436888187"
"599","69019109218","ซื้อชุดเครื่องมือตรวจสอบข้อมูลอัตลักษณ์ทางสัญญาณแบบเคลื่อนที่ จำนวน 19 ชุด โดยวิธีคัดเลือก","ซื้อ","สำนักงานตำรวจแห่งชาติ","คัดเลือก","ระหว่างดำเนินการ","","30/4/2026","24/7/2027","บริษัท สหพิพัฒนกิจ จำกัด","345556000732","2","บริษัท สหพิพัฒนกิจ จำกัด","0345556000732","1","490200000.000000000000000","490200000.000000000000000","486001000.000000000000000","486001000.000000000000000","99.099999999999994","2","low","1","R1","ราคาตกลง ≥ 95% ของราคากลาง","","","","","","","","","","","","","","","กรุงเทพมหานคร","กทม","","","province","13.731139199999999","100.506218650000008","1","1","0","0","0","0","0","0","0","0","100.506218652017495","13.731139203286078"
"505","68129319641","ประกวดราคาจ้างบริการงานด้านระบบไฟฟ้า แบบราคาคงที่ไม่จำกัดจำนวน ให้แก่หน่วยงานในสังกัดสำนักงานใหญ่ สังกัด สรก.(ป) (กกฟ.1 กกฟ.2 กผภ. กมป. กบร. กบส. กบม.) และ สรก.(วว) (กทฟ.) ด้วยวิธีประกวดราคาอิเล็กทรอนิกส์ (e-bidding)","จ้างทำของ/จ้างเหมาบริการ","การไฟฟ้าส่วนภูมิภาค","ประกวดราคาอิเล็กทรอนิกส์ (e-bidding)","ระหว่างดำเนินการ","5/2/2026","31/3/2026","31/3/2028","บริษัท พี.เอ็ม.ซี.คอนแทร็คเตอร์ จำกัด","105540010662","1","บริษัท พี.เอ็ม.ซี.คอนแทร็คเตอร์ จำกัด","0105540010662","1","565362272.500000000000000","565362272.500000000000000","564472028.600000023841858","564472028.600000023841858","99.799999999999997","5","high","3","R1|R9|R10","ราคาตกลง ≥ 95% ของราคากลาง | ราคาผู้ชนะ vs อันดับ 2 < 5% | ทุนจดทะเบียนต่ำเทียบมูลค่าสัญญา","3","0.000000000000000","บริษัท พี.เอ็ม.ซี.คอนแทร็คเตอร์ จำกัด","บริษัทจำกัด","ยังดำเนินกิจการอยู่","1997","70000000.000000000000000","กรุงเทพมหานคร","เขตบางกอกน้อย","การขายปลีกเชื้อเพลิงยานยนต์ในร้านค้าเฉพาะ สถานี ปั๊ม","","8.060000000000000","29","0","กรุงเทพมหานคร","กทม","กรุงเทพมหานคร","hq","province","13.739584469999999","100.506617940000012","1","1","0","0","0","0","0","1","1","0","100.506617941483171","13.739584467614264"
"506","68129342568","ประกวดราคาจ้างบริการงานด้านระบบไฟฟ้า แบบราคาคงที่ไม่จำกัดจำนวน ของหน่วยงานในสังกัด กฟน.๑ ระยะเวลาการจ้าง ๒๔ เดือน (๑ เมษายน ๒๕๖๙ - ๓๑ มีนาคม ๒๕๗๑) ด้วยวิธีประกวดราคาอิเล็กทรอนิกส์ (e-bidding)","จ้างทำของ/จ้างเหมาบริการ","การไฟฟ้าส่วนภูมิภาค","ประกวดราคาอิเล็กทรอนิกส์ (e-bidding)","ระหว่างดำเนินการ","9/1/2026","31/3/2026","31/3/2028","บริษัทจำกัด บริษัท เพาเวอร์ เทคโนโลยี่ ดีเวลลอปเมนท์ จำกัด(สัญญากิจการค้าร่วม)","105541056828","1","บริษัทจำกัด บริษัท เพาเวอร์ เทคโนโลยี่ ดีเวลลอปเมนท์ จำกัด(สัญญากิจการค้าร่วม) | บริษัทมหาชนจำกัด บริษัท สยามราชธานี จำกัด (มหาชน)(สัญญากิจการค้าร่วม)","0105541056828 | 0107562000297","2","957118383.000000000000000","957118383.000000000000000","956261978.899999976158142","905657510.200000047683716","99.900000000000006","4","mid","2","R1|R9","ราคาตกลง ≥ 95% ของราคากลาง | ราคาผู้ชนะ vs อันดับ 2 < 5%","3","0.000000000000000","","","","","0.000000000000000","","","","","","","","จ.เชียงใหม่","ภาค 5","จ.เชียงใหม่","hq","province","18.769586860000000","98.976167779999997","1","1","0","0","0","0","0","1","0","0","98.976167777851131","18.769586862344156"
"507","68129360091","ซื้อวัสดุพิมพ์และเคลือบบัตรประจำตัวประชาชนแบบอเนกประสงค์ (Smart Card) จำนวน 3 รายการ โดยวิธีเฉพาะเจาะจง","ซื้อ","กรมการปกครอง","เฉพาะเจาะจง","ระหว่างดำเนินการ","","4/2/2026","22/9/2026","บริษัท คอนโทรล ดาต้า (ประเทศไทย) จำกัด","105511002797","2","บริษัท คอนโทรล ดาต้า (ประเทศไทย) จำกัด","0105511002797","1","212479200.000000000000000","212474052.000000000000000","212372100.000000000000000","212372100.000000000000000","100.000000000000000","5","high","2","R1|R4","ราคาตกลง ≥ 95% ของราคากลาง | ใช้วิธีเฉพาะเจาะจง","1","","บริษัท คอนโทรล ดาต้า (ประเทศไทย) จำกัด","บริษัทจำกัด","ยังดำเนินกิจการอยู่","1968","60000000.000000000000000","กรุงเทพมหานคร","เขตยานนาวา","การซื้อและการขายอสังหาริมทรัพย์ที่เป็นของตนเองที่ไม่ใช่ เพื่อเป็นที่พักอาศัย","68102","3.540000000000000","","0","กรุงเทพมหานคร","กทม","กรุงเทพมหานคร","hq","province","13.739589219999999","100.506448460000001","1","1","0","1","0","0","0","0","0","0","100.506448461728411","13.739589218976878"
"508","68129360182","ประกวดราคาจ้างบริการงานด้านระบบไฟฟ้า แบบราคาคงที่ไม่จำกัดจำนวน ของหน่วยงานในสังกัด กฟต.2 ระยะเวลาการจ้าง 24 เดือน (ตั้งแต่วันที่ 1 เมษายน 2569 ถึง 31 มีนาคม 2571) เลขที่ PEA(S2)กบพ.009/2569 ด้วยวิธีประกวดราคาอิเล็กทรอนิกส์ (e-bidding)","จ้างทำของ/จ้างเหมาบริการ","การไฟฟ้าส่วนภูมิภาค","ประกวดราคาอิเล็กทรอนิกส์ (e-bidding)","ระหว่างดำเนินการ","28/1/2026","31/3/2026","31/3/2028","บริษัท เบญจกาย เอ็นเตอร์ไพรส์ จำกัด","105543044525","2","บริษัท เบญจกาย เอ็นเตอร์ไพรส์ จำกัด","0105543044525","1","904557517.000000000000000","904557517.000000000000000","903829736.200000047683716","903829736.200000047683716","99.900000000000006","5","high","3","R1|R9|R10","ราคาตกลง ≥ 95% ของราคากลาง | ราคาผู้ชนะ vs อันดับ 2 < 5% | ทุนจดทะเบียนต่ำเทียบมูลค่าสัญญา","3","0.000000000000000","บริษัท เบญจกาย เอ็นเตอร์ไพรส์ จำกัด","บริษัทจำกัด","ยังดำเนินกิจการอยู่","2000","50000000.000000000000000","กรุงเทพมหานคร","เขตบางกอกน้อย","กิจกรรมการบริการอื่นๆเพื่อสนับสนุนธุรกิจซึ่งมิได้จัดประเภทไว้ ในที่อื่น","","18.079999999999998","26","1","จ.นครศรีธรรมราช","ภาค 8","จ.นครศรีธรรมราช","hq","province","8.419589230000000","99.866693020000000","1","1","0","0","0","0","0","1","1","0","99.866693019150475","8.419589225019195"
"509","68129382189","ประกวดราคาจ้างก่อสร้างประตูระบายน้ำหัวงานและอาคารประกอบ โครงการประตูระบายน้ำคลองท่าเชี่ยว จังหวัดนครศรีธรรมราช ด้วยวิธีประกวดราคาอิเล็กทรอนิกส์ (e-bidding)","จ้างก่อสร้าง","กรมชลประทาน","ประกวดราคาอิเล็กทรอนิกส์ (e-bidding)","ระหว่างดำเนินการ","7/1/2026","26/3/2026","","บริษัท วิรุฬห์ แอนด์ เกวนเนส จำกัด","125548000020","7","บริษัท วิรุฬห์ แอนด์ เกวนเนส จำกัด","0125548000020","1","294850000.000000000000000","293865151.699999988079071","292326300.000000000000000","292326300.000000000000000","99.500000000000000","4","mid","2","R1|R9","ราคาตกลง ≥ 95% ของราคากลาง | ราคาผู้ชนะ vs อันดับ 2 < 5%","5","3.400000000000000","","","","","0.000000000000000","","","","","","","","กรุงเทพมหานคร","กทม","จ.นครศรีธรรมราช","latlong","real","8.956809289999999","99.877933619999993","1","1","0","0","0","0","0","1","0","0","99.877933620334360","8.956809287334584"
"510","68129385100","ประกวดราคาเช่าการเช่าใช้อุปกรณ์การเรียนการสอนสำหรับครูและนักเรียนภายใต้โครงการส่งเสริมการเรียนรู้ขั้นพื้นฐานทุกที่ทุกเวลา ประจำปีงบประมาณ พ.ศ. ๒๕๖๘ ด้วยวิธีประกวดราคาอิเล็กทรอนิกส์ (e-bidding)","เช่า","สำนักงานคณะกรรมการการศึกษาขั้นพื้นฐาน","ประกวดราคาอิเล็กทรอนิกส์ (e-bidding)","ระหว่างดำเนินการ","30/12/2025","2/3/2026","31/3/2031","บริษัท สุพรีม ดิสทิบิวชั่น จำกัด (มหาชน)","107566000291","16","บริษัท สุพรีม ดิสทิบิวชั่น จำกัด (มหาชน)","0107566000291","1","218434650.000000000000000","218434650.000000000000000","218400000.000000000000000","218400000.000000000000000","100.000000000000000","6","high","3","R1|R8|R11","ราคาตกลง ≥ 95% ของราคากลาง | ยื่นรายเดียวใน Open Bid | บริษัทจดทะเบียนใหม่ก่อนชนะโครงการ","1","","บริษัท สุพรีม ดิสทิบิวชั่น จำกัด (มหาชน)","บริษัทมหาชนจำกัด","ยังดำเนินกิจการอยู่","2023","370000000.000000000000000","กรุงเทพมหานคร","เขตบางเขน","การขายส่งคอมพิวเตอร์อุปกรณ์ต่อพ่วงคอมพิวเตอร์และซอฟต์แวร์","","0.590000000000000","2","1","จ.สระบุรี","ภาค 1","จ.สระบุรี","hq","province","14.509592950000000","100.896325489999995","1","1","0","0","0","0","1","0","0","1","100.896325491264932","14.509592952921615"
"511","68129410020","จ้างก่อสร้างเคเบิลใต้ดินระบบ 115 เควี, ก่อสร้างเสาเหล็ก ชนิด 8 เหลี่ยม และก่อสร้างติดตั้ง Load Break Switch ระบบ 115 เควี สำหรับการก่อสร้างสายส่งระบบ 115 เควี ให้บริษัท ทรู อินเตอร์เน็ต ดาต้า เซ็นเตอร์ จำกัด จังหวัดระยอง โดยวิธีเฉพาะเจาะจง","จ้างก่อสร้าง","การไฟฟ้าส่วนภูมิภาค","เฉพาะเจาะจง","ระหว่างดำเนินการ","","19/3/2026","24/7/2026","บริษัท พีอีเอ เอ็นคอม อินเตอร์เนชั่นแนล จำกัด","105552111043","3","บริษัท พีอีเอ เอ็นคอม อินเตอร์เนชั่นแนล จำกัด","0105552111043","1","107771575.799999997019768","101169689.200000002980232","101115000.000000000000000","101115000.000000000000000","99.900000000000006","5","high","2","R1|R4","ราคาตกลง ≥ 95% ของราคากลาง | ใช้วิธีเฉพาะเจาะจง","1","","บริษัท พีอีเอ เอ็นคอม อินเตอร์เนชั่นแนล จำกัด","บริษัทจำกัด","ยังดำเนินกิจการอยู่","2009","5110621250.000000000000000","กรุงเทพมหานคร","เขตจตุจักร","กิจกรรมของบริษัทโฮลดิ้งที่ไม่ได้ลงทุนในธุรกิจการเงินเป็นหลัก","","0.020000000000000","","0","กรุงเทพมหานคร","กทม","จ.ระยอง","latlong","real","12.809572960000001","101.192600700000000","1","1","0","1","0","0","0","0","0","0","101.192600700260002","12.809572960215480"
"512","68129414185","ประกวดราคาจ้างบริการงานด้านระบบไฟฟ้า แบบราคาคงที่ไม่จำกัดจำนวน ประจำปี 2569-2571 ด้วยวิธีประกวดราคาอิเล็กทรอนิกส์ (e-bidding)","จ้างทำของ/จ้างเหมาบริการ","การไฟฟ้าส่วนภูมิภาค","ประกวดราคาอิเล็กทรอนิกส์ (e-bidding)","ระหว่างดำเนินการ","6/2/2026","31/3/2026","31/3/2028","ห้างหุ้นส่วนจำกัด โชคสุวัฒนา","763542000403","1","ห้างหุ้นส่วนจำกัด โชคสุวัฒนา","0763542000403","1","540752976.899999976158142","540752976.899999976158142","539974181.799999952316284","539974181.799999952316284","99.900000000000006","4","mid","2","R1|R9","ราคาตกลง ≥ 95% ของราคากลาง | ราคาผู้ชนะ vs อันดับ 2 < 5%","3","0.100000000000000","","","","","0.000000000000000","","","","","","","","จ.เพชรบุรี","ภาค 7","จ.เพชรบุรี","hq","province","13.099570720000001","99.925431820000000","1","1","0","0","0","0","0","1","0","0","99.925431818199996","13.099570720088346"
"513","68129441944","ซื้อยาเสพติดให้โทษในประเภท 2 Fentanyl citrate injection 0.1 mg 2 ml amp โดยวิธีคัดเลือก","ซื้อ","สำนักงานคณะกรรมการอาหารและยา","คัดเลือก","ระหว่างดำเนินการ","","23/1/2026","19/3/2027","บริษัท สยามไบโอไซเอนซ์ จำกัด","105552083511","1","บริษัท สยามไบโอไซเอนซ์ จำกัด","0105552083511","1","125100000.000000000000000","124650000.000000000000000","124560000.000000000000000","124560000.000000000000000","99.900000000000006","5","high","2","R1|R8","ราคาตกลง ≥ 95% ของราคากลาง | ยื่นรายเดียวใน Open Bid","1","","บริษัท สยามไบโอไซเอนซ์ จำกัด","บริษัทจำกัด","ควบ","2009","4800000000.000000000000000","กรุงเทพมหานคร","เขตปทุมวัน","การวิจัยและพัฒนาเชิงทดลองด้านเทคโนโลยีชีวภาพ","","0.030000000000000","","0","กรุงเทพมหานคร","กทม","กรุงเทพมหานคร","hq","province","13.739583390000000","100.505289750000003","1","1","0","0","0","0","1","0","0","0","100.505289748199630","13.739583385577566"
"514","68129461083","เช่าโครงการพัฒนาบริการโครงสร้างพื้นฐานและความมั่นคงปลอดภัยด้านดิจิทัล (Infrastructure and Security) กิจกรรม บริการระบบคลาวด์กลางภาครัฐ (Government Data Center and Cloud service  GDCC) โดยวิธีเฉพาะเจาะจง","เช่า","สำนักงานคณะกรรมการดิจิทัลเพื่อเศรษฐกิจและสังคมแห่งชาติ (สดช.)","เฉพาะเจาะจง","ระหว่างดำเนินการ","","30/3/2026","30/9/2026","บริษัท โทรคมนาคมแห่งชาติ จำกัด (มหาชน)","107564000014","5","บริษัท โทรคมนาคมแห่งชาติ จำกัด (มหาชน)","0107564000014","1","2264255660.000000000000000","2264255613.000000000000000","2240233847.000000000000000","2240233847.000000000000000","98.900000000000006","5","high","2","R1|R4","ราคาตกลง ≥ 95% ของราคากลาง | ใช้วิธีเฉพาะเจาะจง","1","","บริษัท โทรคมนาคมแห่งชาติ จำกัด (มหาชน)","บริษัทมหาชนจำกัด","ยังดำเนินกิจการอยู่","2021","16000000000.000000000000000","กรุงเทพมหานคร","เขตหลักสี่","กิจกรรมการโทรคมนาคมด้านอื่นๆ","","0.140000000000000","","0","กรุงเทพมหานคร","กทม","กรุงเทพมหานคร","hq","province","13.739592600000000","100.505219420000003","1","1","0","1","0","0","0","0","0","0","100.505219415502751","13.739592602959252"
"515","68129468107","ประกวดราคาจ้างก่อสร้างทำนบดินหัวงานและอาคารประกอบ โครงการอ่างเก็บน้ำคลองลำรูใหญ่ จังหวัดพังงา ด้วยวิธีประกวดราคาอิเล็กทรอนิกส์ (e-bidding)","จ้างก่อสร้าง","กรมชลประทาน","ประกวดราคาอิเล็กทรอนิกส์ (e-bidding)","ระหว่างดำเนินการ","7/1/2026","31/3/2026","","บริษัท เอส เทค ซีวิล แอนด์ คอนสตรัคชั่น จำกัด","105539031392","3","บริษัท เอส เทค ซีวิล แอนด์ คอนสตรัคชั่น จำกัด","0105539031392","1","640000000.000000000000000","639369972.899999976158142","629354800.000000000000000","629354800.000000000000000","98.400000000000006","4","mid","2","R1|R9","ราคาตกลง ≥ 95% ของราคากลาง | ราคาผู้ชนะ vs อันดับ 2 < 5%","3","0.100000000000000","","","","","0.000000000000000","","","","","","","","กรุงเทพมหานคร","กทม","จ.พังงา","latlong","real","8.580295249999999","98.237315590000009","1","1","0","0","0","0","0","1","0","0","98.237315590207359","8.580295246662509"
"516","68129497236","จ้างบำรุงรักษาระบบ Software Safety Oversight (SOM) System โดยวิธีเฉพาะเจาะจง","จ้างทำของ/จ้างเหมาบริการ","สำนักงานการบินพลเรือนแห่งประเทศไทย","เฉพาะเจาะจง","ระหว่างดำเนินการ","","27/2/2026","28/2/2029","บริษัท ทูเซเว่นตี้ เอวิเอชั่น คอนซัลแทนส์ (ไทยแลนด์) จำกัด","105552003259","1","บริษัท ทูเซเว่นตี้ เอวิเอชั่น คอนซัลแทนส์ (ไทยแลนด์) จำกัด","0105552003259","1","115934000.000000000000000","115931400.000000000000000","115931400.000000000000000","115931400.000000000000000","100.000000000000000","6","high","3","R1|R4|R10","ราคาตกลง ≥ 95% ของราคากลาง | ใช้วิธีเฉพาะเจาะจง | ทุนจดทะเบียนต่ำเทียบมูลค่าสัญญา","1","","บริษัท ทูเซเว่นตี้ เอวิเอชั่น คอนซัลแทนส์ (ไทยแลนด์) จำกัด","บริษัทจำกัด","ยังดำเนินกิจการอยู่","2009","1000000.000000000000000","กรุงเทพมหานคร","เขตพญาไท","กิจกรรมการจัดทำโปรแกรมคอมพิวเตอร์ตามวัตถุประสงค์ของผู้ใช้ (ยกเว้นโปรแกรมเว็บเพจและเครือข่าย)","","115.930000000000007","","0","กรุงเทพมหานคร","กทม","กรุงเทพมหานคร","hq","province","13.739608709999999","100.505107409999994","1","1","0","1","0","0","0","0","1","0","100.505107405468308","13.739608705234655"
"517","68129530094","จ้างโครงการจัดจ้างพิมพ์แบบฟอร์มการเลือกตั้งสมาชิกสภาผู้แทนราษฎรเป็นการเลือกตั้งทั่วไปและการออกเสียงประชามติที่กำหนดวันออกเสียงประชามติในวันเดียวกับวันเลือกตั้งสมาชิกสภาผู้แทนราษฎรใหม่ เป็นการเลือกตั้งทั่วไป จำนวน 12 รายการ โดยวิธีเฉพาะเจาะจง","จ้างทำของ/จ้างเหมาบริการ","กรมการปกครอง","เฉพาะเจาะจง","ระหว่างดำเนินการ","","30/12/2025","4/1/2026","โรงพิมพ์อาสารักษาดินแดน กรมการปกครอง","994000188251","1","โรงพิมพ์อาสารักษาดินแดน กรมการปกครอง","0994000188251","1","123591200.000000000000000","123591200.000000000000000","123591200.000000000000000","123591200.000000000000000","100.000000000000000","5","high","2","R1|R4","ราคาตกลง ≥ 95% ของราคากลาง | ใช้วิธีเฉพาะเจาะจง","1","","","","","","0.000000000000000","","","","","","","","กรุงเทพมหานคร","กทม","กรุงเทพมหานคร","hq","province","13.739681650000000","100.504115959999993","1","1","0","1","0","0","0","0","0","0","100.504115959143718","13.739681654558161"
"600","69019129232","ประกวดราคาจ้างก่อสร้างก่อสร้างอาคารจอดรถและศูนย์กิจกรรมนักศึกษา ด้วยวิธีประกวดราคาอิเล็กทรอนิกส์ (e-bidding)","จ้าง","สถาบันเทคโนโลยีพระจอมเกล้าเจ้าคุณทหารลาดกระบัง","ประกวดราคาอิเล็กทรอนิกส์ (e-bidding)","ระหว่างดำเนินการ","15/1/2026","2/4/2026","13/7/2027","บริษัท พรรณกาญจน์วิกรย์ จำกัด","105544057213","1","บริษัท พรรณกาญจน์วิกรย์ จำกัด","0105544057213","1","161000000.000000000000000","161000000.000000000000000","142900000.000000000000000","142900000.000000000000000","88.799999999999997","0","low","0","","","","","","","","","","","","","","","","","กรุงเทพมหานคร","กทม","","","real","13.730853930000000","100.774367900000001","1","0","0","0","0","0","0","0","0","0","100.774367898724265","13.730853929570717"
"518","68129548240","ประกวดราคาซื้อท่อเหล็กกล้าสำหรับส่งน้ำ แบบตะเข็บเกลียว ชนิดใต้ดิน มอก.427-2562 และอื่นๆ รวม 7 รายการ สำหรับงานระบบส่งน้ำพร้อมอาคารประกอบ โครงการระบบส่งน้ำอ่างเก็บน้ำคลองประแกด ตำบลพวา อำเภอแก่งหางแมว จังหวัดจันทบุรี ด้วยวิธีประกวดราคาอิเล็กทรอนิกส์ (e-bidding)","ซื้อ","กรมชลประทาน","ประกวดราคาอิเล็กทรอนิกส์ (e-bidding)","ระหว่างดำเนินการ","16/1/2026","24/3/2026","22/7/2026","บริษัท กิจการร่วมค้า อะควอ ออร่า จำกัด","135552005677","6","บริษัท กิจการร่วมค้า อะควอ ออร่า จำกัด","0135552005677","1","111776100.000000000000000","111788804.200000002980232","111387000.000000000000000","111387000.000000000000000","99.599999999999994","2","low","1","R1","ราคาตกลง ≥ 95% ของราคากลาง","3","18.399999999999999","","","","","0.000000000000000","","","","","","","","กรุงเทพมหานคร","กทม","จ.จันทบุรี","text","province","12.599691840000000","102.084147080000008","1","1","0","0","0","0","0","0","0","0","102.084147079000672","12.599691843323951"
"519","68129555202","ประกวดราคาจ้างบริการงานด้านระบบไฟฟ้า แบบราคาคงที่ไม่จํากัดจํานวน ของ กฟต.3 ระยะเวลาการจ้าง 24 เดือน (ตั้งแต่วันที่ 1 เมษายน 2569 ถึง 31 มีนาคม 2571) เลขที่ ต.3กบพ.(จร.)e-bidding046/2568 ด้วยวิธีประกวดราคาอิเล็กทรอนิกส์ (e-bidding)","จ้างทำของ/จ้างเหมาบริการ","การไฟฟ้าส่วนภูมิภาค","ประกวดราคาอิเล็กทรอนิกส์ (e-bidding)","ระหว่างดำเนินการ","4/2/2026","31/3/2026","31/3/2028","บริษัทจำกัด บริษัท อีทีอี เมเนจเมนท์ จำกัด(สัญญากิจการค้าร่วม)","105550107880","2","บริษัทจำกัด บริษัท อีทีอี เมเนจเมนท์ จำกัด(สัญญากิจการค้าร่วม) | บริษัทจำกัด บริษัท ภูเก็ตซัพพลาย จำกัด(สัญญากิจการค้าร่วม)","0105550107880 | 0955550000018","2","705534728.100000023841858","705534728.100000023841858","704997970.600000023841858","428418875.000000000000000","99.900000000000006","4","mid","2","R1|R9","ราคาตกลง ≥ 95% ของราคากลาง | ราคาผู้ชนะ vs อันดับ 2 < 5%","3","0.000000000000000","","","","","0.000000000000000","","","","","","","","จ.ปัตตานี","ภาค 9","จ.ปัตตานี","hq","province","6.889698620000000","101.134385600000002","1","1","0","0","0","0","0","1","0","0","101.134385603749777","6.889698623506785"
"520","68246000001","ประกวดราคาจ้างก่อสร้างปรับปรุงระบบจำหน่ายไฟฟ้าเป็นเคเบิลใต้ดินบริเวณถนนจิตรบำรุง ถนนธนสาร และถนนเทศบาล 3 จ.สุรินทร์ ด้วยวิธีประกวดราคาอิเล็กทรอนิกส์ (e-bidding)","จ้างก่อสร้าง","การไฟฟ้าส่วนภูมิภาค","ประกวดราคาอิเล็กทรอนิกส์ (e-bidding)","ระหว่างดำเนินการ","","19/1/2026","","บริษัท แอ็ดวานซ์อินฟอร์เมชั่นเทคโนโลยี จำกัด (มหาชน)","107546000067","2","บริษัท แอ็ดวานซ์อินฟอร์เมชั่นเทคโนโลยี จำกัด (มหาชน)","0107546000067","1","186708842.199999988079071","299190000.000000000000000","179265125.000000000000000","179265125.000000000000000","59.899999999999999","3","mid","2","R7|R9","ราคากลาง vs งบ > 20% | ราคาผู้ชนะ vs อันดับ 2 < 5%","4","0.000000000000000","","","","","0.000000000000000","","","","","","","","กรุงเทพมหานคร","กทม","จ.สุรินทร์","text","province","14.860231040000000","103.506276880000001","1","0","0","0","0","1","0","1","0","0","103.506276880995472","14.860231041130197"
"521","69019016143","ประกวดราคาซื้อท่อเหล็กกล้าสำหรับส่งน้ำแบบตะเข็บเกลียว พร้อมอุปกรณ์ประกอบและอื่นๆ จำนวน 79 รายการ สำหรับงานระบบท่อส่งน้ำพร้อมอาคารประกอบ โครงการระบบส่งน้ำสถานีสูบน้ำกลุ่มผู้ใช้น้ำสาย 2,4 ระยะที่ 2 (พัฒนาและเพิ่มประสิทธิภาพการใช้น้ำในลุ่มน้ำวังโตนด) ตำบลทุ่งเบญจา อำเภอท่าใหม่ จังหวัดจันทบุรี ด้วยวิธีประกวดราคาอิเล็กทรอนิกส์ (e-bidding)","ซื้อ","กรมชลประทาน","ประกวดราคาอิเล็กทรอนิกส์ (e-bidding)","ระหว่างดำเนินการ","16/1/2026","31/3/2026","27/10/2026","บริษัท แหล่งน้ำไทย จำกัด","145549001356","2","บริษัท แหล่งน้ำไทย จำกัด","0145549001356","1","102389100.000000000000000","102368261.200000002980232","102078000.000000000000000","102078000.000000000000000","99.700000000000003","3","mid","2","R1|R10","ราคาตกลง ≥ 95% ของราคากลาง | ทุนจดทะเบียนต่ำเทียบมูลค่าสัญญา","3","18.399999999999999","บริษัท แหล่งน้ำไทย จำกัด","บริษัทจำกัด","ยังดำเนินกิจการอยู่","2006","5000000.000000000000000","ปทุมธานี","คลองหลวง","การขายส่งเหล็กเหล็กกล้าและโลหะที่นอกกลุ่มเหล็กขั้นมูลฐาน","","20.420000000000002","20","1","กรุงเทพมหานคร","กทม","จ.จันทบุรี","text","province","12.591198510000002","102.087471489999999","1","1","0","0","0","0","0","0","1","0","102.087471487847338","12.591198511785418"
"601","69019206992","ซื้อMETER (E) WATTHOUR 1P 5(100) A O/D BLE จำนวน 349,560 เครื่อง เลขที่ กจพ1-มต-004-2569 โดยวิธีเฉพาะเจาะจง","ซื้อ","การไฟฟ้าส่วนภูมิภาค","เฉพาะเจาะจง","ระหว่างดำเนินการ","","9/4/2026","4/5/2027","บริษัท สมาร์ททีทีซี จำกัด (มหาชน)","107567000228","1","บริษัท สมาร์ททีทีซี จำกัด (มหาชน)","0107567000228","1","576004968.000000000000000","561043800.000000000000000","234516308.400000005960464","234516308.400000005960464","41.799999999999997","3","mid","1","R4","ใช้วิธีเฉพาะเจาะจง","","","","","","","","","","","","","","","กรุงเทพมหานคร","กทม","","","province","13.731164039999999","100.504981080000007","1","0","0","1","0","0","0","0","0","0","100.504981076288217","13.731164036048657"
"522","69019109183","ประกวดราคาซื้อเครื่องสูบน้ำแบบเคลื่อนที่ ชนิดติดตั้งบนทุ่นลอยน้ำ ขับด้วยเครื่องยนต์ดีเซล อัตราการสูบน้ำ 1 ลูกบาศก์เมตรต่อวินาที ระยะยกน้ำ 3.5 เมตร สำนักเครื่องจักรกล ตำบลบางตลาด อำเภอปากเกร็ด จังหวัดนนทบุรี 10 เครื่อง ด้วยวิธีประกวดราคาอิเล็กทรอนิกส์ (e-bidding)","ซื้อ","กรมชลประทาน","ประกวดราคาอิเล็กทรอนิกส์ (e-bidding)","ระหว่างดำเนินการ","27/1/2026","24/3/2026","22/6/2026","บริษัท กรีน เทคโนโลยี เอเซีย จำกัด","125546011385","4","บริษัท กรีน เทคโนโลยี เอเซีย จำกัด","0125546011385","1","182500000.000000000000000","182500000.000000000000000","182356890.000000000000000","182356890.000000000000000","99.900000000000006","4","mid","2","R1|R9","ราคาตกลง ≥ 95% ของราคากลาง | ราคาผู้ชนะ vs อันดับ 2 < 5%","3","0.000000000000000","","","","","0.000000000000000","","","","","","","","กรุงเทพมหานคร","กทม","จ.นนทบุรี","text","province","13.841139200000001","100.496212180000001","1","1","0","0","0","0","0","1","0","0","100.496212177032177","13.841139197871076"
"523","69019111127","จ้างบริหารจัดการอาคารและสถานที่ ภายในพื้นที่ ปตท.สำนักงานใหญ่ โดยวิธีเฉพาะเจาะจง","จ้างทำของ/จ้างเหมาบริการ","บริษัท ปตท. จำกัด (มหาชน)","เฉพาะเจาะจง","ระหว่างดำเนินการ","","29/1/2026","31/1/2027","บริษัท เอนเนอร์ยี่ คอมเพล็กซ์ จำกัด","105547108935","2","บริษัท เอนเนอร์ยี่ คอมเพล็กซ์ จำกัด","0105547108935","1","270924000.000000000000000","270727226.000000000000000","270727226.000000000000000","270727226.000000000000000","100.000000000000000","5","high","2","R1|R4","ราคาตกลง ≥ 95% ของราคากลาง | ใช้วิธีเฉพาะเจาะจง","1","","บริษัท เอนเนอร์ยี่ คอมเพล็กซ์ จำกัด","บริษัทจำกัด","ยังดำเนินกิจการอยู่","2004","1800000000.000000000000000","กรุงเทพมหานคร","เขตจตุจักร","การดำเนินงานของสถานที่ออกกำลังกาย","","0.150000000000000","","0","กรุงเทพมหานคร","กทม","กรุงเทพมหานคร","hq","province","13.731140399999999","100.506190279999998","1","1","0","1","0","0","0","0","0","0","100.506190280525857","13.731140402295731"
"524","69019207189","จ้างบริหารจัดการอาคารและสถานที่ภายในพื้นที่สถาบันนวัตกรรม ปตท. โดยวิธีเฉพาะเจาะจง","จ้างทำของ/จ้างเหมาบริการ","บริษัท ปตท. จำกัด (มหาชน)","เฉพาะเจาะจง","ระหว่างดำเนินการ","","30/1/2026","31/1/2027","บริษัท เอนเนอร์ยี่ คอมเพล็กซ์ จำกัด","105547108935","2","บริษัท เอนเนอร์ยี่ คอมเพล็กซ์ จำกัด","0105547108935","1","184040000.000000000000000","183951541.699999988079071","183951541.699999988079071","183951541.699999988079071","100.000000000000000","5","high","2","R1|R4","ราคาตกลง ≥ 95% ของราคากลาง | ใช้วิธีเฉพาะเจาะจง","1","","บริษัท เอนเนอร์ยี่ คอมเพล็กซ์ จำกัด","บริษัทจำกัด","ยังดำเนินกิจการอยู่","2004","1800000000.000000000000000","กรุงเทพมหานคร","เขตจตุจักร","การดำเนินงานของสถานที่ออกกำลังกาย","","0.100000000000000","","0","กรุงเทพมหานคร","กทม","กรุงเทพมหานคร","hq","province","13.731164200000000","100.504980200000006","1","1","0","1","0","0","0","0","0","0","100.504980202227443","13.731164195742080"
"525","69019261245","จ้างก่อสร้างเคเบิลใต้ดิน การก่อสร้างสายส่งระบบ 115 เควี ให้บริษัท ดิจิทัลแลนด์ เซอร์วิสเซส (ประเทศไทย) จำกัด จ.ชลบุรี โดยวิธีเฉพาะเจาะจง","จ้างก่อสร้าง","การไฟฟ้าส่วนภูมิภาค","เฉพาะเจาะจง","ระหว่างดำเนินการ","","26/3/2026","","บริษัท พีอีเอ เอ็นคอม อินเตอร์เนชั่นแนล จำกัด","105552111043","3","บริษัท พีอีเอ เอ็นคอม อินเตอร์เนชั่นแนล จำกัด","0105552111043","1","166603713.400000005960464","161277762.599999994039536","161267062.599999994039536","161267062.599999994039536","100.000000000000000","5","high","2","R1|R4","ราคาตกลง ≥ 95% ของราคากลาง | ใช้วิธีเฉพาะเจาะจง","1","","บริษัท พีอีเอ เอ็นคอม อินเตอร์เนชั่นแนล จำกัด","บริษัทจำกัด","ยังดำเนินกิจการอยู่","2009","5110621250.000000000000000","กรุงเทพมหานคร","เขตจตุจักร","กิจกรรมของบริษัทโฮลดิ้งที่ไม่ได้ลงทุนในธุรกิจการเงินเป็นหลัก","","0.030000000000000","","0","กรุงเทพมหานคร","กทม","จ.ชลบุรี","latlong","real","13.447998220000001","101.065442599999997","1","1","0","1","0","0","0","0","0","0","101.065442599741132","13.447998220421917"
"526","69019270912","ประกวดราคาเช่าเครื่องจักรกลเพื่อปรับปรุงและพัฒนาโครงสร้างพื้นฐานในพื้นที่จังหวัดสงขลาพร้อมพนักงานขับ ด้วยวิธีประกวดราคาอิเล็กทรอนิกส์ (e-bidding)","เช่า","องค์การบริหารส่วนจังหวัดสงขลา","ประกวดราคาอิเล็กทรอนิกส์ (e-bidding)","ระหว่างดำเนินการ","22/1/2026","18/3/2026","17/4/2026","บริษัท วิรุฬห์ แอนด์ เกวนเนส จำกัด","125548000020","7","บริษัท วิรุฬห์ แอนด์ เกวนเนส จำกัด","0125548000020","1","200000000.000000000000000","196565472.000000000000000","196399800.000000000000000","196399800.000000000000000","99.900000000000006","4","mid","2","R1|R9","ราคาตกลง ≥ 95% ของราคากลาง | ราคาผู้ชนะ vs อันดับ 2 < 5%","3","0.000000000000000","","","","","0.000000000000000","","","","","","","","จ.สงขลา","ภาค 9","จ.สงขลา","text","province","7.011199510000000","100.455047989999997","1","1","0","0","0","0","0","1","0","0","100.455047985861825","7.011199510910047"
"527","69019299969","ประกวดราคาจ้างก่อสร้างงานปรับปรุงระบบสายส่งไฟฟ้าลงใต้ดิน ท่าอากาศยานบุรีรัมย์ ตำบลร่อนทอง อำเภอสตึก จังหวัดบุรีรัมย์ ๑ แห่ง ด้วยวิธีประกวดราคาอิเล็กทรอนิกส์ (e-bidding)","จ้างก่อสร้าง","กรมท่าอากาศยาน","ประกวดราคาอิเล็กทรอนิกส์ (e-bidding)","ระหว่างดำเนินการ","30/1/2026","25/3/2026","21/9/2026","บริษัท อาซีฟา จำกัด (มหาชน)","107558000091","2","บริษัท อาซีฟา จำกัด (มหาชน)","0107558000091","1","114771300.000000000000000","114771300.000000000000000","113300000.000000000000000","113300000.000000000000000","98.700000000000003","4","mid","2","R1|R9","ราคาตกลง ≥ 95% ของราคากลาง | ราคาผู้ชนะ vs อันดับ 2 < 5%","4","1.500000000000000","บริษัท อาซีฟา จำกัด (มหาชน)","บริษัทมหาชนจำกัด","ยังดำเนินกิจการอยู่","2015","545648300.000000000000000","สมุทรสาคร","เมืองสมุทรสาคร","การผลิตอุปกรณ์ควบคุมและจ่ายไฟฟ้า","","0.210000000000000","11","1","กรุงเทพมหานคร","กทม","จ.บุรีรัมย์","latlong","real","15.198180440000000","103.246942300000001","1","1","0","0","0","0","0","1","0","0","103.246942300013515","15.198180440012477"
"528","69019341809","ประกวดราคาซื้อครุภัณฑ์คอมพิวเตอร์ตามโครงการยกระดับการปฏิบัติงานด้านการรังวัดด้วยระบบอิเล็กทรอนิกส์ (Smart Survey) ประจำปีงบประมาณ พ.ศ. 2569 จำนวน 7 รายการ ด้วยวิธีประกวดราคาอิเล็กทรอนิกส์ (e-bidding)","ซื้อ","กรมที่ดิน","ประกวดราคาอิเล็กทรอนิกส์ (e-bidding)","ระหว่างดำเนินการ","30/1/2026","27/3/2026","22/12/2026","บริษัท สามารถคอมเทค จำกัด","135538001899","1","บริษัท สามารถคอมเทค จำกัด","0135538001899","1","113138000.000000000000000","113138000.000000000000000","112570000.000000000000000","112570000.000000000000000","99.500000000000000","4","mid","2","R1|R9","ราคาตกลง ≥ 95% ของราคากลาง | ราคาผู้ชนะ vs อันดับ 2 < 5%","2","0.100000000000000","","","","","0.000000000000000","","","","","","","","กรุงเทพมหานคร","กทม","กรุงเทพมหานคร","hq","province","13.731302420000000","100.503585970000003","1","1","0","0","0","0","0","1","0","0","100.503585965702527","13.731302416890703"
"529","69019512697","ซื้อน้ำมันเชื้อเพลิง จำนวน 6 รายการ โดยวิธีเฉพาะเจาะจง","ซื้อ","กองทัพบก","เฉพาะเจาะจง","ระหว่างดำเนินการ","","9/2/2026","9/7/2026","บริษัท ปตท. จำกัด(มหาชน)","107544000108","8","บริษัท ปตท. จำกัด(มหาชน)","0107544000108","1","370000000.000000000000000","370000000.000000000000000","370000000.000000000000000","370000000.000000000000000","100.000000000000000","5","high","2","R1|R4","ราคาตกลง ≥ 95% ของราคากลาง | ใช้วิธีเฉพาะเจาะจง","1","","บริษัท ปตท. จำกัด (มหาชน)","บริษัทมหาชนจำกัด","ยังดำเนินกิจการอยู่","2001","28562996250.000000000000000","กรุงเทพมหานคร","เขตจตุจักร","การทดสอบและวิเคราะห์ทางเทคนิคอื่นๆซึ่งมิได้จัดประเภท ไว้ในที่อื่น","71209","0.010000000000000","","1","จ.นนทบุรี","ภาค 1","จ.นนทบุรี","hq","province","13.841749990000000","100.491186890000009","1","1","0","1","0","0","0","0","0","0","100.491186887246755","13.841749993179761"
"530","69029133177","ประกวดราคาเช่าการเช่าใช้อุปกรณ์การเรียนการสอน สำหรับครูและนักเรียนภายใต้โครงการส่งเสริมการเรียนรู้ขั้นพื้นฐานทุกที่ทุกเวลา งบประมาณ พ.ศ.2568  ด้วยวิธีประกวดราคาอิเล็กทรอนิกส์ (e-bidding)","เช่า","สำนักงานคณะกรรมการการศึกษาขั้นพื้นฐาน","ประกวดราคาอิเล็กทรอนิกส์ (e-bidding)","ระหว่างดำเนินการ","12/2/2026","30/3/2026","31/5/2031","บริษัท สุพรีม ดิสทิบิวชั่น จำกัด (มหาชน)","107566000291","16","บริษัท สุพรีม ดิสทิบิวชั่น จำกัด (มหาชน)","0107566000291","1","508130490.000000000000000","508130490.000000000000000","508050000.000000000000000","508050000.000000000000000","100.000000000000000","5","high","2","R1|R8","ราคาตกลง ≥ 95% ของราคากลาง | ยื่นรายเดียวใน Open Bid","1","","บริษัท สุพรีม ดิสทิบิวชั่น จำกัด (มหาชน)","บริษัทมหาชนจำกัด","ยังดำเนินกิจการอยู่","2023","370000000.000000000000000","กรุงเทพมหานคร","เขตบางเขน","การขายส่งคอมพิวเตอร์อุปกรณ์ต่อพ่วงคอมพิวเตอร์และซอฟต์แวร์","","1.370000000000000","3","0","กรุงเทพมหานคร","กทม","กรุงเทพมหานคร","hq","province","13.777311230000000","100.520816310000001","1","1","0","0","0","0","1","0","0","0","100.520816313113670","13.777311228211412"
"531","69029173630","จ้างก่อสร้างกลุ่มอาคารอำนวยการและปฏิบัติการเรียนรู้อเนกประสงค์ ตำบลโพธิ์ อำเภอเมืองศรีสะเกษ จังหวัดศรีสะเกษ 1 งาน โดยวิธีคัดเลือก","จ้างก่อสร้าง","มหาวิทยาลัยราชภัฏศรีสะเกษ","คัดเลือก","ระหว่างดำเนินการ","","11/3/2026","29/2/2028","บริษัท ต.พีระกฤช จำกัด","125543005066","1","บริษัท ต.พีระกฤช จำกัด","0125543005066","1","250000000.000000000000000","250095943.699999988079071","249000000.000000000000000","249000000.000000000000000","99.599999999999994","4","mid","2","R1|R9","ราคาตกลง ≥ 95% ของราคากลาง | ราคาผู้ชนะ vs อันดับ 2 < 5%","3","0.300000000000000","บริษัท ต.พีระกฤช จำกัด","บริษัทจำกัด","ยังดำเนินกิจการอยู่","2000","110000000.000000000000000","นนทบุรี","เมืองนนทบุรี","การก่อสร้างอาคารที่ไม่ใช่ที่พักอาศัย","","2.260000000000000","","1","จ.ศรีสะเกษ","ภาค 3","จ.ศรีสะเกษ","latlong","real","15.117768909999999","104.361850599999997","1","1","0","0","0","0","0","1","0","0","104.361850599679400","15.117768909593938"
"532","69029309577","ซื้อยา เวชภัณฑ์และอุปกรณ์ทางการแพทย์ที่จำเป็นตามโครงการพิเศษ โครงการวัคซีน (Vaccine) ตามแผนจัดหายา เวชภัณฑ์และอุปกรณ์ทางการแพทย์ที่จำเป็นตามโครงการพิเศษ ปีงบประมาณ 2569 จำนวน 1 รายการ โดยวิธีเฉพาะเจาะจง","ซื้อ","โรงพยาบาลราชวิถี","เฉพาะเจาะจง","ระหว่างดำเนินการ","","19/3/2026","30/6/2026","องค์การเภสัชกรรม","994000165315","7","องค์การเภสัชกรรม","0994000165315","1","100100000.000000000000000","101836000.000000000000000","100100000.000000000000000","100100000.000000000000000","98.299999999999997","5","high","2","R1|R4","ราคาตกลง ≥ 95% ของราคากลาง | ใช้วิธีเฉพาะเจาะจง","1","","","","","","0.000000000000000","","","","","","","","กรุงเทพมหานคร","กทม","กรุงเทพมหานคร","hq","province","13.778283580000000","100.523186580000001","1","1","0","1","0","0","0","0","0","0","100.523186578177942","13.778283583033229"
"533","69029431913","จ้างสร้างเครื่องราชอิสริยาภรณ์อันเป็นโบราณมงคลนพรัตนราชวราภรณ์ (น.ร.) ฝ่ายหน้า (เครื่องต้น) โดยวิธีเฉพาะเจาะจง","จ้างทำของ/จ้างเหมาบริการ","สำนักเลขาธิการคณะรัฐมนตรี","เฉพาะเจาะจง","ระหว่างดำเนินการ","","18/3/2026","31/7/2027","กรมธนารักษ์","994000165536","3","กรมธนารักษ์","0994000165536","1","203366000.000000000000000","203366000.000000000000000","203361138.000000000000000","203361138.000000000000000","100.000000000000000","5","high","2","R1|R4","ราคาตกลง ≥ 95% ของราคากลาง | ใช้วิธีเฉพาะเจาะจง","1","","","","","","0.000000000000000","","","","","","","","กรุงเทพมหานคร","กทม","กรุงเทพมหานคร","hq","province","13.778718280000001","100.524607440000011","1","1","0","1","0","0","0","0","0","0","100.524607443462813","13.778718280048986"
"534","69039121748","ซื้อน้ำมันเชื้อเพลิง จำนวน 6 รายการ โดยวิธีเฉพาะเจาะจง","ซื้อ","กองทัพบก","เฉพาะเจาะจง","ระหว่างดำเนินการ","","18/3/2026","15/8/2026","บริษัท ปตท. จำกัด(มหาชน)","107544000108","8","บริษัท ปตท. จำกัด(มหาชน)","0107544000108","1","315127408.000000000000000","315127408.000000000000000","315127408.000000000000000","315127408.000000000000000","100.000000000000000","5","high","2","R1|R4","ราคาตกลง ≥ 95% ของราคากลาง | ใช้วิธีเฉพาะเจาะจง","1","","บริษัท ปตท. จำกัด (มหาชน)","บริษัทมหาชนจำกัด","ยังดำเนินกิจการอยู่","2001","28562996250.000000000000000","กรุงเทพมหานคร","เขตจตุจักร","การทดสอบและวิเคราะห์ทางเทคนิคอื่นๆซึ่งมิได้จัดประเภท ไว้ในที่อื่น","71209","0.010000000000000","","1","จ.นนทบุรี","ภาค 1","จ.นนทบุรี","hq","province","13.833893990000000","100.527023610000001","1","1","0","1","0","0","0","0","0","0","100.527023608844871","13.833893990666301"
"535","69039191848","ซื้อยา เวชภัณฑ์และอุปกรณ์ทางการแพทย์ที่จำเป็นตามโครงการพิเศษ โครงการยาจำเป็นตามแผนจัดหายา เวชภัณฑ์และอุปกรณ์ทางการแพทย์ที่จำเป็นตามโครงการพิเศษ ปีงบประมาณ 2569 จำนวน 24 รายการ โดยวิธีเฉพาะเจาะจง","ซื้อ","โรงพยาบาลราชวิถี","เฉพาะเจาะจง","ระหว่างดำเนินการ","","16/3/2026","30/9/2026","องค์การเภสัชกรรม","994000165315","7","องค์การเภสัชกรรม","0994000165315","1","884857172.899999976158142","3894800273.000000000000000","884857172.899999976158142","884857172.899999976158142","22.699999999999999","4","mid","2","R4|R7","ใช้วิธีเฉพาะเจาะจง | ราคากลาง vs งบ > 20%","1","","","","","","0.000000000000000","","","","","","","","กรุงเทพมหานคร","กทม","กรุงเทพมหานคร","hq","province","13.723653720000000","100.536814930000006","1","0","0","1","0","1","0","0","0","0","100.536814931929726","13.723653715455232"
"536","69039212838","ซื้อยา เวชภัณฑ์และอุปกรณ์ทางการแพทย์ที่จำเป็นตามโครงการพิเศษ โครงการ CAPD และ EPO ตามแผนจัดหายา เวชภัณฑ์และอุปกรณ์ทางการแพทย์ที่จำเป็นตามโครงการพิเศษ ปีงบประมาณ 2569 จำนวน 9 รายการ โดยวิธีเฉพาะเจาะจง","ซื้อ","โรงพยาบาลราชวิถี","เฉพาะเจาะจง","ระหว่างดำเนินการ","","27/3/2026","30/9/2026","องค์การเภสัชกรรม","994000165315","7","องค์การเภสัชกรรม","0994000165315","1","860247993.700000047683716","890071608.899999976158142","860247993.700000047683716","860247993.700000047683716","96.599999999999994","5","high","2","R1|R4","ราคาตกลง ≥ 95% ของราคากลาง | ใช้วิธีเฉพาะเจาะจง","1","","","","","","0.000000000000000","","","","","","","","กรุงเทพมหานคร","กทม","กรุงเทพมหานคร","hq","province","13.722801720000000","100.536174979999998","1","1","0","1","0","0","0","0","0","0","100.536174980206169","13.722801717932594"
"537","69039233538","ซื้อยา เวชภัณฑ์และอุปกรณ์ทางการแพทย์ที่จำเป็นตามโครงการพิเศษ โครงการยาวัณโรค (TB) ตามแผนจัดหายา เวชภัณฑ์และอุปกรณ์ทางการแพทย์ที่จำเป็นตามโครงการพิเศษ ปีงบประมาณ 2569 จำนวน 12 รายการ โดยวิธีเฉพาะเจาะจง","ซื้อ","โรงพยาบาลราชวิถี","เฉพาะเจาะจง","ระหว่างดำเนินการ","","17/3/2026","30/9/2026","องค์การเภสัชกรรม","994000165315","7","องค์การเภสัชกรรม","0994000165315","1","128814138.799999997019768","287889611.800000011920929","128814138.799999997019768","128814138.799999997019768","44.700000000000003","4","mid","2","R4|R7","ใช้วิธีเฉพาะเจาะจง | ราคากลาง vs งบ > 20%","1","","","","","","0.000000000000000","","","","","","","","กรุงเทพมหานคร","กทม","กรุงเทพมหานคร","hq","province","13.722734010000000","100.536112780000011","1","0","0","1","0","1","0","0","0","0","100.536112777262616","13.722734008994502"
"538","69039249447","ซื้อยา เวชภัณฑ์และอุปกรณ์ทางการแพทย์ที่จำเป็นตามโครงการพิเศษ โครงการวัคซีน (Vaccine) ตามแผนจัดหายา เวชภัณฑ์และอุปกรณ์ทางการแพทย์ที่จำเป็นตามโครงการพิเศษ ปีงบประมาณ 2569 จำนวน 13 รายการ โดยวิธีเฉพาะเจาะจง","ซื้อ","โรงพยาบาลราชวิถี","เฉพาะเจาะจง","ระหว่างดำเนินการ","","19/3/2026","31/1/2027","องค์การเภสัชกรรม","994000165315","7","องค์การเภสัชกรรม","0994000165315","1","1636617040.000000000000000","2283685840.000000000000000","1636617040.000000000000000","1636617040.000000000000000","71.700000000000003","4","mid","2","R4|R7","ใช้วิธีเฉพาะเจาะจง | ราคากลาง vs งบ > 20%","1","","","","","","0.000000000000000","","","","","","","","กรุงเทพมหานคร","กทม","กรุงเทพมหานคร","hq","province","13.722694629999999","100.536075890000006","1","0","0","1","0","1","0","0","0","0","100.536075887047147","13.722694633988286"
"539","69039250643","ซื้อยา เวชภัณฑ์และอุปกรณ์ทางการแพทย์ที่จำเป็นตามโครงการพิเศษ โครงการยาต้านไวรัสเอดส์ ARV ตามแผนจัดหายา เวชภัณฑ์และอุปกรณ์ทางการแพทย์ที่จำเป็นตามโครงการพิเศษ ปีงบประมาณ 2569 จำนวน 18 รายการ โดยวิธีเฉพาะเจาะจง","ซื้อ","โรงพยาบาลราชวิถี","เฉพาะเจาะจง","ระหว่างดำเนินการ","","19/3/2026","30/9/2026","องค์การเภสัชกรรม","994000165315","7","องค์การเภสัชกรรม","0994000165315","1","1317568998.000000000000000","1575478289.000000000000000","1317568998.000000000000000","1317568998.000000000000000","83.599999999999994","3","mid","1","R4","ใช้วิธีเฉพาะเจาะจง","1","","","","","","0.000000000000000","","","","","","","","กรุงเทพมหานคร","กทม","กรุงเทพมหานคร","hq","province","13.722670360000000","100.536054289999996","1","0","0","1","0","0","0","0","0","0","100.536054291547728","13.722670364075890"
"540","69039288640","ซื้อน้ำมันดีเซลหมุนเร็ว ไม่ผสมไบโอดีเซล (ทางเรือ) จัดซื้อที่อุณหภูมิ 86 องศาฟาเรนไฮท์ จำนวน 2,399,591.0514 ลิตร โดยวิธีเฉพาะเจาะจง","ซื้อ","กองทัพเรือ","เฉพาะเจาะจง","ระหว่างดำเนินการ","","19/3/2026","30/9/2026","บริษัท ปตท. จำกัด(มหาชน)","107544000108","8","บริษัท ปตท. จำกัด(มหาชน)","0107544000108","1","106938975.000000000000000","106938975.000000000000000","106938975.000000000000000","106938975.000000000000000","100.000000000000000","5","high","2","R1|R4","ราคาตกลง ≥ 95% ของราคากลาง | ใช้วิธีเฉพาะเจาะจง","1","","บริษัท ปตท. จำกัด (มหาชน)","บริษัทมหาชนจำกัด","ยังดำเนินกิจการอยู่","2001","28562996250.000000000000000","กรุงเทพมหานคร","เขตจตุจักร","การทดสอบและวิเคราะห์ทางเทคนิคอื่นๆซึ่งมิได้จัดประเภท ไว้ในที่อื่น","71209","0.000000000000000","","0","กรุงเทพมหานคร","กทม","กรุงเทพมหานคร","hq","province","13.722562620000000","100.535953179999993","1","1","0","1","0","0","0","0","0","0","100.535953181670919","13.722562615094366"
"541","69136000001","ประกวดราคาจ้างก่อสร้างปรับปรุงระบบจำหน่ายไฟฟ้าเป็นเคเบิลใต้ดิน บริเวณถนนกะตะ ตั้งแต่ซอยกะรน 2 ถึงสามแยกถนนโคกโตนด และถนนแยก (ถนนเกศขวัญ, ถนนท้ายนา และซอยกะตะ) อำเภอเมืองภูเก็ต จังหวัดภูเก็ต ด้วยวิธีประกวดราคาอิเล็กทรอนิกส์ (e-bidding)","จ้างก่อสร้าง","การไฟฟ้าส่วนภูมิภาค","ประกวดราคาอิเล็กทรอนิกส์ (e-bidding)","ระหว่างดำเนินการ","","26/1/2026","","บริษัทจำกัด บริษัท ศรีชลธร จำกัด(สัญญากิจการค้าร่วม)","105534000090","3","บริษัทจำกัด บริษัท ศรีชลธร จำกัด(สัญญากิจการค้าร่วม) | บริษัทจำกัด บริษัท แกรนด์ไลน์ อินโนเวชั่น  จำกัด(สัญญากิจการค้าร่วม)","0105534000090 | 0105553002230","2","123618105.799999997019768","237390437.400000005960464","120325000.000000000000000","62039570.000000000000000","50.700000000000003","3","mid","2","R7|R9","ราคากลาง vs งบ > 20% | ราคาผู้ชนะ vs อันดับ 2 < 5%","4","0.100000000000000","","","","","0.000000000000000","","","","","","","","จ.ภูเก็ต","ภาค 8","จ.ภูเก็ต","text","province","7.979881270000000","98.353841380000006","1","0","0","0","0","1","0","1","0","0","98.353841382838681","7.979881270962331"
"542","69136000002","ประกวดราคาจ้างก่อสร้างปรับปรุงระบบจำหน่ายไฟฟ้าเป็นเคเบิลใต้ดิน บริเวณถนนกะตะ ตั้งแต่ซอยกะรน 2 ถึงสามแยกถนนโคกโตนด และถนนแยก (ถนนเกศขวัญ, ถนนท้ายนา และซอยกะตะ) อำเภอเมืองภูเก็ต จังหวัดภูเก็ต ด้วยวิธีประกวดราคาอิเล็กทรอนิกส์ (e-bidding)","จ้างก่อสร้าง","เทศบาลตำบลกะรน","ประกวดราคาอิเล็กทรอนิกส์ (e-bidding)","ระหว่างดำเนินการ","","5/2/2026","31/1/2027","บริษัทจำกัด บริษัท ศรีชลธร จำกัด(สัญญากิจการค้าร่วม)","105534000090","3","บริษัทจำกัด บริษัท ศรีชลธร จำกัด(สัญญากิจการค้าร่วม) | บริษัทจำกัด บริษัท แกรนด์ไลน์ อินโนเวชั่น  จำกัด(สัญญากิจการค้าร่วม)","0105534000090 | 0105553002230","2","114375617.000000000000000","237390437.400000005960464","114375000.000000000000000","58811625.000000000000000","48.200000000000003","3","mid","2","R7|R9","ราคากลาง vs งบ > 20% | ราคาผู้ชนะ vs อันดับ 2 < 5%","4","0.100000000000000","","","","","0.000000000000000","","","","","","","","จ.ภูเก็ต","ภาค 8","จ.ภูเก็ต","text","province","7.979881270000000","98.353841380000006","1","0","0","0","0","1","0","1","0","0","98.353841382838681","7.979881270962331"
"543","69136000003","ประกวดราคาจ้างก่อสร้างปรับปรุงระบบจำหน่ายไฟฟ้าเป็นเคเบิลใต้ดินบริเวณถนนไตรรัตน์ ถนนสนามบิน ถนนบรรพปราการ และถนนอุตรกิจ จ.เชียงราย ด้วยวิธีประกวดราคาอิเล็กทรอนิกส์ (e-bidding)","จ้างก่อสร้าง","การไฟฟ้าส่วนภูมิภาค","ประกวดราคาอิเล็กทรอนิกส์ (e-bidding)","ระหว่างดำเนินการ","","11/2/2026","","บริษัทจำกัด บริษัท ศรีชลธร จำกัด(สัญญากิจการค้าร่วม)","105534000090","3","บริษัทจำกัด บริษัท ศรีชลธร จำกัด(สัญญากิจการค้าร่วม) | บริษัทจำกัด บริษัท แกรนด์ไลน์ อินโนเวชั่น  จำกัด(สัญญากิจการค้าร่วม)","0105534000090 | 0105553002230","2","198626626.300000011920929","317635000.000000000000000","197412787.699999988079071","103128440.299999997019768","62.200000000000003","3","mid","2","R7|R9","ราคากลาง vs งบ > 20% | ราคาผู้ชนะ vs อันดับ 2 < 5%","4","0.100000000000000","","","","","0.000000000000000","","","","","","","","จ.เชียงราย","ภาค 5","จ.เชียงราย","text","province","19.879881269999998","99.855108639999997","1","0","0","0","0","1","0","1","0","0","99.855108644385453","19.879881270936668"
"544","69266000007","ประกวดราคาซื้อร่วมยาระดับกรม ประจำปีงบประมาณ พ.ศ. 2569 กลุ่มที่ 3 กลุ่มยารักษาโรคจอประสาทตาเสื่อมและน้ำตาเทียม จำนวน 5 รายการ ด้วยวิธีประกวดราคาอิเล็กทรอนิกส์ (e-bidding)","ซื้อ","โรงพยาบาลเมตตาประชารักษ์(วัดไร่ขิง)","ประกวดราคาอิเล็กทรอนิกส์ (e-bidding)","ระหว่างดำเนินการ","","28/1/2026","30/9/2026","บริษัท ดีเคเอสเอช (ประเทศไทย) จำกัด","105523002118","15","บริษัท ดีเคเอสเอช (ประเทศไทย) จำกัด | บริษัท ฟาร์ม่า อินโนวา จำกัด","0105523002118 | 0105547101744","2","101101524.000000000000000","124259248.000000000000000","101101524.000000000000000","85421524.000000000000000","81.400000000000006","1","low","1","R7","ราคากลาง vs งบ > 20%","2","8.600000000000000","บริษัท ดีเคเอสเอช (ประเทศไทย) จำกัด","บริษัทจำกัด","ยังดำเนินกิจการอยู่","1980","200000000.000000000000000","กรุงเทพมหานคร","เขตพระโขนง","การซื้อและการขายอสังหาริมทรัพย์ที่เป็นของตนเองที่ไม่ใช่ เพื่อเป็นที่พักอาศัย","","0.430000000000000","","1","จ.นครปฐม","ภาค 7","จ.นครปฐม","hq","province","13.838851869999999","100.090100150000012","1","0","0","0","0","1","0","0","0","0","100.090100147792342","13.838851873291988"
"545","67089609320","ประกวดราคาจ้างก่อสร้างอาคารวินิจฉัยและบำบัดรักษา เป็นอาคาร คสล. ๔ ชั้น พื้นที่ใช้สอยประมาณ ๖,๗๗๑ ตารางเมตร โรงพยาบาลหลวงพ่อคูณ ปริสุทฺโธ ตำบลด่านขุนทด อำเภอด่านขุนทด จังหวัดนครราชสีมา ๑ หลัง  ด้วยวิธีประกวดราคาอิเล็กทรอนิกส์ (e-bidding)","จ้าง","สำนักงานปลัดกระทรวงสาธารณสุข","ประกวดราคาอิเล็กทรอนิกส์ (e-bidding)","ระหว่างดำเนินการ","3/9/2024","30/4/2026","18/6/2028","บริษัท เลิศพัฒนาคอนสตรัคชั่น จำกัด","335560000041","1","บริษัท เลิศพัฒนาคอนสตรัคชั่น จำกัด","0335560000041","1","214459300.000000000000000","213028647.000000000000000","191000000.000000000000000","191000000.000000000000000","89.700000000000003","0","low","0","","","","","","","","","","","","","","","","","จ.นครราชสีมา","ภาค 3","","","real","15.190084870000000","101.780814750000005","1","0","0","0","0","0","0","0","0","0","101.780814745557748","15.190084869240172"
"546","68019472412","ประกวดราคาซื้อพร้อมติดตั้งเพื่อปรับปรุงระบบตรวจจับผู้บุกรุก (Perimeter Intrusion Detection System  PIDS) สำหรับท่าอากาศยานดอนเมือง ท่าอากาศยานเชียงใหม่ ท่าอากาศยานแม่ฟ้าหลวง เชียงราย ท่าอากาศยานหาดใหญ่ และท่าอากาศยานภูเก็ต ด้วยวิธีประกวดราคาอิเล็กทรอนิกส์ (e-bidding)","ซื้อ","บริษัท ท่าอากาศยานไทย จำกัด (มหาชน)","ประกวดราคาอิเล็กทรอนิกส์ (e-bidding)","ระหว่างดำเนินการ","3/10/2025","24/4/2026","16/10/2027","บริษัทจำกัด บริษัท ยูไนเต็ด เทเลคอม เซลส์ แอนด์ เซอร์วิสเซส จำกัด(สัญญากิจการค้าร่วม)","105537017627","1","บริษัทจำกัด บริษัท ยูไนเต็ด เทเลคอม เซลส์ แอนด์ เซอร์วิสเซส จำกัด(สัญญากิจการค้าร่วม) | บริษัทจำกัด บริษัท แอพเวิร์คส์  จำกัด(สัญญากิจการค้าร่วม)","0105537017627 | 0105542046729","2","434226330.000000000000000","434225998.300000011920929","433136000.000000000000000","212236640.000000000000000","99.700000000000003","2","low","1","R1","ราคาตกลง ≥ 95% ของราคากลาง","","","","","","","","","","","","","","","กรุงเทพมหานคร","กทม","","","province","13.738831220000000","100.500432750000002","1","1","0","0","0","0","0","0","0","0","100.500432745206268","13.738831221402018"
"547","68029151525","ประกวดราคาจ้างก่อสร้างอาคารสำนักงานและที่พักอาศัย กรมสรรพากร ด้วยวิธีประกวดราคาอิเล็กทรอนิกส์ (e-bidding)","จ้าง","บริษัท ธนารักษ์พัฒนาสินทรัพย์ จำกัด","ประกวดราคาอิเล็กทรอนิกส์ (e-bidding)","ระหว่างดำเนินการ","17/2/2025","27/4/2026","5/5/2028","บริษัท ซินเท็ค คอนสตรัคชั่น จำกัด (มหาชน)","107535000184","1","บริษัท ซินเท็ค คอนสตรัคชั่น จำกัด (มหาชน)","0107535000184","1","664000000.000000000000000","663000000.000000000000000","617500000.000000000000000","617500000.000000000000000","93.099999999999994","0","low","0","","","","","","","","","","","","","","","","","กรุงเทพมหานคร","กทม","","","real","13.742456900000001","100.556370019999989","1","0","0","0","0","0","0","0","0","0","100.556370024973077","13.742456903990828"
"548","68049077192","ประกวดราคาจ้างก่อสร้างปรับปรุงและเพิ่มประสิทธิภาพสถานีตรวจสอบน้ำหนักหนองเรือ (ขาเข้าและขาออก) จ.ขอนแก่น 1 แห่ง ด้วยวิธีประกวดราคาอิเล็กทรอนิกส์ (e-bidding)","จ้าง","กรมทางหลวง","ประกวดราคาอิเล็กทรอนิกส์ (e-bidding)","ระหว่างดำเนินการ","8/5/2025","27/4/2026","16/4/2028","กิจการร่วมค้า บีพีซีที","993000453450","1","กิจการร่วมค้า บีพีซีที","0993000453450","1","330000000.000000000000000","329999661.649999976158142","329866400.000000000000000","329866400.000000000000000","100.000000000000000","2","low","1","R1","ราคาตกลง ≥ 95% ของราคากลาง","","","","","","","","","","","","","","","กรุงเทพมหานคร","กทม","","","real","16.507500539999999","102.382772230000000","1","1","0","0","0","0","0","0","0","0","102.382772225981739","16.507500544341493"
"549","68049277788","ประกวดราคาจ้างก่อสร้างโครงการเปลี่ยนระบบสายไฟฟ้าอากาศเป็นสายไฟฟ้าใต้ดิน โครงการตามแนวรถไฟฟ้าสายสีส้ม ถนนรามคำแหง ช่วงแยกลำสาลี ถึง ถนนสุวินทวงศ์ ด้วยวิธีประกวดราคาอิเล็กทรอนิกส์ (e-bidding)","จ้าง","การไฟฟ้านครหลวง","ประกวดราคาอิเล็กทรอนิกส์ (e-bidding)","ระหว่างดำเนินการ","15/9/2025","29/4/2026","","กิจการร่วมค้า จีบีที","993000532988","1","กิจการร่วมค้า จีบีที","0993000532988","1","4083120000.000000000000000","3872008000.000000000000000","3870550927.000000000000000","3870550927.000000000000000","100.000000000000000","2","low","1","R1","ราคาตกลง ≥ 95% ของราคากลาง","","","","","","","","","","","","","","","กรุงเทพมหานคร","กทม","","","real","13.786392890000000","100.690695920000010","1","1","0","0","0","0","0","0","0","0","100.690695923281112","13.786392895223095"
"550","68059488462","ประกวดราคาซื้อพร้อมติดตั้งเครืี่อง Explosive Trace Detector (ETD) พร้อมอุปกรณ์ประกอบ ของบริษัท ท่าอากาศยานไทย จำกัด (มหาชน) ด้วยวิธีประกวดราคาอิเล็กทรอนิกส์ (e-bidding)","ซื้อ","บริษัท ท่าอากาศยานไทย จำกัด (มหาชน)","ประกวดราคาอิเล็กทรอนิกส์ (e-bidding)","ระหว่างดำเนินการ","7/1/2026","28/4/2026","22/7/2027","บริษัท แอโร่ คอร์ปอเรชั่น จำกัด","105561031081","1","บริษัท แอโร่ คอร์ปอเรชั่น จำกัด","0105561031081","1","269608173.920000016689301","269608173.920000016689301","264290000.000000000000000","264290000.000000000000000","98.000000000000000","2","low","1","R1","ราคาตกลง ≥ 95% ของราคากลาง","","","","","","","","","","","","","","","กรุงเทพมหานคร","กทม","","","province","13.741214429999999","100.556343199999986","1","1","0","0","0","0","0","0","0","0","100.556343203973640","13.741214431531287"
"551","68069362690","ประกวดราคาซื้อ รถบรรทุก 6 ตัน (ใช้งานคลังพัสดุ) เลขที่ กจพ1-ย-004-2568 ด้วยวิธีประกวดราคาอิเล็กทรอนิกส์ (e-bidding)","ซื้อ","การไฟฟ้าส่วนภูมิภาค","ประกวดราคาอิเล็กทรอนิกส์ (e-bidding)","ระหว่างดำเนินการ","3/12/2025","10/4/2026","7/10/2026","บริษัท แสงฟ้าบอดี้แอนด์เพ้นท์ จำกัด","125540004964","1","บริษัท แสงฟ้าบอดี้แอนด์เพ้นท์ จำกัด","0125540004964","1","203193000.000000000000000","197100000.000000000000000","171365850.000000000000000","171365850.000000000000000","86.900000000000006","0","low","0","","","","","","","","","","","","","","","","","กรุงเทพมหานคร","กทม","","","province","13.735181239999999","100.483192969999990","1","0","0","0","0","0","0","0","0","0","100.483192971772837","13.735181243769288"
"552","68069483293","จ้างโครงการเพิ่มประสิทธิภาพการบริหารจัดการขยะมูลฝอย ศูนย์อำเภอแกลง โดยวิธีคัดเลือก","จ้าง","องค์การบริหารส่วนจังหวัดระยอง","คัดเลือก","ระหว่างดำเนินการ","","2/4/2026","28/9/2028","บริษัท ระยองพัฒนาอุตสาหกรรม จำกัด","215545001369","1","บริษัท ระยองพัฒนาอุตสาหกรรม จำกัด","0215545001369","1","141000000.000000000000000","136900178.250000000000000","136800000.000000000000000","136800000.000000000000000","99.900000000000006","2","low","1","R1","ราคาตกลง ≥ 95% ของราคากลาง","","","","","","","","","","","","","","","จ.ระยอง","ภาค 2","","","real","12.754475000000001","101.581979690000011","1","1","0","0","0","0","0","0","0","0","101.581979692124904","12.754474999050037"
"553","68079125744","ประกวดราคาจ้าง ล้างคราบยางล้ออากาศยานตกค้างบนผิวทางวิ่ง (Runway) ณ ท่าอากาศยานสุวรรณภูมิ แบบราคาคงที่ไม่จำกัดปริมาณ ด้วยวิธีประกวดราคาอิเล็กทรอนิกส์ (e-bidding)","จ้าง","บริษัท ท่าอากาศยานไทย จำกัด (มหาชน)","ประกวดราคาอิเล็กทรอนิกส์ (e-bidding)","ระหว่างดำเนินการ","16/9/2025","9/4/2026","31/8/2031","บริษัทจำกัด บริษัท คลีโนลซอล ทราฟฟิค (ประเทศไทย) จำกัด(สัญญากิจการค้าร่วม)","105540058991","1","บริษัทจำกัด บริษัท คลีโนลซอล ทราฟฟิค (ประเทศไทย) จำกัด(สัญญากิจการค้าร่วม) | บริษัทจำกัด บริษัท พงศกรกลการ จำกัด(สัญญากิจการค้าร่วม)","0105540058991 | 0105553030047","2","423720000.000000000000000","423720000.000000000000000","417128800.000000000000000","212735688.000000000000000","98.400000000000006","2","low","1","R1","ราคาตกลง ≥ 95% ของราคากลาง","","","","","","","","","","","","","","","จ.สมุทรปราการ","ภาค 1","","","province","13.635578280000001","100.599846569999997","1","1","0","0","0","0","0","0","0","0","100.599846572211220","13.635578278631755"
"554","68089082421","ประกวดราคาจ้างก่อสร้างโครงการก่อสร้างอาคารศูนย์บัญชาการและปรับปรุงพื้นที่เพื่องานบริหารงานจัดเก็บเงินค่าธรรมเนียมผ่านทางและงานบริหารจัดการจราจร บริเวณทางแยกต่างระดับลาดกระบัง ด้วยวิธีประกวดราคาอิเล็กทรอนิกส์ (e-bidding)","จ้าง","กรมทางหลวง","ประกวดราคาอิเล็กทรอนิกส์ (e-bidding)","ระหว่างดำเนินการ","15/8/2025","1/4/2026","","บริษัท สี่แสงการโยธา(1979) จำกัด","105522016581","2","บริษัท สี่แสงการโยธา(1979) จำกัด","0105522016581","1","450000000.000000000000000","396342243.560000002384186","388962222.500000000000000","388962222.500000000000000","98.099999999999994","2","low","1","R1","ราคาตกลง ≥ 95% ของราคากลาง","","","","","","","","","","","","","","","กรุงเทพมหานคร","กทม","","","real","13.735191199999999","100.821696119999999","1","1","0","0","0","0","0","0","0","0","100.821696117371815","13.735191195203059"
"555","68089408985","ประกวดราคาซื้อเครื่องฉายรังสีพลังงานสูง (LINAC) สามารถใช้โปรแกรมการทำงานแบบปรับความเข้ม (IMRT VMAT) จำนวน 1 เครื่อง ด้วยวิธีประกวดราคาอิเล็กทรอนิกส์ (e-bidding)","ซื้อ","โรงพยาบาลนครพิงค์","ประกวดราคาอิเล็กทรอนิกส์ (e-bidding)","ระหว่างดำเนินการ","4/2/2026","30/4/2026","24/2/2027","บริษัท เอเบ็กซ์ โกลบอล เฮลธ์แคร์ (ไทยแลนด์) จำกัด","105562210125","2","บริษัท เอเบ็กซ์ โกลบอล เฮลธ์แคร์ (ไทยแลนด์) จำกัด","0105562210125","1","150000000.000000000000000","150000000.000000000000000","149900000.000000000000000","149900000.000000000000000","99.900000000000006","2","low","1","R1","ราคาตกลง ≥ 95% ของราคากลาง","","","","","","","","","","","","","","","จ.เชียงใหม่","ภาค 5","","","province","18.735930900000000","98.988701030000001","1","1","0","0","0","0","0","0","0","0","98.988701026881088","18.735930899750059"
"556","68089613079","ประกวดราคาจ้างก่อสร้างศูนย์แสดงพันธุ์สัตว์น้ำพะเยา ตำบลเวียง อำเภอเมืองพะเยา จังหวัดพะเยา 1 แห่ง ด้วยวิธีประกวดราคาอิเล็กทรอนิกส์ (e-bidding)","จ้าง","กรมประมง","ประกวดราคาอิเล็กทรอนิกส์ (e-bidding)","ระหว่างดำเนินการ","11/9/2025","8/4/2026","17/2/2028","อควาพลัส","993000528042","1","อควาพลัส","0993000528042","1","208837000.000000000000000","214663115.379999995231628","208837000.000000000000000","208837000.000000000000000","97.299999999999997","2","low","1","R1","ราคาตกลง ≥ 95% ของราคากลาง","","","","","","","","","","","","","","","กรุงเทพมหานคร","กทม","","","real","19.160858139999998","99.905439439999995","1","1","0","0","0","0","0","0","0","0","99.905439443242628","19.160858140903915"
"557","68089643118","ประกวดราคาซื้อSmart Meter with 4G eSIM สำหรับการไฟฟ้านครหลวง เขตคลองเตย จำนวน 136,000 ชุด ตามรหัสจัดหาเลขที่ MP8-8973-BGZ ด้วยวิธีประกวดราคาอิเล็กทรอนิกส์ (e-bidding)","ซื้อ","การไฟฟ้านครหลวง","ประกวดราคาอิเล็กทรอนิกส์ (e-bidding)","ระหว่างดำเนินการ","19/1/2026","10/4/2026","5/1/2027","กิจการร่วมค้าฟอร์ทและอินเตอร์ลิ้งค์ เพาเวอร์","993000536142","1","กิจการร่วมค้าฟอร์ทและอินเตอร์ลิ้งค์ เพาเวอร์","0993000536142","1","933896000.000000000000000","933411418.399999976158142","927886880.000000000000000","927886880.000000000000000","99.400000000000006","2","low","1","R1","ราคาตกลง ≥ 95% ของราคากลาง","","","","","","","","","","","","","","","กรุงเทพมหานคร","กทม","","","province","13.705444570000001","100.514616110000006","1","1","0","0","0","0","0","0","0","0","100.514616114073206","13.705444574701003"
"558","68099282854","ประกวดราคาจ้างก่อสร้างโครงการพัฒนาพื้นที่ชุมชนบ้านหนองตากยา ตำบลหนองตากยา อำเภอท่าม่วง จังหวัดกาญจนบุรี ด้วยวิธีประกวดราคาอิเล็กทรอนิกส์ (e-bidding)","จ้าง","กรมโยธาธิการและผังเมือง","ประกวดราคาอิเล็กทรอนิกส์ (e-bidding)","ระหว่างดำเนินการ","19/9/2025","23/4/2026","26/4/2028","บริษัท จตุรมาศ จำกัด","105503001761","1","บริษัท จตุรมาศ จำกัด","0105503001761","1","120000000.000000000000000","119960000.000000000000000","119000000.000000000000000","119000000.000000000000000","99.200000000000003","2","low","1","R1","ราคาตกลง ≥ 95% ของราคากลาง","","","","","","","","","","","","","","","กรุงเทพมหานคร","กทม","","","real","13.798742640000000","99.560974680000001","1","1","0","0","0","0","0","0","0","0","99.560974675871321","13.798742639076773"
"559","68099341303","ประกวดราคาจ้างก่อสร้างโครงการพัฒนาพื้นที่และปรับปรุงภูมิทัศน์บริเวณเขาตังกวนและเขาน้อย อำเภอเมืองสงขลา จังหวัดสงขลา ด้วยวิธีประกวดราคาอิเล็กทรอนิกส์ (e-bidding)","จ้าง","กรมโยธาธิการและผังเมือง","ประกวดราคาอิเล็กทรอนิกส์ (e-bidding)","ระหว่างดำเนินการ","23/9/2025","3/4/2026","7/6/2028","บริษัท ตากใบการโยธา จำกัด","965557000285","1","บริษัท ตากใบการโยธา จำกัด","0965557000285","1","120000000.000000000000000","119870000.000000000000000","118911000.000000000000000","118911000.000000000000000","99.200000000000003","2","low","1","R1","ราคาตกลง ≥ 95% ของราคากลาง","","","","","","","","","","","","","","","กรุงเทพมหานคร","กทม","","","real","7.196502600000001","100.598178210000000","1","1","0","0","0","0","0","0","0","0","100.598178213879024","7.196502600788492"
"560","68099348281","จ้างสร้างเรือน้ำมัน สำหรับโครงการจัดหาเรือน้ำมัน โดยวิธีคัดเลือก","จ้าง","กองทัพเรือ","คัดเลือก","ระหว่างดำเนินการ","","28/4/2026","28/1/2028","บริษัท ไทยอินเตอร์เนชั่นแนล ด๊อคยาร์ด จำกัด","105534072520","1","บริษัท ไทยอินเตอร์เนชั่นแนล ด๊อคยาร์ด จำกัด","0105534072520","1","435000000.000000000000000","434912886.939999997615814","434634000.000000000000000","434634000.000000000000000","99.900000000000006","2","low","1","R1","ราคาตกลง ≥ 95% ของราคากลาง","","","","","","","","","","","","","","","กรุงเทพมหานคร","กทม","","","province","13.758016260000000","100.514346800000013","1","1","0","0","0","0","0","0","0","0","100.514346801845974","13.758016255568295"
"561","68099399658","ประกวดราคาซื้อรถจักรยานยนต์งานธุรการ พร้อมอุปกรณ์ (ทดแทน) จำนวน 4,681 คัน ด้วยวิธีประกวดราคาอิเล็กทรอนิกส์ (e-bidding)","ซื้อ","สำนักงานตำรวจแห่งชาติ","ประกวดราคาอิเล็กทรอนิกส์ (e-bidding)","ระหว่างดำเนินการ","10/2/2026","22/4/2026","3/11/2027","บริษัท เวิลด์สปีด เซลส์ แอนด์ เซอร์วิส จำกัด","105542083365","1","บริษัท เวิลด์สปีด เซลส์ แอนด์ เซอร์วิส จำกัด","0105542083365","1","284464400.000000000000000","284464370.000000000000000","256944771.000000000000000","256944771.000000000000000","90.299999999999997","0","low","0","","","","","","","","","","","","","","","","","กรุงเทพมหานคร","กทม","","","province","13.758241180000001","100.514272599999998","1","0","0","0","0","0","0","0","0","0","100.514272603698458","13.758241184455098"
"562","68099539552","ประกวดราคาซื้ออุปกรณ์สถานีไฟฟ้าพร้อมติดตั้ง และก่อสร้างอาคารพร้อมบ่อพักและท่อร้อยสายสถานีย่อยนวมินทร์ ตามรหัสจัดหาเลขที่ MP8-8900-ABX ด้วยวิธีประกวดราคาอิเล็กทรอนิกส์ (e-bidding)","ซื้อ","การไฟฟ้านครหลวง","ประกวดราคาอิเล็กทรอนิกส์ (e-bidding)","ระหว่างดำเนินการ","15/1/2026","16/4/2026","5/5/2028","นาริ กรุ๊ป คอร์ปอเรชั่น","100551000189","1","นาริ กรุ๊ป คอร์ปอเรชั่น","0100551000189","1","681673460.000000000000000","625285700.000000000000000","569026000.000000000000000","569026000.000000000000000","91.000000000000000","0","low","0","","","","","","","","","","","","","","","","","กรุงเทพมหานคร","กทม","","","province","13.760957010000000","100.513569300000000","1","0","0","0","0","0","0","0","0","0","100.513569298289468","13.760957011849998"
"563","68099608088","ประกวดราคาจ้างทำสายเคเบิลอากาศ อลูมิเนียม 22 เควี 1x50 ตร.มม. จำนวน 1,995 กม. และ 1x185 ตร.มม. จำนวน 2,680 กม. เลขที่ กจพ2-สฟ-029-2568 ด้วยวิธีประกวดราคาอิเล็กทรอนิกส์ (e-bidding)","จ้าง","การไฟฟ้าส่วนภูมิภาค","ประกวดราคาอิเล็กทรอนิกส์ (e-bidding)","ระหว่างดำเนินการ","15/1/2026","24/4/2026","23/7/2026","บริษัท สายไฟฟ้าไทย-ยาซากิ จำกัด","105505001539","1","บริษัท สายไฟฟ้าไทย-ยาซากิ จำกัด | บริษัท จรุงไทยไวร์แอนด์เคเบิ้ล จำกัด (มหาชน)","0105505001539 | 0107537000599","2","376789425.500000000000000","396176648.500000000000000","392806630.000000000000000","121675050.000000000000000","99.099999999999994","2","low","1","R1","ราคาตกลง ≥ 95% ของราคากลาง","","","","","","","","","","","","","","","กรุงเทพมหานคร","กทม","","","province","13.762196770000001","100.513457250000002","1","1","0","0","0","0","0","0","0","0","100.513457253220693","13.762196770687218"
"564","68099608874","ประกวดราคาจ้างทำสายอลูมิเนียมหุ้มฉนวนพีวีซี ขนาด 50 ตร.มม. จำนวน 10,150 กม. และ ขนาด 95 ตร.มม. จำนวน 1,600 กม. เลขที่ กจพ2-สฟ-031-2568 ด้วยวิธีประกวดราคาอิเล็กทรอนิกส์ (e-bidding)","จ้าง","การไฟฟ้าส่วนภูมิภาค","ประกวดราคาอิเล็กทรอนิกส์ (e-bidding)","ระหว่างดำเนินการ","15/1/2026","16/4/2026","12/11/2026","บริษัท สายไฟฟ้าบางกอกเคเบิ้ล จำกัด","105517002853","1","บริษัท สายไฟฟ้าบางกอกเคเบิ้ล จำกัด | บริษัท จรุงไทยไวร์แอนด์เคเบิ้ล จำกัด (มหาชน)","0105517002853 | 0107537000599","2","129528903.500000000000000","129528903.500000000000000","129528903.500000000000000","95648423.500000000000000","100.000000000000000","2","low","1","R1","ราคาตกลง ≥ 95% ของราคากลาง","","","","","","","","","","","","","","","กรุงเทพมหานคร","กทม","","","province","13.762197010000000","100.513457299999999","1","1","0","0","0","0","0","0","0","0","100.513457305322987","13.762197008014267"
"565","68109288942","ประกวดราคาจ้างก่อสร้างก่อสร้างอาคารคลังฯ สำนักงาน หอพักนักศึกษาและสำนักงานแพทยศาสตร์ศึกษา 13 ชั้น พื้นที่ใช้สอย 12,500 ตารางเมตร โรงพยาบาลบ้านแพ้ว (องค์การมหาชน)  อำเภอบ้านแพ้ว จังหวัดสมุทรสาคร 1 หลัง ด้วยวิธีประกวดราคาอิเล็กทรอนิกส์ (e-bidding)","จ้าง","โรงพยาบาลบ้านแพ้ว (องค์การมหาชน)","ประกวดราคาอิเล็กทรอนิกส์ (e-bidding)","ระหว่างดำเนินการ","13/11/2025","1/4/2026","16/11/2028","บริษัท สุทัศน์วิศวการ (1994) จำกัด","105537141093","1","บริษัท สุทัศน์วิศวการ (1994) จำกัด","0105537141093","1","400000000.000000000000000","411198538.170000016689301","365800000.000000000000000","365800000.000000000000000","89.000000000000000","0","low","0","","","","","","","","","","","","","","","","","จ.สมุทรสาคร","ภาค 7","","","real","13.621304669999999","100.102534779999999","1","0","0","0","0","0","0","0","0","0","100.102534779770423","13.621304672249195"
"566","68109313558","ประกวดราคาจ้างก่อสร้างงานปรับปรุงเพิ่มประสิทธิภาพระบบท่อจ่ายน้ำ การประปาส่วนภูมิภาคสาขารังสิต (ชั้นพิเศษ) ตำบลประชาธิปัตย์ อำเภอธัญบุรี จังหวัดปทุมธานี ด้วยวิธีประกวดราคาอิเล็กทรอนิกส์ (e-bidding)","จ้าง","การประปาส่วนภูมิภาค","ประกวดราคาอิเล็กทรอนิกส์ (e-bidding)","ระหว่างดำเนินการ","12/12/2025","30/4/2026","30/3/2028","เอสอาร์เค 65","993000531426","1","เอสอาร์เค 65","0993000531426","1","140170000.000000000000000","139683254.669999986886978","139650000.000000000000000","139650000.000000000000000","100.000000000000000","2","low","1","R1","ราคาตกลง ≥ 95% ของราคากลาง","","","","","","","","","","","","","","","จ.สระบุรี","ภาค 1","","","real","13.988137399999999","100.633069939999999","1","1","0","0","0","0","0","0","0","0","100.633069944629156","13.988137404293798"
"567","68109496842","ประกวดราคาเช่าเครื่องย้อมสไลด์ชิ้นเนื้ออัตโนมัติ พร้อมน้ำยา Detection system ประจำปีงบประมาณ พ.ศ. 2569 ถึงปีงบประมาณ พ.ศ. 2571 จำนวน 1 รายการ ด้วยวิธีประกวดราคาอิเล็กทรอนิกส์ (e-bidding)","เช่า","กรมการแพทย์","ประกวดราคาอิเล็กทรอนิกส์ (e-bidding)","ระหว่างดำเนินการ","24/12/2025","23/4/2026","30/9/2028","บริษัท ไอเมด ลาบอราทอรี่ จำกัด","105544090661","1","บริษัท ไอเมด ลาบอราทอรี่ จำกัด","0105544090661","1","110160000.000000000000000","110160000.000000000000000","108864000.000000000000000","108864000.000000000000000","98.799999999999997","2","low","1","R1","ราคาตกลง ≥ 95% ของราคากลาง","","","","","","","","","","","","","","","กรุงเทพมหานคร","กทม","","","province","13.773363310000001","100.481724600000007","1","1","0","0","0","0","0","0","0","0","100.481724597287538","13.773363311151487"
"568","68119030462","ประกวดราคาจ้างก่อสร้างสะพานเพื่อเชื่อมโยงโครงข่ายทางหลวงพิเศษหมายเลข 81 บริเวณด่านบางใหญ่ ด้วยวิธีประกวดราคาอิเล็กทรอนิกส์ (e-bidding)","จ้าง","กรมทางหลวง","ประกวดราคาอิเล็กทรอนิกส์ (e-bidding)","ระหว่างดำเนินการ","21/11/2025","10/4/2026","","บริษัท เอกชัยอุบล(2523) จำกัด","345523000067","1","บริษัท เอกชัยอุบล(2523) จำกัด","0345523000067","1","320000000.000000000000000","302697297.089999973773956","302388800.000000000000000","302388800.000000000000000","99.900000000000006","2","low","1","R1","ราคาตกลง ≥ 95% ของราคากลาง","","","","","","","","","","","","","","","กรุงเทพมหานคร","กทม","","","real","13.867267760000001","100.387680530000011","1","1","0","0","0","0","0","0","0","0","100.387680530741790","13.867267762936951"
"569","68119067843","ประกวดราคาจ้างก่อสร้างทางแยกต่างระดับจุดตัดทางหลวงหมายเลข 37 ตัดทางหลวงชนบทหมายเลข ปข.2030 (แยกหนองไผ่) จ.ประจวบคีรีขันธ์ 1 แห่ง ด้วยวิธีประกวดราคาอิเล็กทรอนิกส์ (e-bidding)","จ้าง","กรมทางหลวง","ประกวดราคาอิเล็กทรอนิกส์ (e-bidding)","ระหว่างดำเนินการ","18/11/2025","7/4/2026","","บริษัท สามเพชร จำกัด","625565000569","2","บริษัท สามเพชร จำกัด","0625565000569","1","300000000.000000000000000","299985601.160000085830688","299660000.000000000000000","299660000.000000000000000","99.900000000000006","2","low","1","R1","ราคาตกลง ≥ 95% ของราคากลาง","","","","","","","","","","","","","","","กรุงเทพมหานคร","กทม","","","real","12.485018049999999","99.891396760000006","1","1","0","0","0","0","0","0","0","0","99.891396761328991","12.485018052164143"
"570","68119068834","ประกวดราคาซื้อรถจักรยานยนต์งานจราจร พร้อมอุปกรณ์ (ทดแทน) จำนวน 7,865 คัน ด้วยวิธีประกวดราคาอิเล็กทรอนิกส์ (e-bidding)","ซื้อ","สำนักงานตำรวจแห่งชาติ","ประกวดราคาอิเล็กทรอนิกส์ (e-bidding)","ระหว่างดำเนินการ","26/2/2026","29/4/2026","10/11/2027","บริษัท ฟ้าใหม่มอเตอร์ จำกัด","135548009531","1","บริษัท ฟ้าใหม่มอเตอร์ จำกัด","0135548009531","1","885599000.000000000000000","886909833.330000042915344","884026000.000000000000000","884026000.000000000000000","99.700000000000003","2","low","1","R1","ราคาตกลง ≥ 95% ของราคากลาง","","","","","","","","","","","","","","","กรุงเทพมหานคร","กทม","","","province","13.759000110000001","100.565140290000002","1","1","0","0","0","0","0","0","0","0","100.565140293261592","13.759000113023566"
"571","68119131678","ซื้อเครื่องฉายรังสีพลังงานสูง (LINAC) สามารถใช้โปรแกรมการทำงานแบบปรับความเข้ม (IMRT  VMAT) โรงพยาบาลยะลา ตำบลสะเตง อำเภอเมืองยะลา จังหวัดยะลา จำนวน ๑ เครื่อง โดยวิธีคัดเลือก","ซื้อ","โรงพยาบาลยะลา","คัดเลือก","ระหว่างดำเนินการ","","29/4/2026","4/5/2027","บริษัท เอเบ็กซ์ โกลบอล เฮลธ์แคร์ (ไทยแลนด์) จำกัด","105562210125","2","บริษัท เอเบ็กซ์ โกลบอล เฮลธ์แคร์ (ไทยแลนด์) จำกัด","0105562210125","1","150000000.000000000000000","0.000000000000000","142800000.000000000000000","142800000.000000000000000","","2","low","1","R6","ไม่มีราคากลาง","","","","","","","","","","","","","","","จ.ยะลา","ภาค 9","","","province","6.540344830000000","101.282085319999993","1","0","0","0","1","0","0","0","0","0","101.282085317275531","6.540344825432092"
"572","68119144670","ประกวดราคาจ้างก่อสร้างงานก่อสร้างอาคารศูนย์ฝึกการบินหัวหินและสิ่งก่อสร้างประกอบพร้อมครุภัณฑ์ สถาบันการบินพลเรือน (ระยะที่ 2) ตำบลหัวหิน อำเภอหัวหิน จังหวัดประจวบคีรีขันธ์ จำนวน 1 แห่ง ด้วยวิธีประกวดราคาอิเล็กทรอนิกส์ (e-bidding)","จ้าง","สถาบันการบินพลเรือน","ประกวดราคาอิเล็กทรอนิกส์ (e-bidding)","ระหว่างดำเนินการ","14/11/2025","1/4/2026","25/7/2027","กิจการร่วมค้า บุญรัตน์พัฒนา แอสเซท","993000531957","1","กิจการร่วมค้า บุญรัตน์พัฒนา แอสเซท","0993000531957","1","125841600.000000000000000","125841600.000000000000000","125600000.000000000000000","125600000.000000000000000","99.799999999999997","2","low","1","R1","ราคาตกลง ≥ 95% ของราคากลาง","","","","","","","","","","","","","","","กรุงเทพมหานคร","กทม","","","real","12.591844389999999","99.943124580000003","1","1","0","0","0","0","0","0","0","0","99.943124581488462","12.591844386622279"
"573","68119261315","ประกวดราคาจ้างโครงการจ้างต่อเรือสำรวจทรัพยากรทางทะเลและชายฝั่งขนาดความยาวไม่น้อยกว่า 75 ฟุต ตำบลพะวง อำเภอเมืองสงขลา จังหวัดสงขลา 1 ลำ ด้วยวิธีประกวดราคาอิเล็กทรอนิกส์ (e-bidding)","จ้าง","กรมทรัพยากรทางทะเลและชายฝั่ง","ประกวดราคาอิเล็กทรอนิกส์ (e-bidding)","ระหว่างดำเนินการ","28/1/2026","17/4/2026","11/7/2027","บริษัท ซี เครสท์ มารีน จำกัด","115536005072","1","บริษัท ซี เครสท์ มารีน จำกัด","0115536005072","1","110000000.000000000000000","110000000.000000000000000","109870000.000000000000000","109870000.000000000000000","99.900000000000006","2","low","1","R1","ราคาตกลง ≥ 95% ของราคากลาง","","","","","","","","","","","","","","","กรุงเทพมหานคร","กทม","","","province","13.750749200000000","100.526450959999991","1","1","0","0","0","0","0","0","0","0","100.526450956207441","13.750749199683614"
"574","68119308884","ประกวดราคาจ้างก่อสร้างโครงการก่อสร้างถนนสาย พท.๒๐๑๓ แยก ทล.๔๑ - บ.ใหม่ อ.ควนขนุน จ.พัทลุง ระยะทาง ๑๒.๑๕๐ กิโลเมตร ด้วยวิธีประกวดราคาอิเล็กทรอนิกส์ (e-bidding)","จ้าง","กรมทางหลวงชนบท","ประกวดราคาอิเล็กทรอนิกส์ (e-bidding)","ระหว่างดำเนินการ","3/12/2025","21/4/2026","10/4/2028","ห้างหุ้นส่วนจำกัด เพชรรุ่งโรจน์ก่อสร้าง","933543000545","1","ห้างหุ้นส่วนจำกัด เพชรรุ่งโรจน์ก่อสร้าง","0933543000545","1","150000000.000000000000000","151808604.889999985694885","148103400.000000000000000","148103400.000000000000000","97.599999999999994","2","low","1","R1","ราคาตกลง ≥ 95% ของราคากลาง","","","","","","","","","","","","","","","จ.กระบี่","ภาค 8","","","real","7.680872740000000","100.027373869999991","1","1","0","0","0","0","0","0","0","0","100.027373874520350","7.680872735552320"
"575","68119334444","ประกวดราคาซื้อ INSTRUMENT TRANSFORMERS จำนวน 14 รายการ เลขที่ กจพ1-พร-021-2569 ด้วยวิธีประกวดราคาอิเล็กทรอนิกส์ (e-bidding)","ซื้อ","การไฟฟ้าส่วนภูมิภาค","ประกวดราคาอิเล็กทรอนิกส์ (e-bidding)","ระหว่างดำเนินการ","30/12/2025","28/4/2026","23/4/2027","บริษัท ไทยพัฒนกิจหม้อแปลงไฟฟ้า จำกัด","115532004098","1","บริษัท ไทยพัฒนกิจหม้อแปลงไฟฟ้า จำกัด | บริษัท พรีไซซ สมาร์ท กริด โปรดักส์ แอนด์ เซอร์วิส จำกัด | บริษัท เอเซียทราโฟ จำกัด | บริษัท เดอะ พนา เอ็นเตอร์ไพรส์ จำกัด | บริษัท เอ็นที อินเวนชั่น จำกัด | บริษัท เจริญชัยเอ็มแอนด์อี จำกัด | บริษัท วิสต้า ทราโฟ จำกัด | บริษัท พี เวนเจอร์ จำกัด","0115532004098 | 0105563160156 | 0115536007130 | 0105564164643 | 0735565008348 | 0105546065485 | 0105548149163 | 0735564006317","8","283857304.000000000000000","286623927.029999971389771","279528799.829999983310699","142442421.060000002384186","97.500000000000000","2","low","1","R1","ราคาตกลง ≥ 95% ของราคากลาง","","","","","","","","","","","","","","","กรุงเทพมหานคร","กทม","","","province","13.750677280000000","100.528585260000000","1","1","0","0","0","0","0","0","0","0","100.528585257202764","13.750677277330222"
"576","68119353296","จ้างที่ปรึกษาจ้างบริษัทที่ปรึกษาบริหารงาน โครงการรายจ่ายลงทุนเพื่อใช้จ่ายเงินกู้เพื่อพัฒนาเศรษฐกิจและสังคม (โครงการพัฒนาระบบบริการสาธารณสุข สำนักงานปลัดกระทรวงสาธารณสุข กระทรวงสาธารณสุข) จำนวน ๑ งาน โดยวิธีคัดเลือก","จ้าง","สำนักงานปลัดกระทรวงสาธารณสุข","จ้างที่ปรึกษาโดยวิธีคัดเลือก","ระหว่างดำเนินการ","","27/4/2026","30/4/2031","บริษัท เทสโก้ จำกัด","105520001153","1","บริษัท เทสโก้ จำกัด","0105520001153","1","127332800.000000000000000","133620089.189999997615814","133000000.000000000000000","133000000.000000000000000","99.500000000000000","2","low","1","R1","ราคาตกลง ≥ 95% ของราคากลาง","","","","","","","","","","","","","","","จ.นนทบุรี","ภาค 1","","","province","13.860663239999999","100.518697590000002","1","1","0","0","0","0","0","0","0","0","100.518697592498597","13.860663245200719"
"577","68119468808","ประกวดราคาจ้างก่อสร้างโครงการก่อสร้างสะพานเลียบชายฝั่งทะเล ช่วงที่ 6 ตามแผนผังเขตพัฒนาพิเศษภาคตะวันออก อำเภอเมืองชลบุรี จังหวัดชลบุรี ระยะที่ 2 ด้วยวิธีประกวดราคาอิเล็กทรอนิกส์ (e-bidding)","จ้าง","กรมโยธาธิการและผังเมือง","ประกวดราคาอิเล็กทรอนิกส์ (e-bidding)","ระหว่างดำเนินการ","19/12/2025","3/4/2026","8/4/2028","บริษัท บางแสนมหานคร จำกัด","205555008145","1","บริษัท บางแสนมหานคร จำกัด","0205555008145","1","150000000.000000000000000","149340000.000000000000000","148145000.000000000000000","148145000.000000000000000","99.200000000000003","2","low","1","R1","ราคาตกลง ≥ 95% ของราคากลาง","","","","","","","","","","","","","","","กรุงเทพมหานคร","กทม","","","real","13.405932950000000","101.004881699999999","1","1","0","0","0","0","0","0","0","0","101.004881702885058","13.405932946571724"
"578","68119524096","ประกวดราคาซื้อรถขุดเจาะ 4 x 2 จำนวน 36 คัน เลขที่ กจพ2-รซ-002-2566 ด้วยวิธีประกวดราคาอิเล็กทรอนิกส์ (e-bidding)","ซื้อ","การไฟฟ้าส่วนภูมิภาค","ประกวดราคาอิเล็กทรอนิกส์ (e-bidding)","ระหว่างดำเนินการ","28/1/2026","24/4/2026","18/6/2027","บริษัท แอดวานซ์ บิสซิเนส โซลูชั่น แอนด์ เซอร์วิสเซส จำกัด","105542002951","1","บริษัท แอดวานซ์ บิสซิเนส โซลูชั่น แอนด์ เซอร์วิสเซส จำกัด","0105542002951","1","230811840.000000000000000","233046000.000000000000000","230807988.000000000000000","230807988.000000000000000","99.000000000000000","2","low","1","R1","ราคาตกลง ≥ 95% ของราคากลาง","","","","","","","","","","","","","","","กรุงเทพมหานคร","กทม","","","province","13.749984110000000","100.531945479999990","1","1","0","0","0","0","0","0","0","0","100.531945479184884","13.749984105822115"
"579","68119531769","ประกวดราคาซื้อรถขุดเจาะ 4 x 2 จำนวน 30 คัน เลขที่ กจพ2-รซ-011-2565 ด้วยวิธีประกวดราคาอิเล็กทรอนิกส์ (e-bidding)","ซื้อ","การไฟฟ้าส่วนภูมิภาค","ประกวดราคาอิเล็กทรอนิกส์ (e-bidding)","ระหว่างดำเนินการ","28/1/2026","24/4/2026","18/6/2027","บริษัท โชติภิวัฒน์ จำกัด","105561167196","1","บริษัท โชติภิวัฒน์ จำกัด","0105561167196","1","192343200.000000000000000","194205000.000000000000000","192333570.000000000000000","192333570.000000000000000","99.000000000000000","2","low","1","R1","ราคาตกลง ≥ 95% ของราคากลาง","","","","","","","","","","","","","","","กรุงเทพมหานคร","กทม","","","province","13.749969740000001","100.531981689999995","1","1","0","0","0","0","0","0","0","0","100.531981687579020","13.749969743295020"
"580","68129127319","ประกวดราคาจ้างก่อสร้างก่อสร้างอาคารที่พักอาศัย (แฟลต) 8 ชั้น 68 ครอบครัว พร้อมส่วนประกอบ จำนวน 1 หลัง ของ สถานีตำรวจภูธรเมืองฉะเชิงเทรา ด้วยวิธีประกวดราคาอิเล็กทรอนิกส์ (e-bidding)","จ้าง","สำนักงานตำรวจแห่งชาติ","ประกวดราคาอิเล็กทรอนิกส์ (e-bidding)","ระหว่างดำเนินการ","8/1/2026","17/4/2026","8/12/2027","บริษัท เอ็น เอส ดับบลิว คอนสตรัคชั่น 2017 จำกัด","905561005644","1","บริษัท เอ็น เอส ดับบลิว คอนสตรัคชั่น 2017 จำกัด","0905561005644","1","113300000.000000000000000","112514138.230000004172325","112450000.000000000000000","112450000.000000000000000","99.900000000000006","2","low","1","R1","ราคาตกลง ≥ 95% ของราคากลาง","","","","","","","","","","","","","","","จ.ฉะเชิงเทรา","ภาค 2","","","real","13.692049519999999","101.077504460000000","1","1","0","0","0","0","0","0","0","0","101.077504456029089","13.692049515776226"
"581","68129205811","ประกวดราคาซื้อเครื่องฉายรังสีชนิดเครื่องเร่งอนุภาคพลังงานสูงแบบสี่มิติ โรงพยาบาลร้อยเอ็ด ตำบลในเมือง อำเภอเมืองร้อยเอ็ด จังหวัดร้อยเอ็ด 1 เครื่อง ด้วยวิธีประกวดราคาอิเล็กทรอนิกส์ (e-bidding)","ซื้อ","โรงพยาบาลร้อยเอ็ด","ประกวดราคาอิเล็กทรอนิกส์ (e-bidding)","ระหว่างดำเนินการ","21/1/2026","24/4/2026","19/4/2027","บริษัท บิสซิเนสอะไลเม้นท์ จำกัด (มหาชน)","107559000079","1","บริษัท บิสซิเนสอะไลเม้นท์ จำกัด (มหาชน)","0107559000079","1","150000000.000000000000000","150000000.000000000000000","149990000.000000000000000","149990000.000000000000000","100.000000000000000","2","low","1","R1","ราคาตกลง ≥ 95% ของราคากลาง","","","","","","","","","","","","","","","จ.ร้อยเอ็ด","ภาค 4","","","province","16.039718879999999","103.637775989999994","1","1","0","0","0","0","0","0","0","0","103.637775985920285","16.039718876433163"
"602","69019270718","ประกวดราคาจ้างก่อสร้างโครงการพัฒนาพื้นที่และปรับปรุงภูมิทัศน์ ตำบลท่าตูม อำเภอท่าตูม จังหวัดสุรินทร์ ด้วยวิธีประกวดราคาอิเล็กทรอนิกส์ (e-bidding)","จ้าง","กรมโยธาธิการและผังเมือง","ประกวดราคาอิเล็กทรอนิกส์ (e-bidding)","ระหว่างดำเนินการ","30/1/2026","20/4/2026","23/5/2028","บริษัท สินเจริญสนม จำกัด","325560000644","1","บริษัท สินเจริญสนม จำกัด","0325560000644","1","120000000.000000000000000","119948000.000000000000000","118988000.000000000000000","118988000.000000000000000","99.200000000000003","2","low","1","R1","ราคาตกลง ≥ 95% ของราคากลาง","","","","","","","","","","","","","","","กรุงเทพมหานคร","กทม","","","real","15.302995749999999","103.674424720000005","1","1","0","0","0","0","0","0","0","0","103.674424724348086","15.302995751632372"
"582","68129252015","ประกวดราคาจ้างดำเนินโครงการยกระดับทักษะด้านดิจิทัลและปัญญาประดิษฐ์เพื่อคนไทย (TH-AI Passport) ด้วยวิธีประกวดราคาอิเล็กทรอนิกส์ (e-bidding)","จ้าง","สำนักงานคณะกรรมการดิจิทัลเพื่อเศรษฐกิจและสังคมแห่งชาติ (สดช.)","ประกวดราคาอิเล็กทรอนิกส์ (e-bidding)","ระหว่างดำเนินการ","24/12/2025","7/4/2026","29/9/2027","บริษัทจำกัด บริษัท ฮิวแมน อินเทลลิเจนท์ จำกัด(สัญญากิจการค้าร่วม)","105560017026","1","บริษัทจำกัด บริษัท ฮิวแมน อินเทลลิเจนท์ จำกัด(สัญญากิจการค้าร่วม) | บริษัทมหาชนจำกัด บริษัท เทิร์นคีย์ คอมมูนิเคชั่น เซอร์วิส จำกัด (มหาชน)(สัญญากิจการค้าร่วม)","0105560017026 | 0107564000219","2","1650000000.000000000000000","1645693860.000000000000000","1621000000.000000000000000","794290000.000000000000000","98.500000000000000","2","low","1","R1","ราคาตกลง ≥ 95% ของราคากลาง","","","","","","","","","","","","","","","กรุงเทพมหานคร","กทม","","","province","13.739706129999998","100.507728060000005","1","1","0","0","0","0","0","0","0","0","100.507728064239913","13.739706130390980"
"583","68129280124","ประกวดราคาเช่าโครงการขยายศูนย์ดิจิทัลชุมชนเพื่อการพาณิชย์อิเล็กทรอนิกส์ ด้วยวิธีประกวดราคาอิเล็กทรอนิกส์ (e-bidding)","เช่า","สำนักงานคณะกรรมการดิจิทัลเพื่อเศรษฐกิจและสังคมแห่งชาติ (สดช.)","ประกวดราคาอิเล็กทรอนิกส์ (e-bidding)","ระหว่างดำเนินการ","26/12/2025","24/4/2026","8/4/2029","บริษัท เทิร์นคีย์ คอมมูนิเคชั่น เซอร์วิส จำกัด (มหาชน)","107564000219","2","บริษัท เทิร์นคีย์ คอมมูนิเคชั่น เซอร์วิส จำกัด (มหาชน)","0107564000219","1","149377325.000000000000000","149377325.159999996423721","149200000.000000000000000","149200000.000000000000000","99.900000000000006","2","low","1","R1","ราคาตกลง ≥ 95% ของราคากลาง","","","","","","","","","","","","","","","กรุงเทพมหานคร","กทม","","","province","13.739699759999999","100.507621529999994","1","1","0","0","0","0","0","0","0","0","100.507621527640481","13.739699758594316"
"584","68129287112","ประกวดราคาจ้างก่อสร้างโครงการก่อสร้างปรับปรุงขยาย การประปาส่วนภูมิภาคสาขาโพนทอง อำเภอโพนทอง-เสลภูมิ-โพธิ์ชัย จังหวัดร้อยเอ็ด อำเภอร่องคำ จังหวัดกาฬสินธุ์ ด้วยวิธีประกวดราคาอิเล็กทรอนิกส์ (e-bidding)","จ้าง","การประปาส่วนภูมิภาค","ประกวดราคาอิเล็กทรอนิกส์ (e-bidding)","ระหว่างดำเนินการ","22/12/2025","20/4/2026","12/10/2027","บริษัท วิบูลย์โชค จำกัด","205565040971","1","บริษัท วิบูลย์โชค จำกัด","0205565040971","1","196108530.000000000000000","196108530.000000000000000","195800000.000000000000000","195800000.000000000000000","99.799999999999997","2","low","1","R1","ราคาตกลง ≥ 95% ของราคากลาง","","","","","","","","","","","","","","","จ.ขอนแก่น","ภาค 4","","","real","16.327433410000001","103.985701449999993","1","1","0","0","0","0","0","0","0","0","103.985701446448346","16.327433413120367"
"585","68129327148","ประกวดราคาเช่ารถจากเอกชนเพื่อใช้งานในราชการของ ทบ. (ระยะที่ ๓) จำนวน ๔ รายการ ด้วยวิธีประกวดราคาอิเล็กทรอนิกส์ (e-bidding)","เช่า","กองทัพบก","ประกวดราคาอิเล็กทรอนิกส์ (e-bidding)","ระหว่างดำเนินการ","29/12/2025","24/4/2026","30/4/2031","บริษัท อัลลายแอนซ์ เร้นท์คาร์ จำกัด","105547162280","1","บริษัท อัลลายแอนซ์ เร้นท์คาร์ จำกัด | บริษัท อาคเนย์แคปปิตอล จำกัด | บริษัท เอ็ม.แซท.ดี. คาร์เซ็นเตอร์ จำกัด","0105547162280 | 0105537045761 | 0105546121351","3","376519200.000000000000000","376519200.000000000000000","375137400.000000000000000","126602400.000000000000000","99.599999999999994","2","low","1","R1","ราคาตกลง ≥ 95% ของราคากลาง","","","","","","","","","","","","","","","กรุงเทพมหานคร","กทม","","","province","13.739585190000000","100.506584349999997","1","1","0","0","0","0","0","0","0","0","100.506584348983111","13.739585188390281"
"586","68129332280","ซื้อรถยนต์บรรทุก ขนาด 1 1/4 ตัน จำนวน 93 คัน โดยวิธีเฉพาะเจาะจง","ซื้อ","กองทัพบก","เฉพาะเจาะจง","ระหว่างดำเนินการ","","30/4/2026","30/3/2028","บริษัท ชานซ์ อินเตอร์ บิสซิเนส บอดี้บิลเดอร์ จำกัด","125562012854","1","บริษัท ชานซ์ อินเตอร์ บิสซิเนส บอดี้บิลเดอร์ จำกัด","0125562012854","1","911400000.000000000000000","911400000.000000000000000","911400000.000000000000000","911400000.000000000000000","100.000000000000000","5","high","2","R4|R1","ใช้วิธีเฉพาะเจาะจง | ราคาตกลง ≥ 95% ของราคากลาง","","","","","","","","","","","","","","","กรุงเทพมหานคร","กทม","","","province","13.739585670000000","100.506553710000006","1","1","0","1","0","0","0","0","0","0","100.506553711940370","13.739585669198537"
"615","69029191429","ประกวดราคาซื้อโครงการตามงบประมาณรายจ่ายประจำปีงบประมาณ พ.ศ. 2568 งบกลาง รายการค่าใช้จ่ายเพื่อการกระตุ้นเศรษฐกิจและสร้างความเข้มแข็งของระบบเศรษฐกิจ โครงการยกระดับความปลอดภัยพื้นที่ควบคุม Tourist Police First Responders  ด้วยวิธีประกวดราคาอิเล็กทรอนิกส์ (e-bidding)","ซื้อ","สำนักงานตำรวจแห่งชาติ","ประกวดราคาอิเล็กทรอนิกส์ (e-bidding)","ระหว่างดำเนินการ","16/2/2026","9/4/2026","6/9/2026","บริษัท ไอ ทู เอ็นเตอร์ไพรซ์ จำกัด (มหาชน)","107565000433","1","บริษัท ไอ ทู เอ็นเตอร์ไพรซ์ จำกัด (มหาชน)","0107565000433","1","158304500.000000000000000","158234000.000000000000000","158100000.000000000000000","158100000.000000000000000","99.900000000000006","2","low","1","R1","ราคาตกลง ≥ 95% ของราคากลาง","","","","","","","","","","","","","","","จ.สมุทรปราการ","ภาค 1","","","province","13.627400130000000","100.581044869999999","1","1","0","0","0","0","0","0","0","0","100.581044871043829","13.627400126228306"
"616","69029194055","ซื้อเสื้อเกราะป้องกันกระสุน จำนวน 2 รายการ โดยวิธีคัดเลือก","ซื้อ","สำนักงานตำรวจแห่งชาติ","คัดเลือก","ระหว่างดำเนินการ","","30/4/2026","26/3/2027","บริษัท นวไทยอุตสาหกรรม จำกัด","125556008786","1","บริษัท นวไทยอุตสาหกรรม จำกัด","0125556008786","1","219400000.000000000000000","217810000.000000000000000","217810000.000000000000000","217810000.000000000000000","100.000000000000000","2","low","1","R1","ราคาตกลง ≥ 95% ของราคากลาง","","","","","","","","","","","","","","","กรุงเทพมหานคร","กทม","","","province","13.777401260000000","100.521049120000001","1","1","0","0","0","0","0","0","0","0","100.521049117807749","13.777401260944448"
"617","69029305257","ประกวดราคาจ้างก่อสร้างงานวางท่อขยายเขตจำหน่ายน้ำ ถนนทางหลวงหมายเลข 319 (ทั้ง 2 ฝั่ง) ตำบลบางเดชะ ตำบลโคกปีบ อำเภอเมืองปราจีนบุรี อำเภอศรีมโหสถ จังหวัดปราจีนบุรี ด้วยวิธีประกวดราคาอิเล็กทรอนิกส์ (e-bidding)","จ้าง","การประปาส่วนภูมิภาค","ประกวดราคาอิเล็กทรอนิกส์ (e-bidding)","ระหว่างดำเนินการ","23/2/2026","30/4/2026","30/4/2027","บริษัท ป.วิไล จำกัด","205564003606","1","บริษัท ป.วิไล จำกัด","0205564003606","1","102831280.000000000000000","102831002.719999998807907","102200000.000000000000000","102200000.000000000000000","99.400000000000006","2","low","1","R1","ราคาตกลง ≥ 95% ของราคากลาง","","","","","","","","","","","","","","","จ.ชลบุรี","ภาค 2","","","real","13.993418320000000","101.357818800000004","1","1","0","0","0","0","0","0","0","0","101.357818803297803","13.993418322254053"
"618","69029378045","จ้างโครงการเพิ่มประสิทธิภาพสายการผลิตกระสุนปืนใหญ่เพื่ออุตสาหกรรมป้องกันประเทศ โดยวิธีเฉพาะเจาะจง","จ้าง","สำนักงานปลัดกระทรวงกลาโหม","เฉพาะเจาะจง","ระหว่างดำเนินการ","","27/4/2026","22/4/2027","บริษัท บาราน (ไทยแลนด์)  จำกัด","105545032591","1","บริษัท บาราน (ไทยแลนด์)  จำกัด","0105545032591","1","140000000.000000000000000","139773000.000000000000000","138550000.000000000000000","138550000.000000000000000","99.099999999999994","5","high","2","R4|R1","ใช้วิธีเฉพาะเจาะจง | ราคาตกลง ≥ 95% ของราคากลาง","","","","","","","","","","","","","","","จ.ลพบุรี","ภาค 1","","","province","14.818360690000000","100.653489570000005","1","1","0","1","0","0","0","0","0","0","100.653489568217083","14.818360690277956"
"619","69029506531","ซื้อรายการปรับปรุงและบำรุงรักษาโครงการพัฒนาการสืบสวนสมัยใหม่ ของสำนักงานตำรวจแห่งชาติ รายการชุดเครื่องมือตรวจจับตำแหน่งสัญญาณโทรศัพท์ระบบแอคทีฟชนิดความถี่กว้าง ระยะที่ 2 จำนวน 21 ชุด โดยวิธีเฉพาะเจาะจง","ซื้อ","สำนักงานตำรวจแห่งชาติ","เฉพาะเจาะจง","ระหว่างดำเนินการ","","16/4/2026","10/2/2027","บริษัท สหพิพัฒนกิจ จำกัด","345556000732","2","บริษัท สหพิพัฒนกิจ จำกัด","0345556000732","1","135550800.000000000000000","135550800.000000000000000","135303000.000000000000000","135303000.000000000000000","99.799999999999997","5","high","2","R4|R1","ใช้วิธีเฉพาะเจาะจง | ราคาตกลง ≥ 95% ของราคากลาง","","","","","","","","","","","","","","","กรุงเทพมหานคร","กทม","","","province","13.779033080000000","100.525830120000009","1","1","0","1","0","0","0","0","0","0","100.525830119734778","13.779033078042238"
"620","69039021235","ซื้อน้ำมันเชื้อเพลิงภาคพื้น ชนิด แก๊สโซฮอล์ ๙๕, ดีเซลหมุนเร็ว, เบนซินชนิดที่ ๑ และน้ำมันเตา -1500 จำนวน ๔ รายการ โดยวิธีเฉพาะเจาะจง","ซื้อ","กองทัพอากาศ","เฉพาะเจาะจง","ระหว่างดำเนินการ","","3/4/2026","30/9/2026","บริษัท ปตท. จำกัด(มหาชน)","107544000108","3","บริษัท ปตท. จำกัด(มหาชน)","0107544000108","1","185378016.000000000000000","185378016.000000000000000","185378016.000000000000000","185378016.000000000000000","100.000000000000000","5","high","2","R4|R1","ใช้วิธีเฉพาะเจาะจง | ราคาตกลง ≥ 95% ของราคากลาง","","","","","","","","","","","","","","","กรุงเทพมหานคร","กทม","","","province","13.725048520000000","100.537812410000001","1","1","0","1","0","0","0","0","0","0","100.537812406848175","13.725048517323286"
"621","69039165958","ซื้อรถหุ้มเกราะล้อยาง (๘x๘) ชนิดลำเลียงพล  โดยวิธีเฉพาะเจาะจง","ซื้อ","กองทัพเรือ","เฉพาะเจาะจง","ระหว่างดำเนินการ","","29/4/2026","25/12/2026","บริษัท ชัยเสรีเม็ททอลแอนด์รับเบอร์ จำกัด","135533001424","1","บริษัท ชัยเสรีเม็ททอลแอนด์รับเบอร์ จำกัด","0135533001424","1","504000000.000000000000000","504000000.000000000000000","503980000.000000000000000","503980000.000000000000000","100.000000000000000","5","high","2","R4|R1","ใช้วิธีเฉพาะเจาะจง | ราคาตกลง ≥ 95% ของราคากลาง","","","","","","","","","","","","","","","กรุงเทพมหานคร","กทม","","","province","13.723752270000000","100.536897420000003","1","1","0","1","0","0","0","0","0","0","100.536897419730693","13.723752273857031"
"622","69039252966","ซื้อโครงการรถตรวจสอบยานพาหนะด้วยระบบเอกซเรย์แบบส่องผ่านและแบบสะท้อนกลับ (Z-Backscatter  Transmission Vehicle) จำนวน 3 คัน โดยวิธีคัดเลือก","ซื้อ","สำนักงานตำรวจแห่งชาติ","คัดเลือก","ระหว่างดำเนินการ","","29/4/2026","24/4/2027","บริษัท นุ๊กเทค (ไทยแลนด์) จำกัด","105555040899","1","บริษัท นุ๊กเทค (ไทยแลนด์) จำกัด","0105555040899","1","846000000.000000000000000","846000000.000000000000000","840699000.000000000000000","840699000.000000000000000","99.400000000000006","2","low","1","R1","ราคาตกลง ≥ 95% ของราคากลาง","","","","","","","","","","","","","","","กรุงเทพมหานคร","กทม","","","province","13.722668250000000","100.536052120000008","1","1","0","0","0","0","0","0","0","0","100.536052122116331","13.722668249588775"
"623","69039478069","ซื้อรถยนต์ตรวจการณ์พร้อมติดตั้งเครื่องป้องกันการจุดระเบิดด้วยเครื่องความถี่โทรศัพท์วิทยุมือถือและรีโมทคอนโทรล พร้อมอุปกรณ์ จำนวน 8 คัน โดยวิธีคัดเลือก","ซื้อ","สำนักงานตำรวจแห่งชาติ","คัดเลือก","ระหว่างดำเนินการ","","30/4/2026","25/1/2027","บริษัท ยูนิเวอร์แซล เมทริกซ์ เทคโนโลยี จำกัด","105542082938","3","บริษัท ยูนิเวอร์แซล เมทริกซ์ เทคโนโลยี จำกัด","0105542082938","1","144000000.000000000000000","144000000.000000000000000","143872000.000000000000000","143872000.000000000000000","99.900000000000006","2","low","1","R1","ราคาตกลง ≥ 95% ของราคากลาง","","","","","","","","","","","","","","","กรุงเทพมหานคร","กทม","","","province","13.720463470000000","100.534008800000009","1","1","0","0","0","0","0","0","0","0","100.534008805187895","13.720463466216083"
"624","69039595282","ซื้อน้ำมันดีเซลหมุนเร็ว ไม่ผสมไบโอดีเซล (ทางเรือ) จัดซื้อที่อุณหภูมิปกติ จำนวน 1,826,725.6361 ลิตร โดยวิธีเฉพาะเจาะจง","ซื้อ","กองทัพเรือ","เฉพาะเจาะจง","ระหว่างดำเนินการ","","3/4/2026","30/9/2026","บริษัท ปตท. จำกัด(มหาชน)","107544000108","3","บริษัท ปตท. จำกัด(มหาชน)","0107544000108","1","106232316.000000000000000","106232316.000000000000000","106232316.000000000000000","106232316.000000000000000","100.000000000000000","5","high","2","R4|R1","ใช้วิธีเฉพาะเจาะจง | ราคาตกลง ≥ 95% ของราคากลาง","","","","","","","","","","","","","","","กรุงเทพมหานคร","กทม","","","province","13.719401250000001","100.532847919999995","1","1","0","1","0","0","0","0","0","0","100.532847924024352","13.719401255233619"
"625","69049021620","ซื้ออุปกรณ์ระบบตรวจจับและแทรกแซงอากาศยานไร้คนขับ เพื่อใช้ภารกิจการรักษาความปลอดภัยสถานที่และบุคคลสำคัญ จำนวน 1 โครงการ โดยวิธีคัดเลือก","ซื้อ","สำนักงานตำรวจแห่งชาติ","คัดเลือก","ระหว่างดำเนินการ","","30/4/2026","26/12/2026","บริษัท ยูนิเวอร์แซล เมทริกซ์ เทคโนโลยี จำกัด","105542082938","3","บริษัท ยูนิเวอร์แซล เมทริกซ์ เทคโนโลยี จำกัด","0105542082938","1","150000000.000000000000000","150000000.000000000000000","149800000.000000000000000","149800000.000000000000000","99.900000000000006","2","low","1","R1","ราคาตกลง ≥ 95% ของราคากลาง","","","","","","","","","","","","","","","กรุงเทพมหานคร","กทม","","","province","13.762239749999999","100.487751410000001","1","1","0","0","0","0","0","0","0","0","100.487751406206769","13.762239751311830"
"626","69049184116","ซื้อระบบรบกวนสัญญาณการจุดระเบิดของรถยนต์ประจำชุดตรวจเก็บกู้และทำลายวัตถุระเบิด จำนวน 11 ชุด โดยวิธีคัดเลือก","ซื้อ","สำนักงานตำรวจแห่งชาติ","คัดเลือก","ระหว่างดำเนินการ","","30/4/2026","25/1/2027","บริษัท ยูนิเวอร์แซล เมทริกซ์ เทคโนโลยี จำกัด","105542082938","3","บริษัท ยูนิเวอร์แซล เมทริกซ์ เทคโนโลยี จำกัด","0105542082938","1","110000000.000000000000000","110000000.000000000000000","109884500.000000000000000","109884500.000000000000000","99.900000000000006","2","low","1","R1","ราคาตกลง ≥ 95% ของราคากลาง","","","","","","","","","","","","","","","กรุงเทพมหานคร","กทม","","","province","13.764024099999999","100.487895069999993","1","1","0","0","0","0","0","0","0","0","100.487895071973554","13.764024102511202"
"627","69049363108","ซื้อน้ำมันเชื้อเพลิง จำนวน 6 รายการ โดยวิธีเฉพาะเจาะจง","ซื้อ","กองทัพบก","เฉพาะเจาะจง","ระหว่างดำเนินการ","","29/4/2026","6/10/2026","บริษัท ปตท. จำกัด(มหาชน)","107544000108","3","บริษัท ปตท. จำกัด(มหาชน)","0107544000108","1","191078244.810000002384186","191078244.810000002384186","191078244.810000002384186","191078244.810000002384186","100.000000000000000","5","high","2","R4|R1","ใช้วิธีเฉพาะเจาะจง | ราคาตกลง ≥ 95% ของราคากลาง","","","","","","","","","","","","","","","จ.นนทบุรี","ภาค 1","","","province","13.876945639999999","100.478324830000005","1","1","0","1","0","0","0","0","0","0","100.478324826975040","13.876945636554492"
"628","69029503331","ซื้อโครงการพัฒนาการสืบสวนสมัยใหม่ของสำนักงานตำรวจแห่งชาติ ระยะที่ 3 จำนวน 1 โครงการ โดยวิธีเฉพาะเจาะจง","ซื้อ","กองสรรพาวุธ สำนักงานส่งกำลังบำรุง","เฉพาะเจาะจง","อนุมัติสั่งซื้อสั่งจ้างและประกาศผู้ชนะการเสนอราคา","1/8/2025","","","บริษัท สหพิพัฒนกิจ จำกัด","","1","บริษัท สหพิพัฒนกิจ จำกัด","","1","497800000.000000000000000","497800000.000000000000000","494950000.000000000000000","494950000.000000000000000","99.400000000000006","5","high","2","R4|R1","ใช้วิธีเฉพาะเจาะจง | ราคาตกลง ≥ 95% ของราคากลาง","1","","","","","","0.000000000000000","","","","","","","","กรุงเทพมหานคร","กทม","กรุงเทพมหานคร","manual","province","13.779032620000001","100.525825879999999","1","1","0","1","0","0","0","0","0","0","100.525825884178246","13.779032621744037"
